2026-06-01 22:14:41,670 [background-preinit] INFO  o.h.validator.internal.util.Version                - HV000001: Hibernate Validator 8.0.2.Final
2026-06-01 22:14:41,903 [main] INFO  c.e.s.java.server.JavaServerApplication            - Starting JavaServerApplication using Java 21.0.10 with PID 6900 (C:\Users\浣熊\Downloads\java-fx\java-server\target\classes started by 浣熊 in C:\Users\浣熊\Downloads\java-fx\java-server)
2026-06-01 22:14:41,904 [main] INFO  c.e.s.java.server.JavaServerApplication            - No active profile set, falling back to 1 default profile: "default"
2026-06-01 22:14:43,623 [main] INFO  o.s.d.r.c.RepositoryConfigurationDelegate          - Multiple Spring Data modules found, entering strict repository configuration mode
2026-06-01 22:14:43,625 [main] INFO  o.s.d.r.c.RepositoryConfigurationDelegate          - Bootstrapping Spring Data JPA repositories in DEFAULT mode.
2026-06-01 22:14:43,891 [main] INFO  o.s.d.r.c.RepositoryConfigurationDelegate          - Finished Spring Data repository scanning in 257 ms. Found 33 JPA repository interfaces.
2026-06-01 22:14:43,914 [main] INFO  o.s.d.r.c.RepositoryConfigurationDelegate          - Multiple Spring Data modules found, entering strict repository configuration mode
2026-06-01 22:14:43,915 [main] INFO  o.s.d.r.c.RepositoryConfigurationDelegate          - Bootstrapping Spring Data Redis repositories in DEFAULT mode.
2026-06-01 22:14:43,933 [main] INFO  o.s.d.r.c.RepositoryConfigurationExtensionSupport  - Spring Data Redis - Could not safely identify store assignment for repository candidate interface cn.edu.sdu.java.server.repositorys.AnswerRepository; If you want this repository to be a Redis repository, consider annotating your entities with one of these annotations: org.springframework.data.redis.core.RedisHash (preferred), or consider extending one of the following types with your repository: org.springframework.data.keyvalue.repository.KeyValueRepository
2026-06-01 22:14:43,933 [main] INFO  o.s.d.r.c.RepositoryConfigurationExtensionSupport  - Spring Data Redis - Could not safely identify store assignment for repository candidate interface cn.edu.sdu.java.server.repositorys.CourseRepository; If you want this repository to be a Redis repository, consider annotating your entities with one of these annotations: org.springframework.data.redis.core.RedisHash (preferred), or consider extending one of the following types with your repository: org.springframework.data.keyvalue.repository.KeyValueRepository
2026-06-01 22:14:43,933 [main] INFO  o.s.d.r.c.RepositoryConfigurationExtensionSupport  - Spring Data Redis - Could not safely identify store assignment for repository candidate interface cn.edu.sdu.java.server.repositorys.CoursewareRepository; If you want this repository to be a Redis repository, consider annotating your entities with one of these annotations: org.springframework.data.redis.core.RedisHash (preferred), or consider extending one of the following types with your repository: org.springframework.data.keyvalue.repository.KeyValueRepository
2026-06-01 22:14:43,933 [main] INFO  o.s.d.r.c.RepositoryConfigurationExtensionSupport  - Spring Data Redis - Could not safely identify store assignment for repository candidate interface cn.edu.sdu.java.server.repositorys.DictionaryInfoRepository; If you want this repository to be a Redis repository, consider annotating your entities with one of these annotations: org.springframework.data.redis.core.RedisHash (preferred), or consider extending one of the following types with your repository: org.springframework.data.keyvalue.repository.KeyValueRepository
2026-06-01 22:14:43,933 [main] INFO  o.s.d.r.c.RepositoryConfigurationExtensionSupport  - Spring Data Redis - Could not safely identify store assignment for repository candidate interface cn.edu.sdu.java.server.repositorys.FamilyMemberRepository; If you want this repository to be a Redis repository, consider annotating your entities with one of these annotations: org.springframework.data.redis.core.RedisHash (preferred), or consider extending one of the following types with your repository: org.springframework.data.keyvalue.repository.KeyValueRepository
2026-06-01 22:14:43,933 [main] INFO  o.s.d.r.c.RepositoryConfigurationExtensionSupport  - Spring Data Redis - Could not safely identify store assignment for repository candidate interface cn.edu.sdu.java.server.repositorys.FeeRepository; If you want this repository to be a Redis repository, consider annotating your entities with one of these annotations: org.springframework.data.redis.core.RedisHash (preferred), or consider extending one of the following types with your repository: org.springframework.data.keyvalue.repository.KeyValueRepository
2026-06-01 22:14:43,933 [main] INFO  o.s.d.r.c.RepositoryConfigurationExtensionSupport  - Spring Data Redis - Could not safely identify store assignment for repository candidate interface cn.edu.sdu.java.server.repositorys.KeyTopicRepository; If you want this repository to be a Redis repository, consider annotating your entities with one of these annotations: org.springframework.data.redis.core.RedisHash (preferred), or consider extending one of the following types with your repository: org.springframework.data.keyvalue.repository.KeyValueRepository
2026-06-01 22:14:43,933 [main] INFO  o.s.d.r.c.RepositoryConfigurationExtensionSupport  - Spring Data Redis - Could not safely identify store assignment for repository candidate interface cn.edu.sdu.java.server.repositorys.MenuInfoRepository; If you want this repository to be a Redis repository, consider annotating your entities with one of these annotations: org.springframework.data.redis.core.RedisHash (preferred), or consider extending one of the following types with your repository: org.springframework.data.keyvalue.repository.KeyValueRepository
2026-06-01 22:14:43,933 [main] INFO  o.s.d.r.c.RepositoryConfigurationExtensionSupport  - Spring Data Redis - Could not safely identify store assignment for repository candidate interface cn.edu.sdu.java.server.repositorys.ModifyLogRepository; If you want this repository to be a Redis repository, consider annotating your entities with one of these annotations: org.springframework.data.redis.core.RedisHash (preferred), or consider extending one of the following types with your repository: org.springframework.data.keyvalue.repository.KeyValueRepository
2026-06-01 22:14:43,933 [main] INFO  o.s.d.r.c.RepositoryConfigurationExtensionSupport  - Spring Data Redis - Could not safely identify store assignment for repository candidate interface cn.edu.sdu.java.server.repositorys.NoticeReadRepository; If you want this repository to be a Redis repository, consider annotating your entities with one of these annotations: org.springframework.data.redis.core.RedisHash (preferred), or consider extending one of the following types with your repository: org.springframework.data.keyvalue.repository.KeyValueRepository
2026-06-01 22:14:43,933 [main] INFO  o.s.d.r.c.RepositoryConfigurationExtensionSupport  - Spring Data Redis - Could not safely identify store assignment for repository candidate interface cn.edu.sdu.java.server.repositorys.NoticeRepository; If you want this repository to be a Redis repository, consider annotating your entities with one of these annotations: org.springframework.data.redis.core.RedisHash (preferred), or consider extending one of the following types with your repository: org.springframework.data.keyvalue.repository.KeyValueRepository
2026-06-01 22:14:43,933 [main] INFO  o.s.d.r.c.RepositoryConfigurationExtensionSupport  - Spring Data Redis - Could not safely identify store assignment for repository candidate interface cn.edu.sdu.java.server.repositorys.NoticeTargetRepository; If you want this repository to be a Redis repository, consider annotating your entities with one of these annotations: org.springframework.data.redis.core.RedisHash (preferred), or consider extending one of the following types with your repository: org.springframework.data.keyvalue.repository.KeyValueRepository
2026-06-01 22:14:43,934 [main] INFO  o.s.d.r.c.RepositoryConfigurationExtensionSupport  - Spring Data Redis - Could not safely identify store assignment for repository candidate interface cn.edu.sdu.java.server.repositorys.PersonRepository; If you want this repository to be a Redis repository, consider annotating your entities with one of these annotations: org.springframework.data.redis.core.RedisHash (preferred), or consider extending one of the following types with your repository: org.springframework.data.keyvalue.repository.KeyValueRepository
2026-06-01 22:14:43,934 [main] INFO  o.s.d.r.c.RepositoryConfigurationExtensionSupport  - Spring Data Redis - Could not safely identify store assignment for repository candidate interface cn.edu.sdu.java.server.repositorys.PracticeMemberRepository; If you want this repository to be a Redis repository, consider annotating your entities with one of these annotations: org.springframework.data.redis.core.RedisHash (preferred), or consider extending one of the following types with your repository: org.springframework.data.keyvalue.repository.KeyValueRepository
2026-06-01 22:14:43,934 [main] INFO  o.s.d.r.c.RepositoryConfigurationExtensionSupport  - Spring Data Redis - Could not safely identify store assignment for repository candidate interface cn.edu.sdu.java.server.repositorys.PracticeProjectRepository; If you want this repository to be a Redis repository, consider annotating your entities with one of these annotations: org.springframework.data.redis.core.RedisHash (preferred), or consider extending one of the following types with your repository: org.springframework.data.keyvalue.repository.KeyValueRepository
2026-06-01 22:14:43,935 [main] INFO  o.s.d.r.c.RepositoryConfigurationExtensionSupport  - Spring Data Redis - Could not safely identify store assignment for repository candidate interface cn.edu.sdu.java.server.repositorys.PracticeReviewRepository; If you want this repository to be a Redis repository, consider annotating your entities with one of these annotations: org.springframework.data.redis.core.RedisHash (preferred), or consider extending one of the following types with your repository: org.springframework.data.keyvalue.repository.KeyValueRepository
2026-06-01 22:14:43,935 [main] INFO  o.s.d.r.c.RepositoryConfigurationExtensionSupport  - Spring Data Redis - Could not safely identify store assignment for repository candidate interface cn.edu.sdu.java.server.repositorys.PracticeSummaryRepository; If you want this repository to be a Redis repository, consider annotating your entities with one of these annotations: org.springframework.data.redis.core.RedisHash (preferred), or consider extending one of the following types with your repository: org.springframework.data.keyvalue.repository.KeyValueRepository
2026-06-01 22:14:43,935 [main] INFO  o.s.d.r.c.RepositoryConfigurationExtensionSupport  - Spring Data Redis - Could not safely identify store assignment for repository candidate interface cn.edu.sdu.java.server.repositorys.QuestionnaireRepository; If you want this repository to be a Redis repository, consider annotating your entities with one of these annotations: org.springframework.data.redis.core.RedisHash (preferred), or consider extending one of the following types with your repository: org.springframework.data.keyvalue.repository.KeyValueRepository
2026-06-01 22:14:43,935 [main] INFO  o.s.d.r.c.RepositoryConfigurationExtensionSupport  - Spring Data Redis - Could not safely identify store assignment for repository candidate interface cn.edu.sdu.java.server.repositorys.QuestionOptionRepository; If you want this repository to be a Redis repository, consider annotating your entities with one of these annotations: org.springframework.data.redis.core.RedisHash (preferred), or consider extending one of the following types with your repository: org.springframework.data.keyvalue.repository.KeyValueRepository
2026-06-01 22:14:43,935 [main] INFO  o.s.d.r.c.RepositoryConfigurationExtensionSupport  - Spring Data Redis - Could not safely identify store assignment for repository candidate interface cn.edu.sdu.java.server.repositorys.QuestionRepository; If you want this repository to be a Redis repository, consider annotating your entities with one of these annotations: org.springframework.data.redis.core.RedisHash (preferred), or consider extending one of the following types with your repository: org.springframework.data.keyvalue.repository.KeyValueRepository
2026-06-01 22:14:43,935 [main] INFO  o.s.d.r.c.RepositoryConfigurationExtensionSupport  - Spring Data Redis - Could not safely identify store assignment for repository candidate interface cn.edu.sdu.java.server.repositorys.ResponseRepository; If you want this repository to be a Redis repository, consider annotating your entities with one of these annotations: org.springframework.data.redis.core.RedisHash (preferred), or consider extending one of the following types with your repository: org.springframework.data.keyvalue.repository.KeyValueRepository
2026-06-01 22:14:43,936 [main] INFO  o.s.d.r.c.RepositoryConfigurationExtensionSupport  - Spring Data Redis - Could not safely identify store assignment for repository candidate interface cn.edu.sdu.java.server.repositorys.SchoolBusCampusRepository; If you want this repository to be a Redis repository, consider annotating your entities with one of these annotations: org.springframework.data.redis.core.RedisHash (preferred), or consider extending one of the following types with your repository: org.springframework.data.keyvalue.repository.KeyValueRepository
2026-06-01 22:14:43,936 [main] INFO  o.s.d.r.c.RepositoryConfigurationExtensionSupport  - Spring Data Redis - Could not safely identify store assignment for repository candidate interface cn.edu.sdu.java.server.repositorys.SchoolBusReservationRepository; If you want this repository to be a Redis repository, consider annotating your entities with one of these annotations: org.springframework.data.redis.core.RedisHash (preferred), or consider extending one of the following types with your repository: org.springframework.data.keyvalue.repository.KeyValueRepository
2026-06-01 22:14:43,936 [main] INFO  o.s.d.r.c.RepositoryConfigurationExtensionSupport  - Spring Data Redis - Could not safely identify store assignment for repository candidate interface cn.edu.sdu.java.server.repositorys.SchoolBusScheduleRepository; If you want this repository to be a Redis repository, consider annotating your entities with one of these annotations: org.springframework.data.redis.core.RedisHash (preferred), or consider extending one of the following types with your repository: org.springframework.data.keyvalue.repository.KeyValueRepository
2026-06-01 22:14:43,937 [main] INFO  o.s.d.r.c.RepositoryConfigurationExtensionSupport  - Spring Data Redis - Could not safely identify store assignment for repository candidate interface cn.edu.sdu.java.server.repositorys.ScoreRepository; If you want this repository to be a Redis repository, consider annotating your entities with one of these annotations: org.springframework.data.redis.core.RedisHash (preferred), or consider extending one of the following types with your repository: org.springframework.data.keyvalue.repository.KeyValueRepository
2026-06-01 22:14:43,937 [main] INFO  o.s.d.r.c.RepositoryConfigurationExtensionSupport  - Spring Data Redis - Could not safely identify store assignment for repository candidate interface cn.edu.sdu.java.server.repositorys.StatisticsDayRepository; If you want this repository to be a Redis repository, consider annotating your entities with one of these annotations: org.springframework.data.redis.core.RedisHash (preferred), or consider extending one of the following types with your repository: org.springframework.data.keyvalue.repository.KeyValueRepository
2026-06-01 22:14:43,938 [main] INFO  o.s.d.r.c.RepositoryConfigurationExtensionSupport  - Spring Data Redis - Could not safely identify store assignment for repository candidate interface cn.edu.sdu.java.server.repositorys.StudentLeaveRepository; If you want this repository to be a Redis repository, consider annotating your entities with one of these annotations: org.springframework.data.redis.core.RedisHash (preferred), or consider extending one of the following types with your repository: org.springframework.data.keyvalue.repository.KeyValueRepository
2026-06-01 22:14:43,938 [main] INFO  o.s.d.r.c.RepositoryConfigurationExtensionSupport  - Spring Data Redis - Could not safely identify store assignment for repository candidate interface cn.edu.sdu.java.server.repositorys.StudentRepository; If you want this repository to be a Redis repository, consider annotating your entities with one of these annotations: org.springframework.data.redis.core.RedisHash (preferred), or consider extending one of the following types with your repository: org.springframework.data.keyvalue.repository.KeyValueRepository
2026-06-01 22:14:43,938 [main] INFO  o.s.d.r.c.RepositoryConfigurationExtensionSupport  - Spring Data Redis - Could not safely identify store assignment for repository candidate interface cn.edu.sdu.java.server.repositorys.StudentStatisticsRepository; If you want this repository to be a Redis repository, consider annotating your entities with one of these annotations: org.springframework.data.redis.core.RedisHash (preferred), or consider extending one of the following types with your repository: org.springframework.data.keyvalue.repository.KeyValueRepository
2026-06-01 22:14:43,938 [main] INFO  o.s.d.r.c.RepositoryConfigurationExtensionSupport  - Spring Data Redis - Could not safely identify store assignment for repository candidate interface cn.edu.sdu.java.server.repositorys.SystemInfoRepository; If you want this repository to be a Redis repository, consider annotating your entities with one of these annotations: org.springframework.data.redis.core.RedisHash (preferred), or consider extending one of the following types with your repository: org.springframework.data.keyvalue.repository.KeyValueRepository
2026-06-01 22:14:43,938 [main] INFO  o.s.d.r.c.RepositoryConfigurationExtensionSupport  - Spring Data Redis - Could not safely identify store assignment for repository candidate interface cn.edu.sdu.java.server.repositorys.TeacherRepository; If you want this repository to be a Redis repository, consider annotating your entities with one of these annotations: org.springframework.data.redis.core.RedisHash (preferred), or consider extending one of the following types with your repository: org.springframework.data.keyvalue.repository.KeyValueRepository
2026-06-01 22:14:43,938 [main] INFO  o.s.d.r.c.RepositoryConfigurationExtensionSupport  - Spring Data Redis - Could not safely identify store assignment for repository candidate interface cn.edu.sdu.java.server.repositorys.UserRepository; If you want this repository to be a Redis repository, consider annotating your entities with one of these annotations: org.springframework.data.redis.core.RedisHash (preferred), or consider extending one of the following types with your repository: org.springframework.data.keyvalue.repository.KeyValueRepository
2026-06-01 22:14:43,938 [main] INFO  o.s.d.r.c.RepositoryConfigurationExtensionSupport  - Spring Data Redis - Could not safely identify store assignment for repository candidate interface cn.edu.sdu.java.server.repositorys.UserTypeRepository; If you want this repository to be a Redis repository, consider annotating your entities with one of these annotations: org.springframework.data.redis.core.RedisHash (preferred), or consider extending one of the following types with your repository: org.springframework.data.keyvalue.repository.KeyValueRepository
2026-06-01 22:14:43,939 [main] INFO  o.s.d.r.c.RepositoryConfigurationDelegate          - Finished Spring Data repository scanning in 14 ms. Found 0 Redis repository interfaces.
2026-06-01 22:14:44,514 [main] INFO  o.s.b.w.embedded.tomcat.TomcatWebServer            - Tomcat initialized with port 22222 (http)
2026-06-01 22:14:44,525 [main] INFO  o.apache.coyote.http11.Http11NioProtocol           - Initializing ProtocolHandler ["http-nio-22222"]
2026-06-01 22:14:44,527 [main] INFO  o.apache.catalina.core.StandardService             - Starting service [Tomcat]
2026-06-01 22:14:44,528 [main] INFO  org.apache.catalina.core.StandardEngine            - Starting Servlet engine: [Apache Tomcat/10.1.34]
2026-06-01 22:14:44,613 [main] INFO  o.a.c.c.C.[Tomcat].[localhost].[/]                 - Initializing Spring embedded WebApplicationContext
2026-06-01 22:14:44,613 [main] INFO  o.s.b.w.s.c.ServletWebServerApplicationContext     - Root WebApplicationContext: initialization completed in 2534 ms
2026-06-01 22:14:44,714 [main] INFO  o.hibernate.jpa.internal.util.LogHelper            - HHH000204: Processing PersistenceUnitInfo [name: default]
2026-06-01 22:14:44,791 [main] INFO  org.hibernate.Version                              - HHH000412: Hibernate ORM core version 6.6.5.Final
2026-06-01 22:14:44,828 [main] INFO  o.h.c.internal.RegionFactoryInitiator              - HHH000026: Second-level cache disabled
2026-06-01 22:14:45,093 [main] INFO  o.s.o.j.p.SpringPersistenceUnitInfo                - No LoadTimeWeaver setup: ignoring JPA class transformer
2026-06-01 22:14:45,120 [main] INFO  com.zaxxer.hikari.HikariDataSource                 - HikariPool-1 - Starting...
2026-06-01 22:14:54,856 [main] INFO  com.zaxxer.hikari.pool.HikariPool                  - HikariPool-1 - Added connection com.mysql.cj.jdbc.ConnectionImpl@6807989e
2026-06-01 22:14:54,858 [main] INFO  com.zaxxer.hikari.HikariDataSource                 - HikariPool-1 - Start completed.
2026-06-01 22:14:54,941 [main] INFO  org.hibernate.orm.connections.pooling              - HHH10001005: Database info:
	Database JDBC URL [Connecting through datasource 'HikariDataSource (HikariPool-1)']
	Database driver: undefined/unknown
	Database version: 8.0.35
	Autocommit mode: undefined/unknown
	Isolation level: undefined/unknown
	Minimum pool size: undefined/unknown
	Maximum pool size: undefined/unknown
2026-06-01 22:14:55,867 [main] INFO  o.h.e.t.j.p.i.JtaPlatformInitiator                 - HHH000489: No JTA platform available (set 'hibernate.transaction.jta.platform' to enable JTA platform integration)
2026-06-01 22:14:56,435 [main] INFO  o.s.o.j.LocalContainerEntityManagerFactoryBean     - Initialized JPA EntityManagerFactory for persistence unit 'default'
2026-06-01 22:14:56,600 [main] INFO  o.s.d.j.r.query.QueryEnhancerFactory               - Hibernate is in classpath; If applicable, HQL parser will be used.
2026-06-01 22:14:57,052 [main] WARN  o.s.b.a.o.j.JpaBaseConfiguration$JpaWebConfiguration - spring.jpa.open-in-view is enabled by default. Therefore, database queries may be performed during view rendering. Explicitly configure spring.jpa.open-in-view to disable this warning
2026-06-01 22:14:57,368 [main] INFO  o.s.s.c.a.a.c.InitializeAuthenticationProviderBeanManagerConfigurer$InitializeAuthenticationProviderManagerConfigurer - Global AuthenticationManager configured with AuthenticationProvider bean with name authenticationProvider
2026-06-01 22:14:57,368 [main] WARN  o.s.s.c.a.a.c.InitializeUserDetailsBeanManagerConfigurer$InitializeUserDetailsManagerConfigurer - Global AuthenticationManager configured with an AuthenticationProvider bean. UserDetailsService beans will not be used by Spring Security for automatically configuring username/password login. Consider removing the AuthenticationProvider bean. Alternatively, consider using the UserDetailsService in a manually instantiated DaoAuthenticationProvider. If the current configuration is intentional, to turn off this warning, increase the logging level of 'org.springframework.security.config.annotation.authentication.configuration.InitializeUserDetailsBeanManagerConfigurer' to ERROR
2026-06-01 22:14:58,063 [main] INFO  o.s.b.a.w.s.WelcomePageHandlerMapping              - Adding welcome page: class path resource [public/index.html]
2026-06-01 22:14:58,497 [main] INFO  o.apache.coyote.http11.Http11NioProtocol           - Starting ProtocolHandler ["http-nio-22222"]
2026-06-01 22:14:58,514 [main] INFO  o.s.b.w.embedded.tomcat.TomcatWebServer            - Tomcat started on port 22222 (http) with context path '/'
2026-06-01 22:14:58,519 [main] INFO  c.e.s.java.server.JavaServerApplication            - Started JavaServerApplication in 17.883 seconds (process running for 18.638)
2026-06-01 22:14:58,521 [main] INFO  c.e.s.j.server.SystemApplicationListener           - org.springframework.boot.context.event.ApplicationReadyEvent[source=org.springframework.boot.SpringApplication@8a84905]
2026-06-01 22:14:58,521 [main] INFO  c.e.s.j.server.SystemApplicationListener           - SystemInitStart
2026-06-01 22:14:58,683 [main] INFO  c.e.s.j.server.SystemApplicationListener           - systemInitEnd
2026-06-01 22:16:26,083 [http-nio-22222-exec-1] INFO  o.a.c.c.C.[Tomcat].[localhost].[/]                 - Initializing Spring DispatcherServlet 'dispatcherServlet'
2026-06-01 22:16:26,084 [http-nio-22222-exec-1] INFO  o.s.web.servlet.DispatcherServlet                  - Initializing Servlet 'dispatcherServlet'
2026-06-01 22:16:26,085 [http-nio-22222-exec-1] INFO  o.s.web.servlet.DispatcherServlet                  - Completed initialization in 1 ms
2026-06-01 22:16:26,858 [http-nio-22222-exec-2] INFO  c.e.s.j.s.c.JwtAuthenticationFilter                - /api/base/getDataBaseUserName,admin,2026-06-01 22:16:26,0.062
2026-06-01 22:16:27,233 [http-nio-22222-exec-4] INFO  c.e.s.j.s.c.JwtAuthenticationFilter                - /api/base/getMenuList,admin,2026-06-01 22:16:26,0.369
2026-06-01 22:17:08,972 [http-nio-22222-exec-8] INFO  c.e.s.j.s.c.JwtAuthenticationFilter                - /api/base/getDataBaseUserName,2022030001,2026-06-01 22:17:08,0.062
2026-06-01 22:17:09,361 [http-nio-22222-exec-9] INFO  c.e.s.j.s.c.JwtAuthenticationFilter                - /api/base/getMenuList,2022030001,2026-06-01 22:17:08,0.381
2026-06-01 22:17:12,288 [http-nio-22222-exec-2] INFO  c.e.s.j.s.c.JwtAuthenticationFilter                - /api/schoolbus/getCampusList,2022030001,2026-06-01 22:17:12,0.08
2026-06-01 22:17:12,361 [http-nio-22222-exec-4] INFO  c.e.s.j.s.c.JwtAuthenticationFilter                - /api/schoolbus/getActiveSchedules,2022030001,2026-06-01 22:17:12,0.067
2026-06-01 22:17:12,446 [http-nio-22222-exec-3] INFO  c.e.s.j.s.c.JwtAuthenticationFilter                - /api/schoolbus/getActiveSchedules,2022030001,2026-06-01 22:17:12,0.073
2026-06-01 22:17:27,104 [http-nio-22222-exec-8] INFO  c.e.s.j.s.c.JwtAuthenticationFilter                - /api/practice/getMyProjectList,2022030001,2026-06-01 22:17:26,0.126
2026-06-01 22:17:27,149 [http-nio-22222-exec-9] INFO  c.e.s.j.s.c.JwtAuthenticationFilter                - /api/schoolbus/getActiveSchedules,2022030001,2026-06-01 22:17:27,0.035
2026-06-01 22:17:27,235 [http-nio-22222-exec-1] INFO  c.e.s.j.s.c.JwtAuthenticationFilter                - /api/practice/getMyProjectList,2022030001,2026-06-01 22:17:27,0.08
2026-06-01 22:17:30,520 [http-nio-22222-exec-10] INFO  c.e.s.j.s.c.JwtAuthenticationFilter                - /api/notice/getNoticeList,2022030001,2026-06-01 22:17:30,0.36
2026-06-01 22:17:30,628 [http-nio-22222-exec-2] INFO  c.e.s.j.s.c.JwtAuthenticationFilter                - /api/practice/getMyProjectList,2022030001,2026-06-01 22:17:30,0.098
2026-06-01 22:17:31,067 [http-nio-22222-exec-3] INFO  c.e.s.j.s.c.JwtAuthenticationFilter                - /api/notice/getNoticeList,2022030001,2026-06-01 22:17:30,0.423
2026-06-01 22:17:33,203 [http-nio-22222-exec-9] INFO  c.e.s.j.s.c.JwtAuthenticationFilter                - /api/questionnaire/getQuestionnaireList,2022030001,2026-06-01 22:17:32,0.308
2026-06-01 22:17:33,686 [http-nio-22222-exec-1] INFO  c.e.s.j.s.c.JwtAuthenticationFilter                - /api/notice/getNoticeList,2022030001,2026-06-01 22:17:33,0.472
2026-06-01 22:17:33,772 [http-nio-22222-exec-10] INFO  c.e.s.j.s.c.JwtAuthenticationFilter                - /api/questionnaire/getQuestionnaireList,2022030001,2026-06-01 22:17:33,0.078
2026-06-01 22:17:48,091 [http-nio-22222-exec-8] INFO  c.e.s.j.s.c.JwtAuthenticationFilter                - /api/questionnaire/getQuestionnaireList,2022030001,2026-06-01 22:17:48,0.079
2026-06-01 22:17:48,197 [http-nio-22222-exec-4] INFO  c.e.s.j.s.c.JwtAuthenticationFilter                - /api/practice/getMyProjectList,2022030001,2026-06-01 22:17:48,0.097
2026-06-01 22:17:50,144 [http-nio-22222-exec-3] INFO  c.e.s.j.s.c.JwtAuthenticationFilter                - /api/student/getStudentList,2022030001,2026-06-01 22:17:50,0.121
2026-06-01 22:18:24,058 [http-nio-22222-exec-5] INFO  c.e.s.j.s.c.JwtAuthenticationFilter                - /api/practice/saveProject,2022030001,2026-06-01 22:18:23,0.483
2026-06-01 22:18:24,240 [http-nio-22222-exec-7] INFO  c.e.s.j.s.c.JwtAuthenticationFilter                - /api/practice/getMyProjectList,2022030001,2026-06-01 22:18:24,0.144
2026-06-01 22:18:29,747 [http-nio-22222-exec-4] INFO  c.e.s.j.s.c.JwtAuthenticationFilter                - /api/base/getDataBaseUserName,22,2026-06-01 22:18:29,0.042
2026-06-01 22:18:30,059 [http-nio-22222-exec-3] INFO  c.e.s.j.s.c.JwtAuthenticationFilter                - /api/base/getMenuList,22,2026-06-01 22:18:29,0.301
2026-06-01 22:18:37,366 [http-nio-22222-exec-9] INFO  c.e.s.j.s.c.JwtAuthenticationFilter                - /api/questionnaire/getMyQuestionnaireList,22,2026-06-01 22:18:37,0.06
2026-06-01 22:18:37,427 [http-nio-22222-exec-10] INFO  c.e.s.j.s.c.JwtAuthenticationFilter                - /api/questionnaire/getMyQuestionnaireList,22,2026-06-01 22:18:37,0.049
2026-06-01 22:18:46,078 [http-nio-22222-exec-8] INFO  c.e.s.j.s.c.JwtAuthenticationFilter                - /api/practice/getReviewProjectList,22,2026-06-01 22:18:45,0.1
2026-06-01 22:18:46,154 [http-nio-22222-exec-4] INFO  c.e.s.j.s.c.JwtAuthenticationFilter                - /api/practice/getKeyTopicList,22,2026-06-01 22:18:46,0.066
2026-06-01 22:18:46,227 [http-nio-22222-exec-3] INFO  c.e.s.j.s.c.JwtAuthenticationFilter                - /api/questionnaire/getMyQuestionnaireList,22,2026-06-01 22:18:46,0.064
2026-06-01 22:18:46,361 [http-nio-22222-exec-9] INFO  c.e.s.j.s.c.JwtAuthenticationFilter                - /api/practice/getReviewProjectList,22,2026-06-01 22:18:46,0.125
2026-06-01 22:18:46,431 [http-nio-22222-exec-10] INFO  c.e.s.j.s.c.JwtAuthenticationFilter                - /api/practice/getKeyTopicList,22,2026-06-01 22:18:46,0.064
2026-06-01 22:18:48,622 [http-nio-22222-exec-8] INFO  c.e.s.j.s.c.JwtAuthenticationFilter                - /api/practice/getProjectDetail,22,2026-06-01 22:18:48,0.123
2026-06-01 22:18:50,775 [http-nio-22222-exec-4] INFO  c.e.s.j.s.c.JwtAuthenticationFilter                - /api/practice/reviewProject,22,2026-06-01 22:18:50,0.499
2026-06-01 22:18:50,880 [http-nio-22222-exec-3] INFO  c.e.s.j.s.c.JwtAuthenticationFilter                - /api/practice/getReviewProjectList,22,2026-06-01 22:18:50,0.082
2026-06-01 22:18:57,432 [http-nio-22222-exec-10] INFO  c.e.s.j.s.c.JwtAuthenticationFilter                - /api/base/getDataBaseUserName,admin,2026-06-01 22:18:57,0.076
2026-06-01 22:18:57,733 [http-nio-22222-exec-5] INFO  c.e.s.j.s.c.JwtAuthenticationFilter                - /api/base/getMenuList,admin,2026-06-01 22:18:57,0.291
2026-06-01 22:19:00,699 [http-nio-22222-exec-4] INFO  c.e.s.j.s.c.JwtAuthenticationFilter                - /api/practice/getReviewProjectList,admin,2026-06-01 22:19:00,0.093
2026-06-01 22:19:00,758 [http-nio-22222-exec-3] INFO  c.e.s.j.s.c.JwtAuthenticationFilter                - /api/practice/getKeyTopicList,admin,2026-06-01 22:19:00,0.049
2026-06-01 22:19:00,857 [http-nio-22222-exec-9] INFO  c.e.s.j.s.c.JwtAuthenticationFilter                - /api/practice/getReviewProjectList,admin,2026-06-01 22:19:00,0.091
2026-06-01 22:19:00,902 [http-nio-22222-exec-10] INFO  c.e.s.j.s.c.JwtAuthenticationFilter                - /api/practice/getKeyTopicList,admin,2026-06-01 22:19:00,0.04
2026-06-01 22:19:05,256 [http-nio-22222-exec-8] INFO  c.e.s.j.s.c.JwtAuthenticationFilter                - /api/practice/getProjectDetail,admin,2026-06-01 22:19:05,0.099
2026-06-01 22:19:07,982 [http-nio-22222-exec-7] INFO  c.e.s.j.s.c.JwtAuthenticationFilter                - /api/practice/updateProjectStatus,admin,2026-06-01 22:19:07,0.369
2026-06-01 22:19:08,086 [http-nio-22222-exec-4] INFO  c.e.s.j.s.c.JwtAuthenticationFilter                - /api/practice/getReviewProjectList,admin,2026-06-01 22:19:08,0.082
2026-06-01 22:19:08,236 [http-nio-22222-exec-3] INFO  c.e.s.j.s.c.JwtAuthenticationFilter                - /api/practice/getProjectDetail,admin,2026-06-01 22:19:08,0.146
2026-06-01 22:19:11,010 [http-nio-22222-exec-9] INFO  c.e.s.j.s.c.JwtAuthenticationFilter                - /api/practice/updateProjectStatus,admin,2026-06-01 22:19:10,0.253
2026-06-01 22:19:11,090 [http-nio-22222-exec-10] INFO  c.e.s.j.s.c.JwtAuthenticationFilter                - /api/practice/getReviewProjectList,admin,2026-06-01 22:19:11,0.058
2026-06-01 22:19:11,140 [http-nio-22222-exec-1] INFO  c.e.s.j.s.c.JwtAuthenticationFilter                - /api/practice/getProjectDetail,admin,2026-06-01 22:19:11,0.046
2026-06-01 22:19:19,572 [http-nio-22222-exec-9] INFO  c.e.s.j.s.c.JwtAuthenticationFilter                - /api/base/getDictionaryOptionItemList,admin,2026-06-01 22:19:19,0.135
2026-06-01 22:19:19,687 [http-nio-22222-exec-10] INFO  c.e.s.j.s.c.JwtAuthenticationFilter                - /api/student/getStudentList,admin,2026-06-01 22:19:19,0.107
2026-06-01 22:19:19,751 [http-nio-22222-exec-1] INFO  c.e.s.j.s.c.JwtAuthenticationFilter                - /api/base/getDictionaryOptionItemList,admin,2026-06-01 22:19:19,0.054
2026-06-01 22:19:19,854 [http-nio-22222-exec-5] INFO  c.e.s.j.s.c.JwtAuthenticationFilter                - /api/practice/getReviewProjectList,admin,2026-06-01 22:19:19,0.093
2026-06-01 22:19:19,913 [http-nio-22222-exec-4] INFO  c.e.s.j.s.c.JwtAuthenticationFilter                - /api/practice/getKeyTopicList,admin,2026-06-01 22:19:19,0.054
2026-06-01 22:19:23,794 [http-nio-22222-exec-9] INFO  c.e.s.j.s.c.JwtAuthenticationFilter                - /api/student/getStudentInfo,admin,2026-06-01 22:19:23,0.054
2026-06-01 22:19:23,860 [http-nio-22222-exec-10] INFO  c.e.s.j.s.c.JwtAuthenticationFilter                - /api/base/getBlobByteData,admin,2026-06-01 22:19:23,0.055
2026-06-01 22:19:25,237 [http-nio-22222-exec-1] INFO  c.e.s.j.s.c.JwtAuthenticationFilter                - /api/student/getStudentInfo,admin,2026-06-01 22:19:25,0.096
2026-06-01 22:20:30,767 [SpringApplicationShutdownHook] INFO  o.s.b.w.embedded.tomcat.GracefulShutdown           - Commencing graceful shutdown. Waiting for active requests to complete
2026-06-01 22:20:30,771 [tomcat-shutdown] INFO  o.s.b.w.embedded.tomcat.GracefulShutdown           - Graceful shutdown complete
2026-06-01 22:20:30,783 [SpringApplicationShutdownHook] INFO  o.s.o.j.LocalContainerEntityManagerFactoryBean     - Closing JPA EntityManagerFactory for persistence unit 'default'
2026-06-01 22:20:30,784 [SpringApplicationShutdownHook] INFO  com.zaxxer.hikari.HikariDataSource                 - HikariPool-1 - Shutdown initiated...
2026-06-01 22:20:30,789 [SpringApplicationShutdownHook] INFO  com.zaxxer.hikari.HikariDataSource                 - HikariPool-1 - Shutdown completed.
2026-06-01 23:16:25,848 [background-preinit] INFO  o.h.validator.internal.util.Version                - HV000001: Hibernate Validator 8.0.2.Final
2026-06-01 23:16:25,928 [main] INFO  c.e.s.java.server.JavaServerApplication            - Starting JavaServerApplication using Java 21.0.10 with PID 12480 (C:\Users\浣熊\Downloads\java-fx\java-server\target\classes started by 浣熊 in C:\Users\浣熊\Downloads\java-fx\java-server)
2026-06-01 23:16:25,929 [main] INFO  c.e.s.java.server.JavaServerApplication            - No active profile set, falling back to 1 default profile: "default"
2026-06-01 23:16:26,880 [main] INFO  o.s.d.r.c.RepositoryConfigurationDelegate          - Multiple Spring Data modules found, entering strict repository configuration mode
2026-06-01 23:16:26,882 [main] INFO  o.s.d.r.c.RepositoryConfigurationDelegate          - Bootstrapping Spring Data JPA repositories in DEFAULT mode.
2026-06-01 23:16:27,123 [main] INFO  o.s.d.r.c.RepositoryConfigurationDelegate          - Finished Spring Data repository scanning in 231 ms. Found 33 JPA repository interfaces.
2026-06-01 23:16:27,147 [main] INFO  o.s.d.r.c.RepositoryConfigurationDelegate          - Multiple Spring Data modules found, entering strict repository configuration mode
2026-06-01 23:16:27,148 [main] INFO  o.s.d.r.c.RepositoryConfigurationDelegate          - Bootstrapping Spring Data Redis repositories in DEFAULT mode.
2026-06-01 23:16:27,170 [main] INFO  o.s.d.r.c.RepositoryConfigurationExtensionSupport  - Spring Data Redis - Could not safely identify store assignment for repository candidate interface cn.edu.sdu.java.server.repositorys.AnswerRepository; If you want this repository to be a Redis repository, consider annotating your entities with one of these annotations: org.springframework.data.redis.core.RedisHash (preferred), or consider extending one of the following types with your repository: org.springframework.data.keyvalue.repository.KeyValueRepository
2026-06-01 23:16:27,171 [main] INFO  o.s.d.r.c.RepositoryConfigurationExtensionSupport  - Spring Data Redis - Could not safely identify store assignment for repository candidate interface cn.edu.sdu.java.server.repositorys.CourseRepository; If you want this repository to be a Redis repository, consider annotating your entities with one of these annotations: org.springframework.data.redis.core.RedisHash (preferred), or consider extending one of the following types with your repository: org.springframework.data.keyvalue.repository.KeyValueRepository
2026-06-01 23:16:27,171 [main] INFO  o.s.d.r.c.RepositoryConfigurationExtensionSupport  - Spring Data Redis - Could not safely identify store assignment for repository candidate interface cn.edu.sdu.java.server.repositorys.CoursewareRepository; If you want this repository to be a Redis repository, consider annotating your entities with one of these annotations: org.springframework.data.redis.core.RedisHash (preferred), or consider extending one of the following types with your repository: org.springframework.data.keyvalue.repository.KeyValueRepository
2026-06-01 23:16:27,171 [main] INFO  o.s.d.r.c.RepositoryConfigurationExtensionSupport  - Spring Data Redis - Could not safely identify store assignment for repository candidate interface cn.edu.sdu.java.server.repositorys.DictionaryInfoRepository; If you want this repository to be a Redis repository, consider annotating your entities with one of these annotations: org.springframework.data.redis.core.RedisHash (preferred), or consider extending one of the following types with your repository: org.springframework.data.keyvalue.repository.KeyValueRepository
2026-06-01 23:16:27,172 [main] INFO  o.s.d.r.c.RepositoryConfigurationExtensionSupport  - Spring Data Redis - Could not safely identify store assignment for repository candidate interface cn.edu.sdu.java.server.repositorys.FamilyMemberRepository; If you want this repository to be a Redis repository, consider annotating your entities with one of these annotations: org.springframework.data.redis.core.RedisHash (preferred), or consider extending one of the following types with your repository: org.springframework.data.keyvalue.repository.KeyValueRepository
2026-06-01 23:16:27,172 [main] INFO  o.s.d.r.c.RepositoryConfigurationExtensionSupport  - Spring Data Redis - Could not safely identify store assignment for repository candidate interface cn.edu.sdu.java.server.repositorys.FeeRepository; If you want this repository to be a Redis repository, consider annotating your entities with one of these annotations: org.springframework.data.redis.core.RedisHash (preferred), or consider extending one of the following types with your repository: org.springframework.data.keyvalue.repository.KeyValueRepository
2026-06-01 23:16:27,172 [main] INFO  o.s.d.r.c.RepositoryConfigurationExtensionSupport  - Spring Data Redis - Could not safely identify store assignment for repository candidate interface cn.edu.sdu.java.server.repositorys.KeyTopicRepository; If you want this repository to be a Redis repository, consider annotating your entities with one of these annotations: org.springframework.data.redis.core.RedisHash (preferred), or consider extending one of the following types with your repository: org.springframework.data.keyvalue.repository.KeyValueRepository
2026-06-01 23:16:27,172 [main] INFO  o.s.d.r.c.RepositoryConfigurationExtensionSupport  - Spring Data Redis - Could not safely identify store assignment for repository candidate interface cn.edu.sdu.java.server.repositorys.MenuInfoRepository; If you want this repository to be a Redis repository, consider annotating your entities with one of these annotations: org.springframework.data.redis.core.RedisHash (preferred), or consider extending one of the following types with your repository: org.springframework.data.keyvalue.repository.KeyValueRepository
2026-06-01 23:16:27,173 [main] INFO  o.s.d.r.c.RepositoryConfigurationExtensionSupport  - Spring Data Redis - Could not safely identify store assignment for repository candidate interface cn.edu.sdu.java.server.repositorys.ModifyLogRepository; If you want this repository to be a Redis repository, consider annotating your entities with one of these annotations: org.springframework.data.redis.core.RedisHash (preferred), or consider extending one of the following types with your repository: org.springframework.data.keyvalue.repository.KeyValueRepository
2026-06-01 23:16:27,173 [main] INFO  o.s.d.r.c.RepositoryConfigurationExtensionSupport  - Spring Data Redis - Could not safely identify store assignment for repository candidate interface cn.edu.sdu.java.server.repositorys.NoticeReadRepository; If you want this repository to be a Redis repository, consider annotating your entities with one of these annotations: org.springframework.data.redis.core.RedisHash (preferred), or consider extending one of the following types with your repository: org.springframework.data.keyvalue.repository.KeyValueRepository
2026-06-01 23:16:27,173 [main] INFO  o.s.d.r.c.RepositoryConfigurationExtensionSupport  - Spring Data Redis - Could not safely identify store assignment for repository candidate interface cn.edu.sdu.java.server.repositorys.NoticeRepository; If you want this repository to be a Redis repository, consider annotating your entities with one of these annotations: org.springframework.data.redis.core.RedisHash (preferred), or consider extending one of the following types with your repository: org.springframework.data.keyvalue.repository.KeyValueRepository
2026-06-01 23:16:27,174 [main] INFO  o.s.d.r.c.RepositoryConfigurationExtensionSupport  - Spring Data Redis - Could not safely identify store assignment for repository candidate interface cn.edu.sdu.java.server.repositorys.NoticeTargetRepository; If you want this repository to be a Redis repository, consider annotating your entities with one of these annotations: org.springframework.data.redis.core.RedisHash (preferred), or consider extending one of the following types with your repository: org.springframework.data.keyvalue.repository.KeyValueRepository
2026-06-01 23:16:27,175 [main] INFO  o.s.d.r.c.RepositoryConfigurationExtensionSupport  - Spring Data Redis - Could not safely identify store assignment for repository candidate interface cn.edu.sdu.java.server.repositorys.PersonRepository; If you want this repository to be a Redis repository, consider annotating your entities with one of these annotations: org.springframework.data.redis.core.RedisHash (preferred), or consider extending one of the following types with your repository: org.springframework.data.keyvalue.repository.KeyValueRepository
2026-06-01 23:16:27,175 [main] INFO  o.s.d.r.c.RepositoryConfigurationExtensionSupport  - Spring Data Redis - Could not safely identify store assignment for repository candidate interface cn.edu.sdu.java.server.repositorys.PracticeMemberRepository; If you want this repository to be a Redis repository, consider annotating your entities with one of these annotations: org.springframework.data.redis.core.RedisHash (preferred), or consider extending one of the following types with your repository: org.springframework.data.keyvalue.repository.KeyValueRepository
2026-06-01 23:16:27,176 [main] INFO  o.s.d.r.c.RepositoryConfigurationExtensionSupport  - Spring Data Redis - Could not safely identify store assignment for repository candidate interface cn.edu.sdu.java.server.repositorys.PracticeProjectRepository; If you want this repository to be a Redis repository, consider annotating your entities with one of these annotations: org.springframework.data.redis.core.RedisHash (preferred), or consider extending one of the following types with your repository: org.springframework.data.keyvalue.repository.KeyValueRepository
2026-06-01 23:16:27,176 [main] INFO  o.s.d.r.c.RepositoryConfigurationExtensionSupport  - Spring Data Redis - Could not safely identify store assignment for repository candidate interface cn.edu.sdu.java.server.repositorys.PracticeReviewRepository; If you want this repository to be a Redis repository, consider annotating your entities with one of these annotations: org.springframework.data.redis.core.RedisHash (preferred), or consider extending one of the following types with your repository: org.springframework.data.keyvalue.repository.KeyValueRepository
2026-06-01 23:16:27,176 [main] INFO  o.s.d.r.c.RepositoryConfigurationExtensionSupport  - Spring Data Redis - Could not safely identify store assignment for repository candidate interface cn.edu.sdu.java.server.repositorys.PracticeSummaryRepository; If you want this repository to be a Redis repository, consider annotating your entities with one of these annotations: org.springframework.data.redis.core.RedisHash (preferred), or consider extending one of the following types with your repository: org.springframework.data.keyvalue.repository.KeyValueRepository
2026-06-01 23:16:27,177 [main] INFO  o.s.d.r.c.RepositoryConfigurationExtensionSupport  - Spring Data Redis - Could not safely identify store assignment for repository candidate interface cn.edu.sdu.java.server.repositorys.QuestionnaireRepository; If you want this repository to be a Redis repository, consider annotating your entities with one of these annotations: org.springframework.data.redis.core.RedisHash (preferred), or consider extending one of the following types with your repository: org.springframework.data.keyvalue.repository.KeyValueRepository
2026-06-01 23:16:27,177 [main] INFO  o.s.d.r.c.RepositoryConfigurationExtensionSupport  - Spring Data Redis - Could not safely identify store assignment for repository candidate interface cn.edu.sdu.java.server.repositorys.QuestionOptionRepository; If you want this repository to be a Redis repository, consider annotating your entities with one of these annotations: org.springframework.data.redis.core.RedisHash (preferred), or consider extending one of the following types with your repository: org.springframework.data.keyvalue.repository.KeyValueRepository
2026-06-01 23:16:27,177 [main] INFO  o.s.d.r.c.RepositoryConfigurationExtensionSupport  - Spring Data Redis - Could not safely identify store assignment for repository candidate interface cn.edu.sdu.java.server.repositorys.QuestionRepository; If you want this repository to be a Redis repository, consider annotating your entities with one of these annotations: org.springframework.data.redis.core.RedisHash (preferred), or consider extending one of the following types with your repository: org.springframework.data.keyvalue.repository.KeyValueRepository
2026-06-01 23:16:27,177 [main] INFO  o.s.d.r.c.RepositoryConfigurationExtensionSupport  - Spring Data Redis - Could not safely identify store assignment for repository candidate interface cn.edu.sdu.java.server.repositorys.ResponseRepository; If you want this repository to be a Redis repository, consider annotating your entities with one of these annotations: org.springframework.data.redis.core.RedisHash (preferred), or consider extending one of the following types with your repository: org.springframework.data.keyvalue.repository.KeyValueRepository
2026-06-01 23:16:27,177 [main] INFO  o.s.d.r.c.RepositoryConfigurationExtensionSupport  - Spring Data Redis - Could not safely identify store assignment for repository candidate interface cn.edu.sdu.java.server.repositorys.SchoolBusCampusRepository; If you want this repository to be a Redis repository, consider annotating your entities with one of these annotations: org.springframework.data.redis.core.RedisHash (preferred), or consider extending one of the following types with your repository: org.springframework.data.keyvalue.repository.KeyValueRepository
2026-06-01 23:16:27,177 [main] INFO  o.s.d.r.c.RepositoryConfigurationExtensionSupport  - Spring Data Redis - Could not safely identify store assignment for repository candidate interface cn.edu.sdu.java.server.repositorys.SchoolBusReservationRepository; If you want this repository to be a Redis repository, consider annotating your entities with one of these annotations: org.springframework.data.redis.core.RedisHash (preferred), or consider extending one of the following types with your repository: org.springframework.data.keyvalue.repository.KeyValueRepository
2026-06-01 23:16:27,177 [main] INFO  o.s.d.r.c.RepositoryConfigurationExtensionSupport  - Spring Data Redis - Could not safely identify store assignment for repository candidate interface cn.edu.sdu.java.server.repositorys.SchoolBusScheduleRepository; If you want this repository to be a Redis repository, consider annotating your entities with one of these annotations: org.springframework.data.redis.core.RedisHash (preferred), or consider extending one of the following types with your repository: org.springframework.data.keyvalue.repository.KeyValueRepository
2026-06-01 23:16:27,179 [main] INFO  o.s.d.r.c.RepositoryConfigurationExtensionSupport  - Spring Data Redis - Could not safely identify store assignment for repository candidate interface cn.edu.sdu.java.server.repositorys.ScoreRepository; If you want this repository to be a Redis repository, consider annotating your entities with one of these annotations: org.springframework.data.redis.core.RedisHash (preferred), or consider extending one of the following types with your repository: org.springframework.data.keyvalue.repository.KeyValueRepository
2026-06-01 23:16:27,179 [main] INFO  o.s.d.r.c.RepositoryConfigurationExtensionSupport  - Spring Data Redis - Could not safely identify store assignment for repository candidate interface cn.edu.sdu.java.server.repositorys.StatisticsDayRepository; If you want this repository to be a Redis repository, consider annotating your entities with one of these annotations: org.springframework.data.redis.core.RedisHash (preferred), or consider extending one of the following types with your repository: org.springframework.data.keyvalue.repository.KeyValueRepository
2026-06-01 23:16:27,179 [main] INFO  o.s.d.r.c.RepositoryConfigurationExtensionSupport  - Spring Data Redis - Could not safely identify store assignment for repository candidate interface cn.edu.sdu.java.server.repositorys.StudentLeaveRepository; If you want this repository to be a Redis repository, consider annotating your entities with one of these annotations: org.springframework.data.redis.core.RedisHash (preferred), or consider extending one of the following types with your repository: org.springframework.data.keyvalue.repository.KeyValueRepository
2026-06-01 23:16:27,180 [main] INFO  o.s.d.r.c.RepositoryConfigurationExtensionSupport  - Spring Data Redis - Could not safely identify store assignment for repository candidate interface cn.edu.sdu.java.server.repositorys.StudentRepository; If you want this repository to be a Redis repository, consider annotating your entities with one of these annotations: org.springframework.data.redis.core.RedisHash (preferred), or consider extending one of the following types with your repository: org.springframework.data.keyvalue.repository.KeyValueRepository
2026-06-01 23:16:27,180 [main] INFO  o.s.d.r.c.RepositoryConfigurationExtensionSupport  - Spring Data Redis - Could not safely identify store assignment for repository candidate interface cn.edu.sdu.java.server.repositorys.StudentStatisticsRepository; If you want this repository to be a Redis repository, consider annotating your entities with one of these annotations: org.springframework.data.redis.core.RedisHash (preferred), or consider extending one of the following types with your repository: org.springframework.data.keyvalue.repository.KeyValueRepository
2026-06-01 23:16:27,180 [main] INFO  o.s.d.r.c.RepositoryConfigurationExtensionSupport  - Spring Data Redis - Could not safely identify store assignment for repository candidate interface cn.edu.sdu.java.server.repositorys.SystemInfoRepository; If you want this repository to be a Redis repository, consider annotating your entities with one of these annotations: org.springframework.data.redis.core.RedisHash (preferred), or consider extending one of the following types with your repository: org.springframework.data.keyvalue.repository.KeyValueRepository
2026-06-01 23:16:27,180 [main] INFO  o.s.d.r.c.RepositoryConfigurationExtensionSupport  - Spring Data Redis - Could not safely identify store assignment for repository candidate interface cn.edu.sdu.java.server.repositorys.TeacherRepository; If you want this repository to be a Redis repository, consider annotating your entities with one of these annotations: org.springframework.data.redis.core.RedisHash (preferred), or consider extending one of the following types with your repository: org.springframework.data.keyvalue.repository.KeyValueRepository
2026-06-01 23:16:27,180 [main] INFO  o.s.d.r.c.RepositoryConfigurationExtensionSupport  - Spring Data Redis - Could not safely identify store assignment for repository candidate interface cn.edu.sdu.java.server.repositorys.UserRepository; If you want this repository to be a Redis repository, consider annotating your entities with one of these annotations: org.springframework.data.redis.core.RedisHash (preferred), or consider extending one of the following types with your repository: org.springframework.data.keyvalue.repository.KeyValueRepository
2026-06-01 23:16:27,181 [main] INFO  o.s.d.r.c.RepositoryConfigurationExtensionSupport  - Spring Data Redis - Could not safely identify store assignment for repository candidate interface cn.edu.sdu.java.server.repositorys.UserTypeRepository; If you want this repository to be a Redis repository, consider annotating your entities with one of these annotations: org.springframework.data.redis.core.RedisHash (preferred), or consider extending one of the following types with your repository: org.springframework.data.keyvalue.repository.KeyValueRepository
2026-06-01 23:16:27,181 [main] INFO  o.s.d.r.c.RepositoryConfigurationDelegate          - Finished Spring Data repository scanning in 21 ms. Found 0 Redis repository interfaces.
2026-06-01 23:16:27,823 [main] INFO  o.s.b.w.embedded.tomcat.TomcatWebServer            - Tomcat initialized with port 22222 (http)
2026-06-01 23:16:27,836 [main] INFO  o.apache.coyote.http11.Http11NioProtocol           - Initializing ProtocolHandler ["http-nio-22222"]
2026-06-01 23:16:27,838 [main] INFO  o.apache.catalina.core.StandardService             - Starting service [Tomcat]
2026-06-01 23:16:27,838 [main] INFO  org.apache.catalina.core.StandardEngine            - Starting Servlet engine: [Apache Tomcat/10.1.34]
2026-06-01 23:16:27,924 [main] INFO  o.a.c.c.C.[Tomcat].[localhost].[/]                 - Initializing Spring embedded WebApplicationContext
2026-06-01 23:16:27,924 [main] INFO  o.s.b.w.s.c.ServletWebServerApplicationContext     - Root WebApplicationContext: initialization completed in 1948 ms
2026-06-01 23:16:28,076 [main] INFO  o.hibernate.jpa.internal.util.LogHelper            - HHH000204: Processing PersistenceUnitInfo [name: default]
2026-06-01 23:16:28,134 [main] INFO  org.hibernate.Version                              - HHH000412: Hibernate ORM core version 6.6.5.Final
2026-06-01 23:16:28,170 [main] INFO  o.h.c.internal.RegionFactoryInitiator              - HHH000026: Second-level cache disabled
2026-06-01 23:16:28,418 [main] INFO  o.s.o.j.p.SpringPersistenceUnitInfo                - No LoadTimeWeaver setup: ignoring JPA class transformer
2026-06-01 23:16:28,445 [main] INFO  com.zaxxer.hikari.HikariDataSource                 - HikariPool-1 - Starting...
2026-06-01 23:16:38,045 [main] INFO  com.zaxxer.hikari.pool.HikariPool                  - HikariPool-1 - Added connection com.mysql.cj.jdbc.ConnectionImpl@6f9a3325
2026-06-01 23:16:38,048 [main] INFO  com.zaxxer.hikari.HikariDataSource                 - HikariPool-1 - Start completed.
2026-06-01 23:16:38,122 [main] INFO  org.hibernate.orm.connections.pooling              - HHH10001005: Database info:
	Database JDBC URL [Connecting through datasource 'HikariDataSource (HikariPool-1)']
	Database driver: undefined/unknown
	Database version: 8.0.35
	Autocommit mode: undefined/unknown
	Isolation level: undefined/unknown
	Minimum pool size: undefined/unknown
	Maximum pool size: undefined/unknown
2026-06-01 23:16:39,099 [main] INFO  o.h.e.t.j.p.i.JtaPlatformInitiator                 - HHH000489: No JTA platform available (set 'hibernate.transaction.jta.platform' to enable JTA platform integration)
2026-06-01 23:16:39,690 [main] INFO  o.s.o.j.LocalContainerEntityManagerFactoryBean     - Initialized JPA EntityManagerFactory for persistence unit 'default'
2026-06-01 23:16:39,879 [main] INFO  o.s.d.j.r.query.QueryEnhancerFactory               - Hibernate is in classpath; If applicable, HQL parser will be used.
2026-06-01 23:16:40,552 [main] WARN  o.s.b.a.o.j.JpaBaseConfiguration$JpaWebConfiguration - spring.jpa.open-in-view is enabled by default. Therefore, database queries may be performed during view rendering. Explicitly configure spring.jpa.open-in-view to disable this warning
2026-06-01 23:16:41,116 [main] INFO  o.s.s.c.a.a.c.InitializeAuthenticationProviderBeanManagerConfigurer$InitializeAuthenticationProviderManagerConfigurer - Global AuthenticationManager configured with AuthenticationProvider bean with name authenticationProvider
2026-06-01 23:16:41,117 [main] WARN  o.s.s.c.a.a.c.InitializeUserDetailsBeanManagerConfigurer$InitializeUserDetailsManagerConfigurer - Global AuthenticationManager configured with an AuthenticationProvider bean. UserDetailsService beans will not be used by Spring Security for automatically configuring username/password login. Consider removing the AuthenticationProvider bean. Alternatively, consider using the UserDetailsService in a manually instantiated DaoAuthenticationProvider. If the current configuration is intentional, to turn off this warning, increase the logging level of 'org.springframework.security.config.annotation.authentication.configuration.InitializeUserDetailsBeanManagerConfigurer' to ERROR
2026-06-01 23:16:42,602 [main] INFO  o.s.b.a.w.s.WelcomePageHandlerMapping              - Adding welcome page: class path resource [public/index.html]
2026-06-01 23:16:43,279 [main] INFO  o.apache.coyote.http11.Http11NioProtocol           - Starting ProtocolHandler ["http-nio-22222"]
2026-06-01 23:16:43,300 [main] INFO  o.s.b.w.embedded.tomcat.TomcatWebServer            - Tomcat started on port 22222 (http) with context path '/'
2026-06-01 23:16:43,308 [main] INFO  c.e.s.java.server.JavaServerApplication            - Started JavaServerApplication in 18.325 seconds (process running for 19.497)
2026-06-01 23:16:43,310 [main] INFO  c.e.s.j.server.SystemApplicationListener           - org.springframework.boot.context.event.ApplicationReadyEvent[source=org.springframework.boot.SpringApplication@1f6cb22e]
2026-06-01 23:16:43,310 [main] INFO  c.e.s.j.server.SystemApplicationListener           - SystemInitStart
2026-06-01 23:16:43,516 [main] INFO  c.e.s.j.server.SystemApplicationListener           - systemInitEnd
2026-06-01 23:16:58,884 [http-nio-22222-exec-1] INFO  o.a.c.c.C.[Tomcat].[localhost].[/]                 - Initializing Spring DispatcherServlet 'dispatcherServlet'
2026-06-01 23:16:58,885 [http-nio-22222-exec-1] INFO  o.s.web.servlet.DispatcherServlet                  - Initializing Servlet 'dispatcherServlet'
2026-06-01 23:16:58,887 [http-nio-22222-exec-1] INFO  o.s.web.servlet.DispatcherServlet                  - Completed initialization in 2 ms
2026-06-01 23:16:59,841 [http-nio-22222-exec-2] INFO  c.e.s.j.s.c.JwtAuthenticationFilter                - /api/base/getDataBaseUserName,2022030001,2026-06-01 23:16:59,0.09
2026-06-01 23:17:00,056 [http-nio-22222-exec-3] INFO  c.e.s.j.s.c.JwtAuthenticationFilter                - /api/base/getMenuList,2022030001,2026-06-01 23:16:59,0.202
2026-06-01 23:18:47,140 [http-nio-22222-exec-8] INFO  c.e.s.j.s.c.JwtAuthenticationFilter                - /api/base/getDataBaseUserName,2022030001,2026-06-01 23:18:47,0.037
2026-06-01 23:18:47,339 [http-nio-22222-exec-9] INFO  c.e.s.j.s.c.JwtAuthenticationFilter                - /api/base/getMenuList,2022030001,2026-06-01 23:18:47,0.192
2026-06-01 23:19:09,869 [http-nio-22222-exec-10] INFO  c.e.s.j.s.c.JwtAuthenticationFilter                - /api/student/getCourses,2022030001,2026-06-01 23:19:06,2.924
2026-06-01 23:19:10,482 [http-nio-22222-exec-1] INFO  c.e.s.j.s.c.JwtAuthenticationFilter                - /api/student/getMySelections,2022030001,2026-06-01 23:19:09,0.599
2026-06-01 23:19:35,983 [http-nio-22222-exec-8] INFO  c.e.s.j.s.c.JwtAuthenticationFilter                - /api/base/getDataBaseUserName,2022030001,2026-06-01 23:19:35,0.049
2026-06-01 23:19:36,222 [http-nio-22222-exec-9] INFO  c.e.s.j.s.c.JwtAuthenticationFilter                - /api/base/getMenuList,2022030001,2026-06-01 23:19:35,0.229
2026-06-01 23:19:53,456 [SpringApplicationShutdownHook] INFO  o.s.b.w.embedded.tomcat.GracefulShutdown           - Commencing graceful shutdown. Waiting for active requests to complete
2026-06-01 23:19:53,464 [tomcat-shutdown] INFO  o.s.b.w.embedded.tomcat.GracefulShutdown           - Graceful shutdown complete
2026-06-01 23:19:53,499 [SpringApplicationShutdownHook] INFO  o.s.o.j.LocalContainerEntityManagerFactoryBean     - Closing JPA EntityManagerFactory for persistence unit 'default'
2026-06-01 23:19:53,502 [SpringApplicationShutdownHook] INFO  com.zaxxer.hikari.HikariDataSource                 - HikariPool-1 - Shutdown initiated...
2026-06-01 23:19:53,524 [SpringApplicationShutdownHook] INFO  com.zaxxer.hikari.HikariDataSource                 - HikariPool-1 - Shutdown completed.
2026-06-01 23:19:56,280 [background-preinit] INFO  o.h.validator.internal.util.Version                - HV000001: Hibernate Validator 8.0.2.Final
2026-06-01 23:19:56,351 [main] INFO  c.e.s.java.server.JavaServerApplication            - Starting JavaServerApplication using Java 21.0.10 with PID 5800 (C:\Users\浣熊\Downloads\java-fx\java-server\target\classes started by 浣熊 in C:\Users\浣熊\Downloads\java-fx\java-server)
2026-06-01 23:19:56,352 [main] INFO  c.e.s.java.server.JavaServerApplication            - No active profile set, falling back to 1 default profile: "default"
2026-06-01 23:19:57,148 [main] INFO  o.s.d.r.c.RepositoryConfigurationDelegate          - Multiple Spring Data modules found, entering strict repository configuration mode
2026-06-01 23:19:57,150 [main] INFO  o.s.d.r.c.RepositoryConfigurationDelegate          - Bootstrapping Spring Data JPA repositories in DEFAULT mode.
2026-06-01 23:19:57,337 [main] INFO  o.s.d.r.c.RepositoryConfigurationDelegate          - Finished Spring Data repository scanning in 180 ms. Found 33 JPA repository interfaces.
2026-06-01 23:19:57,356 [main] INFO  o.s.d.r.c.RepositoryConfigurationDelegate          - Multiple Spring Data modules found, entering strict repository configuration mode
2026-06-01 23:19:57,357 [main] INFO  o.s.d.r.c.RepositoryConfigurationDelegate          - Bootstrapping Spring Data Redis repositories in DEFAULT mode.
2026-06-01 23:19:57,374 [main] INFO  o.s.d.r.c.RepositoryConfigurationExtensionSupport  - Spring Data Redis - Could not safely identify store assignment for repository candidate interface cn.edu.sdu.java.server.repositorys.AnswerRepository; If you want this repository to be a Redis repository, consider annotating your entities with one of these annotations: org.springframework.data.redis.core.RedisHash (preferred), or consider extending one of the following types with your repository: org.springframework.data.keyvalue.repository.KeyValueRepository
2026-06-01 23:19:57,374 [main] INFO  o.s.d.r.c.RepositoryConfigurationExtensionSupport  - Spring Data Redis - Could not safely identify store assignment for repository candidate interface cn.edu.sdu.java.server.repositorys.CourseRepository; If you want this repository to be a Redis repository, consider annotating your entities with one of these annotations: org.springframework.data.redis.core.RedisHash (preferred), or consider extending one of the following types with your repository: org.springframework.data.keyvalue.repository.KeyValueRepository
2026-06-01 23:19:57,374 [main] INFO  o.s.d.r.c.RepositoryConfigurationExtensionSupport  - Spring Data Redis - Could not safely identify store assignment for repository candidate interface cn.edu.sdu.java.server.repositorys.CoursewareRepository; If you want this repository to be a Redis repository, consider annotating your entities with one of these annotations: org.springframework.data.redis.core.RedisHash (preferred), or consider extending one of the following types with your repository: org.springframework.data.keyvalue.repository.KeyValueRepository
2026-06-01 23:19:57,375 [main] INFO  o.s.d.r.c.RepositoryConfigurationExtensionSupport  - Spring Data Redis - Could not safely identify store assignment for repository candidate interface cn.edu.sdu.java.server.repositorys.DictionaryInfoRepository; If you want this repository to be a Redis repository, consider annotating your entities with one of these annotations: org.springframework.data.redis.core.RedisHash (preferred), or consider extending one of the following types with your repository: org.springframework.data.keyvalue.repository.KeyValueRepository
2026-06-01 23:19:57,375 [main] INFO  o.s.d.r.c.RepositoryConfigurationExtensionSupport  - Spring Data Redis - Could not safely identify store assignment for repository candidate interface cn.edu.sdu.java.server.repositorys.FamilyMemberRepository; If you want this repository to be a Redis repository, consider annotating your entities with one of these annotations: org.springframework.data.redis.core.RedisHash (preferred), or consider extending one of the following types with your repository: org.springframework.data.keyvalue.repository.KeyValueRepository
2026-06-01 23:19:57,375 [main] INFO  o.s.d.r.c.RepositoryConfigurationExtensionSupport  - Spring Data Redis - Could not safely identify store assignment for repository candidate interface cn.edu.sdu.java.server.repositorys.FeeRepository; If you want this repository to be a Redis repository, consider annotating your entities with one of these annotations: org.springframework.data.redis.core.RedisHash (preferred), or consider extending one of the following types with your repository: org.springframework.data.keyvalue.repository.KeyValueRepository
2026-06-01 23:19:57,376 [main] INFO  o.s.d.r.c.RepositoryConfigurationExtensionSupport  - Spring Data Redis - Could not safely identify store assignment for repository candidate interface cn.edu.sdu.java.server.repositorys.KeyTopicRepository; If you want this repository to be a Redis repository, consider annotating your entities with one of these annotations: org.springframework.data.redis.core.RedisHash (preferred), or consider extending one of the following types with your repository: org.springframework.data.keyvalue.repository.KeyValueRepository
2026-06-01 23:19:57,376 [main] INFO  o.s.d.r.c.RepositoryConfigurationExtensionSupport  - Spring Data Redis - Could not safely identify store assignment for repository candidate interface cn.edu.sdu.java.server.repositorys.MenuInfoRepository; If you want this repository to be a Redis repository, consider annotating your entities with one of these annotations: org.springframework.data.redis.core.RedisHash (preferred), or consider extending one of the following types with your repository: org.springframework.data.keyvalue.repository.KeyValueRepository
2026-06-01 23:19:57,376 [main] INFO  o.s.d.r.c.RepositoryConfigurationExtensionSupport  - Spring Data Redis - Could not safely identify store assignment for repository candidate interface cn.edu.sdu.java.server.repositorys.ModifyLogRepository; If you want this repository to be a Redis repository, consider annotating your entities with one of these annotations: org.springframework.data.redis.core.RedisHash (preferred), or consider extending one of the following types with your repository: org.springframework.data.keyvalue.repository.KeyValueRepository
2026-06-01 23:19:57,377 [main] INFO  o.s.d.r.c.RepositoryConfigurationExtensionSupport  - Spring Data Redis - Could not safely identify store assignment for repository candidate interface cn.edu.sdu.java.server.repositorys.NoticeReadRepository; If you want this repository to be a Redis repository, consider annotating your entities with one of these annotations: org.springframework.data.redis.core.RedisHash (preferred), or consider extending one of the following types with your repository: org.springframework.data.keyvalue.repository.KeyValueRepository
2026-06-01 23:19:57,377 [main] INFO  o.s.d.r.c.RepositoryConfigurationExtensionSupport  - Spring Data Redis - Could not safely identify store assignment for repository candidate interface cn.edu.sdu.java.server.repositorys.NoticeRepository; If you want this repository to be a Redis repository, consider annotating your entities with one of these annotations: org.springframework.data.redis.core.RedisHash (preferred), or consider extending one of the following types with your repository: org.springframework.data.keyvalue.repository.KeyValueRepository
2026-06-01 23:19:57,377 [main] INFO  o.s.d.r.c.RepositoryConfigurationExtensionSupport  - Spring Data Redis - Could not safely identify store assignment for repository candidate interface cn.edu.sdu.java.server.repositorys.NoticeTargetRepository; If you want this repository to be a Redis repository, consider annotating your entities with one of these annotations: org.springframework.data.redis.core.RedisHash (preferred), or consider extending one of the following types with your repository: org.springframework.data.keyvalue.repository.KeyValueRepository
2026-06-01 23:19:57,378 [main] INFO  o.s.d.r.c.RepositoryConfigurationExtensionSupport  - Spring Data Redis - Could not safely identify store assignment for repository candidate interface cn.edu.sdu.java.server.repositorys.PersonRepository; If you want this repository to be a Redis repository, consider annotating your entities with one of these annotations: org.springframework.data.redis.core.RedisHash (preferred), or consider extending one of the following types with your repository: org.springframework.data.keyvalue.repository.KeyValueRepository
2026-06-01 23:19:57,378 [main] INFO  o.s.d.r.c.RepositoryConfigurationExtensionSupport  - Spring Data Redis - Could not safely identify store assignment for repository candidate interface cn.edu.sdu.java.server.repositorys.PracticeMemberRepository; If you want this repository to be a Redis repository, consider annotating your entities with one of these annotations: org.springframework.data.redis.core.RedisHash (preferred), or consider extending one of the following types with your repository: org.springframework.data.keyvalue.repository.KeyValueRepository
2026-06-01 23:19:57,379 [main] INFO  o.s.d.r.c.RepositoryConfigurationExtensionSupport  - Spring Data Redis - Could not safely identify store assignment for repository candidate interface cn.edu.sdu.java.server.repositorys.PracticeProjectRepository; If you want this repository to be a Redis repository, consider annotating your entities with one of these annotations: org.springframework.data.redis.core.RedisHash (preferred), or consider extending one of the following types with your repository: org.springframework.data.keyvalue.repository.KeyValueRepository
2026-06-01 23:19:57,379 [main] INFO  o.s.d.r.c.RepositoryConfigurationExtensionSupport  - Spring Data Redis - Could not safely identify store assignment for repository candidate interface cn.edu.sdu.java.server.repositorys.PracticeReviewRepository; If you want this repository to be a Redis repository, consider annotating your entities with one of these annotations: org.springframework.data.redis.core.RedisHash (preferred), or consider extending one of the following types with your repository: org.springframework.data.keyvalue.repository.KeyValueRepository
2026-06-01 23:19:57,379 [main] INFO  o.s.d.r.c.RepositoryConfigurationExtensionSupport  - Spring Data Redis - Could not safely identify store assignment for repository candidate interface cn.edu.sdu.java.server.repositorys.PracticeSummaryRepository; If you want this repository to be a Redis repository, consider annotating your entities with one of these annotations: org.springframework.data.redis.core.RedisHash (preferred), or consider extending one of the following types with your repository: org.springframework.data.keyvalue.repository.KeyValueRepository
2026-06-01 23:19:57,379 [main] INFO  o.s.d.r.c.RepositoryConfigurationExtensionSupport  - Spring Data Redis - Could not safely identify store assignment for repository candidate interface cn.edu.sdu.java.server.repositorys.QuestionnaireRepository; If you want this repository to be a Redis repository, consider annotating your entities with one of these annotations: org.springframework.data.redis.core.RedisHash (preferred), or consider extending one of the following types with your repository: org.springframework.data.keyvalue.repository.KeyValueRepository
2026-06-01 23:19:57,379 [main] INFO  o.s.d.r.c.RepositoryConfigurationExtensionSupport  - Spring Data Redis - Could not safely identify store assignment for repository candidate interface cn.edu.sdu.java.server.repositorys.QuestionOptionRepository; If you want this repository to be a Redis repository, consider annotating your entities with one of these annotations: org.springframework.data.redis.core.RedisHash (preferred), or consider extending one of the following types with your repository: org.springframework.data.keyvalue.repository.KeyValueRepository
2026-06-01 23:19:57,379 [main] INFO  o.s.d.r.c.RepositoryConfigurationExtensionSupport  - Spring Data Redis - Could not safely identify store assignment for repository candidate interface cn.edu.sdu.java.server.repositorys.QuestionRepository; If you want this repository to be a Redis repository, consider annotating your entities with one of these annotations: org.springframework.data.redis.core.RedisHash (preferred), or consider extending one of the following types with your repository: org.springframework.data.keyvalue.repository.KeyValueRepository
2026-06-01 23:19:57,379 [main] INFO  o.s.d.r.c.RepositoryConfigurationExtensionSupport  - Spring Data Redis - Could not safely identify store assignment for repository candidate interface cn.edu.sdu.java.server.repositorys.ResponseRepository; If you want this repository to be a Redis repository, consider annotating your entities with one of these annotations: org.springframework.data.redis.core.RedisHash (preferred), or consider extending one of the following types with your repository: org.springframework.data.keyvalue.repository.KeyValueRepository
2026-06-01 23:19:57,380 [main] INFO  o.s.d.r.c.RepositoryConfigurationExtensionSupport  - Spring Data Redis - Could not safely identify store assignment for repository candidate interface cn.edu.sdu.java.server.repositorys.SchoolBusCampusRepository; If you want this repository to be a Redis repository, consider annotating your entities with one of these annotations: org.springframework.data.redis.core.RedisHash (preferred), or consider extending one of the following types with your repository: org.springframework.data.keyvalue.repository.KeyValueRepository
2026-06-01 23:19:57,380 [main] INFO  o.s.d.r.c.RepositoryConfigurationExtensionSupport  - Spring Data Redis - Could not safely identify store assignment for repository candidate interface cn.edu.sdu.java.server.repositorys.SchoolBusReservationRepository; If you want this repository to be a Redis repository, consider annotating your entities with one of these annotations: org.springframework.data.redis.core.RedisHash (preferred), or consider extending one of the following types with your repository: org.springframework.data.keyvalue.repository.KeyValueRepository
2026-06-01 23:19:57,380 [main] INFO  o.s.d.r.c.RepositoryConfigurationExtensionSupport  - Spring Data Redis - Could not safely identify store assignment for repository candidate interface cn.edu.sdu.java.server.repositorys.SchoolBusScheduleRepository; If you want this repository to be a Redis repository, consider annotating your entities with one of these annotations: org.springframework.data.redis.core.RedisHash (preferred), or consider extending one of the following types with your repository: org.springframework.data.keyvalue.repository.KeyValueRepository
2026-06-01 23:19:57,381 [main] INFO  o.s.d.r.c.RepositoryConfigurationExtensionSupport  - Spring Data Redis - Could not safely identify store assignment for repository candidate interface cn.edu.sdu.java.server.repositorys.ScoreRepository; If you want this repository to be a Redis repository, consider annotating your entities with one of these annotations: org.springframework.data.redis.core.RedisHash (preferred), or consider extending one of the following types with your repository: org.springframework.data.keyvalue.repository.KeyValueRepository
2026-06-01 23:19:57,382 [main] INFO  o.s.d.r.c.RepositoryConfigurationExtensionSupport  - Spring Data Redis - Could not safely identify store assignment for repository candidate interface cn.edu.sdu.java.server.repositorys.StatisticsDayRepository; If you want this repository to be a Redis repository, consider annotating your entities with one of these annotations: org.springframework.data.redis.core.RedisHash (preferred), or consider extending one of the following types with your repository: org.springframework.data.keyvalue.repository.KeyValueRepository
2026-06-01 23:19:57,387 [main] INFO  o.s.d.r.c.RepositoryConfigurationExtensionSupport  - Spring Data Redis - Could not safely identify store assignment for repository candidate interface cn.edu.sdu.java.server.repositorys.StudentLeaveRepository; If you want this repository to be a Redis repository, consider annotating your entities with one of these annotations: org.springframework.data.redis.core.RedisHash (preferred), or consider extending one of the following types with your repository: org.springframework.data.keyvalue.repository.KeyValueRepository
2026-06-01 23:19:57,387 [main] INFO  o.s.d.r.c.RepositoryConfigurationExtensionSupport  - Spring Data Redis - Could not safely identify store assignment for repository candidate interface cn.edu.sdu.java.server.repositorys.StudentRepository; If you want this repository to be a Redis repository, consider annotating your entities with one of these annotations: org.springframework.data.redis.core.RedisHash (preferred), or consider extending one of the following types with your repository: org.springframework.data.keyvalue.repository.KeyValueRepository
2026-06-01 23:19:57,387 [main] INFO  o.s.d.r.c.RepositoryConfigurationExtensionSupport  - Spring Data Redis - Could not safely identify store assignment for repository candidate interface cn.edu.sdu.java.server.repositorys.StudentStatisticsRepository; If you want this repository to be a Redis repository, consider annotating your entities with one of these annotations: org.springframework.data.redis.core.RedisHash (preferred), or consider extending one of the following types with your repository: org.springframework.data.keyvalue.repository.KeyValueRepository
2026-06-01 23:19:57,388 [main] INFO  o.s.d.r.c.RepositoryConfigurationExtensionSupport  - Spring Data Redis - Could not safely identify store assignment for repository candidate interface cn.edu.sdu.java.server.repositorys.SystemInfoRepository; If you want this repository to be a Redis repository, consider annotating your entities with one of these annotations: org.springframework.data.redis.core.RedisHash (preferred), or consider extending one of the following types with your repository: org.springframework.data.keyvalue.repository.KeyValueRepository
2026-06-01 23:19:57,388 [main] INFO  o.s.d.r.c.RepositoryConfigurationExtensionSupport  - Spring Data Redis - Could not safely identify store assignment for repository candidate interface cn.edu.sdu.java.server.repositorys.TeacherRepository; If you want this repository to be a Redis repository, consider annotating your entities with one of these annotations: org.springframework.data.redis.core.RedisHash (preferred), or consider extending one of the following types with your repository: org.springframework.data.keyvalue.repository.KeyValueRepository
2026-06-01 23:19:57,388 [main] INFO  o.s.d.r.c.RepositoryConfigurationExtensionSupport  - Spring Data Redis - Could not safely identify store assignment for repository candidate interface cn.edu.sdu.java.server.repositorys.UserRepository; If you want this repository to be a Redis repository, consider annotating your entities with one of these annotations: org.springframework.data.redis.core.RedisHash (preferred), or consider extending one of the following types with your repository: org.springframework.data.keyvalue.repository.KeyValueRepository
2026-06-01 23:19:57,388 [main] INFO  o.s.d.r.c.RepositoryConfigurationExtensionSupport  - Spring Data Redis - Could not safely identify store assignment for repository candidate interface cn.edu.sdu.java.server.repositorys.UserTypeRepository; If you want this repository to be a Redis repository, consider annotating your entities with one of these annotations: org.springframework.data.redis.core.RedisHash (preferred), or consider extending one of the following types with your repository: org.springframework.data.keyvalue.repository.KeyValueRepository
2026-06-01 23:19:57,388 [main] INFO  o.s.d.r.c.RepositoryConfigurationDelegate          - Finished Spring Data repository scanning in 23 ms. Found 0 Redis repository interfaces.
2026-06-01 23:19:57,911 [main] INFO  o.s.b.w.embedded.tomcat.TomcatWebServer            - Tomcat initialized with port 22222 (http)
2026-06-01 23:19:57,930 [main] INFO  o.apache.coyote.http11.Http11NioProtocol           - Initializing ProtocolHandler ["http-nio-22222"]
2026-06-01 23:19:57,931 [main] INFO  o.apache.catalina.core.StandardService             - Starting service [Tomcat]
2026-06-01 23:19:57,932 [main] INFO  org.apache.catalina.core.StandardEngine            - Starting Servlet engine: [Apache Tomcat/10.1.34]
2026-06-01 23:19:58,019 [main] INFO  o.a.c.c.C.[Tomcat].[localhost].[/]                 - Initializing Spring embedded WebApplicationContext
2026-06-01 23:19:58,020 [main] INFO  o.s.b.w.s.c.ServletWebServerApplicationContext     - Root WebApplicationContext: initialization completed in 1615 ms
2026-06-01 23:19:58,173 [main] INFO  o.hibernate.jpa.internal.util.LogHelper            - HHH000204: Processing PersistenceUnitInfo [name: default]
2026-06-01 23:19:58,230 [main] INFO  org.hibernate.Version                              - HHH000412: Hibernate ORM core version 6.6.5.Final
2026-06-01 23:19:58,263 [main] INFO  o.h.c.internal.RegionFactoryInitiator              - HHH000026: Second-level cache disabled
2026-06-01 23:19:58,481 [main] INFO  o.s.o.j.p.SpringPersistenceUnitInfo                - No LoadTimeWeaver setup: ignoring JPA class transformer
2026-06-01 23:19:58,506 [main] INFO  com.zaxxer.hikari.HikariDataSource                 - HikariPool-1 - Starting...
2026-06-01 23:20:08,151 [main] INFO  com.zaxxer.hikari.pool.HikariPool                  - HikariPool-1 - Added connection com.mysql.cj.jdbc.ConnectionImpl@c2e33
2026-06-01 23:20:08,155 [main] INFO  com.zaxxer.hikari.HikariDataSource                 - HikariPool-1 - Start completed.
2026-06-01 23:20:08,241 [main] INFO  org.hibernate.orm.connections.pooling              - HHH10001005: Database info:
	Database JDBC URL [Connecting through datasource 'HikariDataSource (HikariPool-1)']
	Database driver: undefined/unknown
	Database version: 8.0.35
	Autocommit mode: undefined/unknown
	Isolation level: undefined/unknown
	Minimum pool size: undefined/unknown
	Maximum pool size: undefined/unknown
2026-06-01 23:20:09,148 [main] INFO  o.h.e.t.j.p.i.JtaPlatformInitiator                 - HHH000489: No JTA platform available (set 'hibernate.transaction.jta.platform' to enable JTA platform integration)
2026-06-01 23:20:09,430 [main] INFO  o.s.o.j.LocalContainerEntityManagerFactoryBean     - Initialized JPA EntityManagerFactory for persistence unit 'default'
2026-06-01 23:20:09,598 [main] INFO  o.s.d.j.r.query.QueryEnhancerFactory               - Hibernate is in classpath; If applicable, HQL parser will be used.
2026-06-01 23:20:10,073 [main] WARN  o.s.b.a.o.j.JpaBaseConfiguration$JpaWebConfiguration - spring.jpa.open-in-view is enabled by default. Therefore, database queries may be performed during view rendering. Explicitly configure spring.jpa.open-in-view to disable this warning
2026-06-01 23:20:10,393 [main] INFO  o.s.s.c.a.a.c.InitializeAuthenticationProviderBeanManagerConfigurer$InitializeAuthenticationProviderManagerConfigurer - Global AuthenticationManager configured with AuthenticationProvider bean with name authenticationProvider
2026-06-01 23:20:10,393 [main] WARN  o.s.s.c.a.a.c.InitializeUserDetailsBeanManagerConfigurer$InitializeUserDetailsManagerConfigurer - Global AuthenticationManager configured with an AuthenticationProvider bean. UserDetailsService beans will not be used by Spring Security for automatically configuring username/password login. Consider removing the AuthenticationProvider bean. Alternatively, consider using the UserDetailsService in a manually instantiated DaoAuthenticationProvider. If the current configuration is intentional, to turn off this warning, increase the logging level of 'org.springframework.security.config.annotation.authentication.configuration.InitializeUserDetailsBeanManagerConfigurer' to ERROR
2026-06-01 23:20:11,170 [main] INFO  o.s.b.a.w.s.WelcomePageHandlerMapping              - Adding welcome page: class path resource [public/index.html]
2026-06-01 23:20:11,676 [main] INFO  o.apache.coyote.http11.Http11NioProtocol           - Starting ProtocolHandler ["http-nio-22222"]
2026-06-01 23:20:11,694 [main] INFO  o.s.b.w.embedded.tomcat.TomcatWebServer            - Tomcat started on port 22222 (http) with context path '/'
2026-06-01 23:20:11,701 [main] INFO  c.e.s.java.server.JavaServerApplication            - Started JavaServerApplication in 16.649 seconds (process running for 17.175)
2026-06-01 23:20:11,703 [main] INFO  c.e.s.j.server.SystemApplicationListener           - org.springframework.boot.context.event.ApplicationReadyEvent[source=org.springframework.boot.SpringApplication@206be60b]
2026-06-01 23:20:11,703 [main] INFO  c.e.s.j.server.SystemApplicationListener           - SystemInitStart
2026-06-01 23:20:11,854 [main] INFO  c.e.s.j.server.SystemApplicationListener           - systemInitEnd
2026-06-01 23:21:26,058 [http-nio-22222-exec-1] INFO  o.a.c.c.C.[Tomcat].[localhost].[/]                 - Initializing Spring DispatcherServlet 'dispatcherServlet'
2026-06-01 23:21:26,059 [http-nio-22222-exec-1] INFO  o.s.web.servlet.DispatcherServlet                  - Initializing Servlet 'dispatcherServlet'
2026-06-01 23:21:26,060 [http-nio-22222-exec-1] INFO  o.s.web.servlet.DispatcherServlet                  - Completed initialization in 1 ms
2026-06-01 23:21:26,577 [http-nio-22222-exec-2] INFO  c.e.s.j.s.c.JwtAuthenticationFilter                - /api/base/getDataBaseUserName,2022030001,2026-06-01 23:21:26,0.065
2026-06-01 23:21:26,774 [http-nio-22222-exec-3] INFO  c.e.s.j.s.c.JwtAuthenticationFilter                - /api/base/getMenuList,2022030001,2026-06-01 23:21:26,0.19
2026-06-01 23:22:44,101 [http-nio-22222-exec-8] INFO  c.e.s.j.s.c.JwtAuthenticationFilter                - /api/base/getDataBaseUserName,2022030001,2026-06-01 23:22:44,0.03
2026-06-01 23:22:44,221 [http-nio-22222-exec-9] INFO  c.e.s.j.s.c.JwtAuthenticationFilter                - /api/base/getMenuList,2022030001,2026-06-01 23:22:44,0.114
2026-06-01 23:22:49,307 [http-nio-22222-exec-10] INFO  c.e.s.j.s.c.JwtAuthenticationFilter                - /api/notice/getNoticeList,2022030001,2026-06-01 23:22:48,0.34
2026-06-01 23:22:49,698 [http-nio-22222-exec-1] INFO  c.e.s.j.s.c.JwtAuthenticationFilter                - /api/notice/getNoticeList,2022030001,2026-06-01 23:22:49,0.378
2026-06-01 23:22:52,540 [http-nio-22222-exec-6] INFO  c.e.s.j.s.c.JwtAuthenticationFilter                - /api/notice/getNoticeDetail,2022030001,2026-06-01 23:22:52,0.316
2026-06-01 23:22:53,063 [http-nio-22222-exec-7] INFO  c.e.s.j.s.c.JwtAuthenticationFilter                - /api/notice/getNoticeList,2022030001,2026-06-01 23:22:52,0.499
2026-06-01 23:22:58,728 [http-nio-22222-exec-8] INFO  c.e.s.j.s.c.JwtAuthenticationFilter                - /api/notice/getNoticeDetail,2022030001,2026-06-01 23:22:58,0.295
2026-06-01 23:22:58,902 [http-nio-22222-exec-9] INFO  c.e.s.j.s.c.JwtAuthenticationFilter                - /api/notice/getNoticeList,2022030001,2026-06-01 23:22:58,0.163
2026-06-01 23:23:02,316 [http-nio-22222-exec-10] INFO  c.e.s.j.s.c.JwtAuthenticationFilter                - /api/questionnaire/getQuestionnaireList,2022030001,2026-06-01 23:23:02,0.087
2026-06-01 23:23:02,656 [http-nio-22222-exec-1] INFO  c.e.s.j.s.c.JwtAuthenticationFilter                - /api/notice/getNoticeList,2022030001,2026-06-01 23:23:02,0.328
2026-06-01 23:23:02,741 [http-nio-22222-exec-3] INFO  c.e.s.j.s.c.JwtAuthenticationFilter                - /api/questionnaire/getQuestionnaireList,2022030001,2026-06-01 23:23:02,0.074
2026-06-01 23:23:08,308 [http-nio-22222-exec-10] INFO  c.e.s.j.s.c.JwtAuthenticationFilter                - /api/questionnaire/getQuestionnaireList,2022030001,2026-06-01 23:23:08,0.069
2026-06-01 23:23:10,367 [http-nio-22222-exec-1] INFO  c.e.s.j.s.c.JwtAuthenticationFilter                - /api/questionnaire/getQuestionnaireDetail,2022030001,2026-06-01 23:23:10,0.124
2026-06-01 23:23:12,575 [http-nio-22222-exec-3] INFO  c.e.s.j.s.c.JwtAuthenticationFilter                - /api/questionnaire/getQuestionnaireDetail,2022030001,2026-06-01 23:23:12,0.13
2026-06-01 23:23:12,715 [http-nio-22222-exec-7] INFO  c.e.s.j.s.c.JwtAuthenticationFilter                - /api/questionnaire/getMyResponse,2022030001,2026-06-01 23:23:12,0.072
2026-06-01 23:23:40,252 [http-nio-22222-exec-5] INFO  c.e.s.j.s.c.JwtAuthenticationFilter                - /api/questionnaire/submitResponse,2022030001,2026-06-01 23:23:39,1.15
2026-06-01 23:23:40,347 [http-nio-22222-exec-6] INFO  c.e.s.j.s.c.JwtAuthenticationFilter                - /api/questionnaire/getQuestionnaireList,2022030001,2026-06-01 23:23:40,0.067
2026-06-01 23:23:44,755 [http-nio-22222-exec-1] INFO  c.e.s.j.s.c.JwtAuthenticationFilter                - /api/questionnaire/getQuestionnaireDetail,2022030001,2026-06-01 23:23:44,0.131
2026-06-01 23:23:44,829 [http-nio-22222-exec-3] INFO  c.e.s.j.s.c.JwtAuthenticationFilter                - /api/questionnaire/getMyResponse,2022030001,2026-06-01 23:23:44,0.064
2026-06-01 23:23:47,175 [http-nio-22222-exec-7] INFO  c.e.s.j.s.c.JwtAuthenticationFilter                - /api/questionnaire/getQuestionnaireList,2022030001,2026-06-01 23:23:47,0.08
2026-06-01 23:23:49,282 [http-nio-22222-exec-8] INFO  c.e.s.j.s.c.JwtAuthenticationFilter                - /api/questionnaire/getQuestionnaireList,2022030001,2026-06-01 23:23:49,0.071
2026-06-01 23:23:50,434 [http-nio-22222-exec-9] INFO  c.e.s.j.s.c.JwtAuthenticationFilter                - /api/questionnaire/getQuestionnaireList,2022030001,2026-06-01 23:23:50,0.097
2026-06-01 23:23:51,383 [http-nio-22222-exec-7] INFO  c.e.s.j.s.c.JwtAuthenticationFilter                - /api/questionnaire/getQuestionnaireDetail,2022030001,2026-06-01 23:23:51,0.108
2026-06-01 23:23:54,188 [http-nio-22222-exec-8] INFO  c.e.s.j.s.c.JwtAuthenticationFilter                - /api/questionnaire/getQuestionnaireDetail,2022030001,2026-06-01 23:23:54,0.117
2026-06-01 23:23:54,256 [http-nio-22222-exec-9] INFO  c.e.s.j.s.c.JwtAuthenticationFilter                - /api/questionnaire/getMyResponse,2022030001,2026-06-01 23:23:54,0.056
2026-06-01 23:24:04,936 [http-nio-22222-exec-6] INFO  c.e.s.j.s.c.JwtAuthenticationFilter                - /api/questionnaire/submitResponse,2022030001,2026-06-01 23:24:03,1.117
2026-06-01 23:24:05,033 [http-nio-22222-exec-5] INFO  c.e.s.j.s.c.JwtAuthenticationFilter                - /api/questionnaire/getQuestionnaireList,2022030001,2026-06-01 23:24:04,0.075
2026-06-01 23:24:08,351 [http-nio-22222-exec-2] INFO  c.e.s.j.s.c.JwtAuthenticationFilter                - /api/questionnaire/getQuestionnaireDetail,2022030001,2026-06-01 23:24:08,0.109
2026-06-01 23:24:21,391 [http-nio-22222-exec-4] INFO  c.e.s.j.s.c.JwtAuthenticationFilter                - /api/questionnaire/getQuestionnaireDetail,2022030001,2026-06-01 23:24:21,0.104
2026-06-01 23:24:21,451 [http-nio-22222-exec-10] INFO  c.e.s.j.s.c.JwtAuthenticationFilter                - /api/questionnaire/getMyResponse,2022030001,2026-06-01 23:24:21,0.049
2026-06-01 23:24:29,610 [http-nio-22222-exec-8] INFO  c.e.s.j.s.c.JwtAuthenticationFilter                - /api/questionnaire/submitResponse,2022030001,2026-06-01 23:24:28,0.808
2026-06-01 23:24:29,700 [http-nio-22222-exec-9] INFO  c.e.s.j.s.c.JwtAuthenticationFilter                - /api/questionnaire/getQuestionnaireList,2022030001,2026-06-01 23:24:29,0.065
2026-06-01 23:24:34,424 [http-nio-22222-exec-6] INFO  c.e.s.j.s.c.JwtAuthenticationFilter                - /api/questionnaire/getQuestionnaireDetail,2022030001,2026-06-01 23:24:34,0.104
2026-06-01 23:24:34,482 [http-nio-22222-exec-5] INFO  c.e.s.j.s.c.JwtAuthenticationFilter                - /api/questionnaire/getMyResponse,2022030001,2026-06-01 23:24:34,0.05
2026-06-01 23:24:46,481 [http-nio-22222-exec-1] INFO  c.e.s.j.s.c.JwtAuthenticationFilter                - /api/questionnaire/getQuestionnaireList,2022030001,2026-06-01 23:24:46,0.058
2026-06-01 23:24:53,239 [http-nio-22222-exec-8] INFO  c.e.s.j.s.c.JwtAuthenticationFilter                - /api/score/getScoreList,2022030001,2026-06-01 23:24:53,0.148
2026-06-01 23:24:53,313 [http-nio-22222-exec-9] INFO  c.e.s.j.s.c.JwtAuthenticationFilter                - /api/questionnaire/getQuestionnaireList,2022030001,2026-06-01 23:24:53,0.068
2026-06-01 23:24:56,719 [http-nio-22222-exec-7] INFO  c.e.s.j.s.c.JwtAuthenticationFilter                - /api/studentLeave/getTeacherItemOptionList,2022030001,2026-06-01 23:24:56,0.148
2026-06-01 23:24:56,846 [http-nio-22222-exec-8] INFO  c.e.s.j.s.c.JwtAuthenticationFilter                - /api/base/getDictionaryOptionItemList,2022030001,2026-06-01 23:24:56,0.117
2026-06-01 23:24:56,973 [http-nio-22222-exec-9] INFO  c.e.s.j.s.c.JwtAuthenticationFilter                - /api/studentLeave/getStudentLeaveList,2022030001,2026-06-01 23:24:56,0.122
2026-06-01 23:25:12,617 [http-nio-22222-exec-2] INFO  c.e.s.j.s.c.JwtAuthenticationFilter                - /api/studentLeave/studentLeaveSave,2022030001,2026-06-01 23:25:12,0.294
2026-06-01 23:25:12,762 [http-nio-22222-exec-3] INFO  c.e.s.j.s.c.JwtAuthenticationFilter                - /api/studentLeave/getStudentLeaveList,2022030001,2026-06-01 23:25:12,0.117
2026-06-01 23:25:16,407 [http-nio-22222-exec-1] INFO  c.e.s.j.s.c.JwtAuthenticationFilter                - /api/courseware/getCoursewareList,2022030001,2026-06-01 23:25:16,0.061
2026-06-01 23:25:16,467 [http-nio-22222-exec-4] INFO  c.e.s.j.s.c.JwtAuthenticationFilter                - /api/courseware/getCoursewareList,2022030001,2026-06-01 23:25:16,0.046
2026-06-01 23:25:19,717 [http-nio-22222-exec-7] INFO  c.e.s.j.s.c.JwtAuthenticationFilter                - /api/courseware/download/10,2022030001,2026-06-01 23:25:19,0.329
2026-06-01 23:25:27,526 [http-nio-22222-exec-5] INFO  c.e.s.j.s.c.JwtAuthenticationFilter                - /api/courseware/download/10,2022030001,2026-06-01 23:25:27,0.291
2026-06-01 23:25:35,005 [http-nio-22222-exec-2] INFO  c.e.s.j.s.c.JwtAuthenticationFilter                - /api/schoolbus/getCampusList,2022030001,2026-06-01 23:25:34,0.068
2026-06-01 23:25:35,073 [http-nio-22222-exec-3] INFO  c.e.s.j.s.c.JwtAuthenticationFilter                - /api/schoolbus/getActiveSchedules,2022030001,2026-06-01 23:25:35,0.063
2026-06-01 23:25:35,116 [http-nio-22222-exec-1] INFO  c.e.s.j.s.c.JwtAuthenticationFilter                - /api/courseware/getCoursewareList,2022030001,2026-06-01 23:25:35,0.036
2026-06-01 23:25:35,171 [http-nio-22222-exec-4] INFO  c.e.s.j.s.c.JwtAuthenticationFilter                - /api/schoolbus/getActiveSchedules,2022030001,2026-06-01 23:25:35,0.048
2026-06-01 23:25:38,116 [http-nio-22222-exec-5] INFO  c.e.s.j.s.c.JwtAuthenticationFilter                - /api/schoolbus/getCampusList,2022030001,2026-06-01 23:25:38,0.058
2026-06-01 23:25:38,466 [http-nio-22222-exec-3] INFO  c.e.s.j.s.c.JwtAuthenticationFilter                - /api/schoolbus/getMyReservations,2022030001,2026-06-01 23:25:38,0.342
2026-06-01 23:25:38,527 [http-nio-22222-exec-1] INFO  c.e.s.j.s.c.JwtAuthenticationFilter                - /api/schoolbus/getActiveSchedules,2022030001,2026-06-01 23:25:38,0.053
2026-06-01 23:25:38,883 [http-nio-22222-exec-4] INFO  c.e.s.j.s.c.JwtAuthenticationFilter                - /api/schoolbus/getMyReservations,2022030001,2026-06-01 23:25:38,0.351
2026-06-01 23:25:42,502 [http-nio-22222-exec-6] INFO  c.e.s.j.s.c.JwtAuthenticationFilter                - /api/schoolbus/getMyReservations,2022030001,2026-06-01 23:25:42,0.397
2026-06-01 23:25:42,561 [http-nio-22222-exec-10] INFO  c.e.s.j.s.c.JwtAuthenticationFilter                - /api/schoolbus/getActiveSchedules,2022030001,2026-06-01 23:25:42,0.047
2026-06-01 23:25:48,408 [http-nio-22222-exec-2] INFO  c.e.s.j.s.c.JwtAuthenticationFilter                - /api/schoolbus/reserveSeat,2022030001,2026-06-01 23:25:48,0.098
2026-06-01 23:25:54,360 [http-nio-22222-exec-5] INFO  c.e.s.j.s.c.JwtAuthenticationFilter                - /api/schoolbus/getActiveSchedules,2022030001,2026-06-01 23:25:54,0.057
2026-06-01 23:25:54,728 [http-nio-22222-exec-3] INFO  c.e.s.j.s.c.JwtAuthenticationFilter                - /api/schoolbus/getMyReservations,2022030001,2026-06-01 23:25:54,0.361
2026-06-01 23:26:09,654 [http-nio-22222-exec-10] INFO  c.e.s.j.s.c.JwtAuthenticationFilter                - /api/schoolbus/cancelReservation,2022030001,2026-06-01 23:26:09,0.422
2026-06-01 23:26:09,962 [http-nio-22222-exec-2] INFO  c.e.s.j.s.c.JwtAuthenticationFilter                - /api/schoolbus/getMyReservations,2022030001,2026-06-01 23:26:09,0.286
2026-06-01 23:26:14,691 [http-nio-22222-exec-5] INFO  c.e.s.j.s.c.JwtAuthenticationFilter                - /api/schoolbus/getMyReservations,2022030001,2026-06-01 23:26:14,0.329
2026-06-01 23:26:14,762 [http-nio-22222-exec-3] INFO  c.e.s.j.s.c.JwtAuthenticationFilter                - /api/schoolbus/getActiveSchedules,2022030001,2026-06-01 23:26:14,0.061
2026-06-01 23:26:21,025 [http-nio-22222-exec-1] INFO  c.e.s.j.s.c.JwtAuthenticationFilter                - /api/schoolbus/reserveSeat,2022030001,2026-06-01 23:26:20,0.538
2026-06-01 23:26:21,092 [http-nio-22222-exec-9] INFO  c.e.s.j.s.c.JwtAuthenticationFilter                - /api/schoolbus/getActiveSchedules,2022030001,2026-06-01 23:26:21,0.041
2026-06-01 23:26:23,579 [http-nio-22222-exec-7] INFO  c.e.s.j.s.c.JwtAuthenticationFilter                - /api/schoolbus/getActiveSchedules,2022030001,2026-06-01 23:26:23,0.055
2026-06-01 23:26:23,955 [http-nio-22222-exec-4] INFO  c.e.s.j.s.c.JwtAuthenticationFilter                - /api/schoolbus/getMyReservations,2022030001,2026-06-01 23:26:23,0.366
2026-06-01 23:26:28,123 [http-nio-22222-exec-8] INFO  c.e.s.j.s.c.JwtAuthenticationFilter                - /api/course/getCourseList,2022030001,2026-06-01 23:26:28,0.056
2026-06-01 23:26:28,507 [http-nio-22222-exec-6] INFO  c.e.s.j.s.c.JwtAuthenticationFilter                - /api/schoolbus/getMyReservations,2022030001,2026-06-01 23:26:28,0.372
2026-06-01 23:26:34,291 [http-nio-22222-exec-10] INFO  c.e.s.j.s.c.JwtAuthenticationFilter                - /api/student/getCourses,2022030001,2026-06-01 23:26:34,0.261
2026-06-01 23:26:34,409 [http-nio-22222-exec-2] INFO  c.e.s.j.s.c.JwtAuthenticationFilter                - /api/student/getMySelections,2022030001,2026-06-01 23:26:34,0.107
2026-06-01 23:26:39,459 [http-nio-22222-exec-7] INFO  c.e.s.j.s.c.JwtAuthenticationFilter                - /api/student/getCourses,2022030001,2026-06-01 23:26:39,0.285
2026-06-01 23:26:39,557 [http-nio-22222-exec-4] INFO  c.e.s.j.s.c.JwtAuthenticationFilter                - /api/student/getMySelections,2022030001,2026-06-01 23:26:39,0.087
2026-06-01 23:27:03,784 [http-nio-22222-exec-5] INFO  c.e.s.j.s.c.JwtAuthenticationFilter                - /api/base/getDataBaseUserName,22,2026-06-01 23:27:03,0.044
2026-06-01 23:27:04,035 [http-nio-22222-exec-3] INFO  c.e.s.j.s.c.JwtAuthenticationFilter                - /api/base/getMenuList,22,2026-06-01 23:27:03,0.244
2026-06-01 23:27:18,763 [http-nio-22222-exec-1] INFO  c.e.s.j.s.c.JwtAuthenticationFilter                - /api/studentLeave/getTeacherItemOptionList,22,2026-06-01 23:27:18,0.072
2026-06-01 23:27:18,806 [http-nio-22222-exec-7] INFO  c.e.s.j.s.c.JwtAuthenticationFilter                - /api/base/getDictionaryOptionItemList,22,2026-06-01 23:27:18,0.038
2026-06-01 23:27:18,889 [http-nio-22222-exec-4] INFO  c.e.s.j.s.c.JwtAuthenticationFilter                - /api/studentLeave/getStudentLeaveList,22,2026-06-01 23:27:18,0.076
2026-06-01 23:27:24,920 [http-nio-22222-exec-9] INFO  c.e.s.j.s.c.JwtAuthenticationFilter                - /api/studentLeave/studentLeaveCheck,22,2026-06-01 23:27:24,0.253
2026-06-01 23:27:25,030 [http-nio-22222-exec-10] INFO  c.e.s.j.s.c.JwtAuthenticationFilter                - /api/studentLeave/getStudentLeaveList,22,2026-06-01 23:27:24,0.082
2026-06-01 23:27:31,975 [http-nio-22222-exec-2] INFO  c.e.s.j.s.c.JwtAuthenticationFilter                - /api/course/getCourseList,22,2026-06-01 23:27:31,0.053
2026-06-01 23:27:32,039 [http-nio-22222-exec-6] INFO  c.e.s.j.s.c.JwtAuthenticationFilter                - /api/courseware/getCoursewareList,22,2026-06-01 23:27:31,0.06
2026-06-01 23:27:32,094 [http-nio-22222-exec-1] INFO  c.e.s.j.s.c.JwtAuthenticationFilter                - /api/courseware/getCoursewareList,22,2026-06-01 23:27:32,0.044
2026-06-01 23:27:35,465 [http-nio-22222-exec-9] INFO  c.e.s.j.s.c.JwtAuthenticationFilter                - /api/courseware/delete,22,2026-06-01 23:27:35,0.187
2026-06-01 23:27:35,522 [http-nio-22222-exec-10] INFO  c.e.s.j.s.c.JwtAuthenticationFilter                - /api/courseware/getCoursewareList,22,2026-06-01 23:27:35,0.04
2026-06-01 23:27:47,964 [http-nio-22222-exec-6] INFO  c.e.s.j.s.c.JwtAuthenticationFilter                - /api/courseware/upload,22,2026-06-01 23:27:47,0.257
2026-06-01 23:27:48,035 [http-nio-22222-exec-1] INFO  c.e.s.j.s.c.JwtAuthenticationFilter                - /api/courseware/getCoursewareList,22,2026-06-01 23:27:47,0.049
2026-06-01 23:27:52,746 [http-nio-22222-exec-7] INFO  c.e.s.j.s.c.JwtAuthenticationFilter                - /api/schoolbus/getCampusList,22,2026-06-01 23:27:52,0.03
2026-06-01 23:27:52,791 [http-nio-22222-exec-5] INFO  c.e.s.j.s.c.JwtAuthenticationFilter                - /api/schoolbus/getActiveSchedules,22,2026-06-01 23:27:52,0.04
2026-06-01 23:27:52,838 [http-nio-22222-exec-4] INFO  c.e.s.j.s.c.JwtAuthenticationFilter                - /api/courseware/getCoursewareList,22,2026-06-01 23:27:52,0.037
2026-06-01 23:27:52,877 [http-nio-22222-exec-3] INFO  c.e.s.j.s.c.JwtAuthenticationFilter                - /api/schoolbus/getActiveSchedules,22,2026-06-01 23:27:52,0.033
2026-06-01 23:27:55,376 [http-nio-22222-exec-5] INFO  c.e.s.j.s.c.JwtAuthenticationFilter                - /api/schoolbus/getCampusList,22,2026-06-01 23:27:55,0.064
2026-06-01 23:27:55,552 [http-nio-22222-exec-4] INFO  c.e.s.j.s.c.JwtAuthenticationFilter                - /api/schoolbus/getMyReservations,22,2026-06-01 23:27:55,0.171
2026-06-01 23:27:55,619 [http-nio-22222-exec-3] INFO  c.e.s.j.s.c.JwtAuthenticationFilter                - /api/schoolbus/getActiveSchedules,22,2026-06-01 23:27:55,0.055
2026-06-01 23:27:55,808 [http-nio-22222-exec-10] INFO  c.e.s.j.s.c.JwtAuthenticationFilter                - /api/schoolbus/getMyReservations,22,2026-06-01 23:27:55,0.176
2026-06-01 23:27:57,486 [http-nio-22222-exec-2] INFO  c.e.s.j.s.c.JwtAuthenticationFilter                - /api/schoolbus/getMyReservations,22,2026-06-01 23:27:57,0.172
2026-06-01 23:27:57,547 [http-nio-22222-exec-9] INFO  c.e.s.j.s.c.JwtAuthenticationFilter                - /api/schoolbus/getActiveSchedules,22,2026-06-01 23:27:57,0.053
2026-06-01 23:28:03,010 [http-nio-22222-exec-5] INFO  c.e.s.j.s.c.JwtAuthenticationFilter                - /api/schoolbus/reserveSeat,22,2026-06-01 23:28:02,0.47
2026-06-01 23:28:03,066 [http-nio-22222-exec-4] INFO  c.e.s.j.s.c.JwtAuthenticationFilter                - /api/schoolbus/getActiveSchedules,22,2026-06-01 23:28:03,0.039
2026-06-01 23:28:05,634 [http-nio-22222-exec-3] INFO  c.e.s.j.s.c.JwtAuthenticationFilter                - /api/schoolbus/getActiveSchedules,22,2026-06-01 23:28:05,0.058
2026-06-01 23:28:05,862 [http-nio-22222-exec-10] INFO  c.e.s.j.s.c.JwtAuthenticationFilter                - /api/schoolbus/getMyReservations,22,2026-06-01 23:28:05,0.217
2026-06-01 23:28:14,072 [http-nio-22222-exec-6] INFO  c.e.s.j.s.c.JwtAuthenticationFilter                - /api/schoolbus/cancelReservation,22,2026-06-01 23:28:13,0.426
2026-06-01 23:28:14,268 [http-nio-22222-exec-7] INFO  c.e.s.j.s.c.JwtAuthenticationFilter                - /api/schoolbus/getMyReservations,22,2026-06-01 23:28:14,0.174
2026-06-01 23:28:18,289 [http-nio-22222-exec-6] INFO  c.e.s.j.s.c.JwtAuthenticationFilter                - /api/course/getCourseList,22,2026-06-01 23:28:18,0.053
2026-06-01 23:28:18,498 [http-nio-22222-exec-7] INFO  c.e.s.j.s.c.JwtAuthenticationFilter                - /api/schoolbus/getMyReservations,22,2026-06-01 23:28:18,0.201
2026-06-01 23:28:25,716 [http-nio-22222-exec-2] INFO  c.e.s.j.s.c.JwtAuthenticationFilter                - /api/course/getCourseList,22,2026-06-01 23:28:25,0.05
2026-06-01 23:28:26,085 [http-nio-22222-exec-5] INFO  c.e.s.j.s.c.JwtAuthenticationFilter                - /api/student/getAllSelections,22,2026-06-01 23:28:25,0.36
2026-06-01 23:28:26,175 [http-nio-22222-exec-1] INFO  c.e.s.j.s.c.JwtAuthenticationFilter                - /api/course/getCourseList,22,2026-06-01 23:28:26,0.076
2026-06-01 23:28:26,566 [http-nio-22222-exec-3] INFO  c.e.s.j.s.c.JwtAuthenticationFilter                - /api/student/getAllSelections,22,2026-06-01 23:28:26,0.385
2026-06-01 23:28:40,794 [http-nio-22222-exec-10] INFO  c.e.s.j.s.c.JwtAuthenticationFilter                - /api/base/getDictionaryOptionItemList,22,2026-06-01 23:28:40,0.065
2026-06-01 23:28:40,908 [http-nio-22222-exec-8] INFO  c.e.s.j.s.c.JwtAuthenticationFilter                - /api/student/getStudentList,22,2026-06-01 23:28:40,0.104
2026-06-01 23:28:40,963 [http-nio-22222-exec-4] INFO  c.e.s.j.s.c.JwtAuthenticationFilter                - /api/base/getDictionaryOptionItemList,22,2026-06-01 23:28:40,0.048
2026-06-01 23:28:42,782 [http-nio-22222-exec-4] INFO  c.e.s.j.s.c.JwtAuthenticationFilter                - /api/base/getDictionaryOptionItemList,22,2026-06-01 23:28:42,0.061
2026-06-01 23:28:42,870 [http-nio-22222-exec-2] INFO  c.e.s.j.s.c.JwtAuthenticationFilter                - /api/teacher/getTeacherList,22,2026-06-01 23:28:42,0.077
2026-06-01 23:29:59,805 [http-nio-22222-exec-6] INFO  c.e.s.j.s.c.JwtAuthenticationFilter                - /api/score/getStudentItemOptionList,22,2026-06-01 23:29:59,0.106
2026-06-01 23:29:59,908 [http-nio-22222-exec-3] INFO  c.e.s.j.s.c.JwtAuthenticationFilter                - /api/score/getCourseItemOptionList,22,2026-06-01 23:29:59,0.094
2026-06-01 23:30:00,094 [http-nio-22222-exec-8] INFO  c.e.s.j.s.c.JwtAuthenticationFilter                - /api/score/getScoreList,22,2026-06-01 23:29:59,0.169
2026-06-01 23:30:12,245 [http-nio-22222-exec-1] INFO  c.e.s.j.s.c.JwtAuthenticationFilter                - /api/score/scoreSave,22,2026-06-01 23:30:11,0.41
2026-06-01 23:30:12,380 [http-nio-22222-exec-4] INFO  c.e.s.j.s.c.JwtAuthenticationFilter                - /api/score/getScoreList,22,2026-06-01 23:30:12,0.128
2026-06-01 23:30:16,154 [http-nio-22222-exec-2] INFO  c.e.s.j.s.c.JwtAuthenticationFilter                - /api/notice/getNoticeList,22,2026-06-01 23:30:15,0.308
2026-06-01 23:30:16,349 [http-nio-22222-exec-9] INFO  c.e.s.j.s.c.JwtAuthenticationFilter                - /api/notice/getNoticeList,22,2026-06-01 23:30:16,0.183
2026-06-01 23:30:19,721 [http-nio-22222-exec-7] INFO  c.e.s.j.s.c.JwtAuthenticationFilter                - /api/notice/getNoticeDetail,22,2026-06-01 23:30:19,0.361
2026-06-01 23:30:20,109 [http-nio-22222-exec-8] INFO  c.e.s.j.s.c.JwtAuthenticationFilter                - /api/notice/getNoticeList,22,2026-06-01 23:30:19,0.37
2026-06-01 23:30:21,178 [http-nio-22222-exec-1] INFO  c.e.s.j.s.c.JwtAuthenticationFilter                - /api/notice/getNoticeDetail,22,2026-06-01 23:30:20,0.182
2026-06-01 23:30:21,505 [http-nio-22222-exec-4] INFO  c.e.s.j.s.c.JwtAuthenticationFilter                - /api/notice/getNoticeList,22,2026-06-01 23:30:21,0.314
2026-06-01 23:30:23,359 [http-nio-22222-exec-2] INFO  c.e.s.j.s.c.JwtAuthenticationFilter                - /api/student/getStudentList,22,2026-06-01 23:30:23,0.311
2026-06-01 23:30:23,943 [http-nio-22222-exec-9] INFO  c.e.s.j.s.c.JwtAuthenticationFilter                - /api/notice/getMyNoticeList,22,2026-06-01 23:30:23,0.557
2026-06-01 23:30:24,973 [http-nio-22222-exec-10] INFO  c.e.s.j.s.c.JwtAuthenticationFilter                - /api/notice/getNoticeList,22,2026-06-01 23:30:23,1.017
2026-06-01 23:30:25,563 [http-nio-22222-exec-3] INFO  c.e.s.j.s.c.JwtAuthenticationFilter                - /api/notice/getMyNoticeList,22,2026-06-01 23:30:24,0.581
2026-06-01 23:30:34,147 [http-nio-22222-exec-6] INFO  c.e.s.j.s.c.JwtAuthenticationFilter                - /api/questionnaire/getMyQuestionnaireList,22,2026-06-01 23:30:34,0.056
2026-06-01 23:30:34,276 [http-nio-22222-exec-7] INFO  c.e.s.j.s.c.JwtAuthenticationFilter                - /api/notice/getMyNoticeList,22,2026-06-01 23:30:34,0.119
2026-06-01 23:30:34,340 [http-nio-22222-exec-8] INFO  c.e.s.j.s.c.JwtAuthenticationFilter                - /api/questionnaire/getMyQuestionnaireList,22,2026-06-01 23:30:34,0.058
2026-06-01 23:30:56,947 [http-nio-22222-exec-9] INFO  c.e.s.j.s.c.JwtAuthenticationFilter                - /api/questionnaire/getMyQuestionnaireList,22,2026-06-01 23:30:56,0.048
2026-06-01 23:30:57,121 [http-nio-22222-exec-5] INFO  c.e.s.j.s.c.JwtAuthenticationFilter                - /api/notice/getMyNoticeList,22,2026-06-01 23:30:56,0.165
2026-06-01 23:30:57,852 [http-nio-22222-exec-6] INFO  c.e.s.j.s.c.JwtAuthenticationFilter                - /api/notice/getMyNoticeList,22,2026-06-01 23:30:57,0.146
2026-06-01 23:30:57,900 [http-nio-22222-exec-7] INFO  c.e.s.j.s.c.JwtAuthenticationFilter                - /api/questionnaire/getMyQuestionnaireList,22,2026-06-01 23:30:57,0.044
2026-06-01 23:31:26,861 [http-nio-22222-exec-10] INFO  c.e.s.j.s.c.JwtAuthenticationFilter                - /api/questionnaire/getMyQuestionnaireList,22,2026-06-01 23:31:26,0.059
2026-06-01 23:31:27,573 [http-nio-22222-exec-2] INFO  c.e.s.j.s.c.JwtAuthenticationFilter                - /api/questionnaire/getMyQuestionnaireList,22,2026-06-01 23:31:27,0.053
2026-06-01 23:31:28,332 [http-nio-22222-exec-4] INFO  c.e.s.j.s.c.JwtAuthenticationFilter                - /api/questionnaire/getMyQuestionnaireList,22,2026-06-01 23:31:28,0.052
2026-06-01 23:31:35,865 [http-nio-22222-exec-5] INFO  c.e.s.j.s.c.JwtAuthenticationFilter                - /api/practice/getReviewProjectList,22,2026-06-01 23:31:35,0.279
2026-06-01 23:31:35,918 [http-nio-22222-exec-6] INFO  c.e.s.j.s.c.JwtAuthenticationFilter                - /api/practice/getKeyTopicList,22,2026-06-01 23:31:35,0.044
2026-06-01 23:31:35,965 [http-nio-22222-exec-7] INFO  c.e.s.j.s.c.JwtAuthenticationFilter                - /api/questionnaire/getMyQuestionnaireList,22,2026-06-01 23:31:35,0.035
2026-06-01 23:31:36,036 [http-nio-22222-exec-8] INFO  c.e.s.j.s.c.JwtAuthenticationFilter                - /api/practice/getReviewProjectList,22,2026-06-01 23:31:35,0.062
2026-06-01 23:31:36,086 [http-nio-22222-exec-10] INFO  c.e.s.j.s.c.JwtAuthenticationFilter                - /api/practice/getKeyTopicList,22,2026-06-01 23:31:36,0.047
2026-06-01 23:31:39,901 [http-nio-22222-exec-3] INFO  c.e.s.j.s.c.JwtAuthenticationFilter                - /api/practice/getReviewProjectList,22,2026-06-01 23:31:39,0.092
2026-06-01 23:31:39,970 [http-nio-22222-exec-1] INFO  c.e.s.j.s.c.JwtAuthenticationFilter                - /api/practice/getKeyTopicList,22,2026-06-01 23:31:39,0.057
2026-06-01 23:31:40,027 [http-nio-22222-exec-2] INFO  c.e.s.j.s.c.JwtAuthenticationFilter                - /api/courseware/getCoursewareList,22,2026-06-01 23:31:39,0.047
2026-06-01 23:31:51,132 [http-nio-22222-exec-5] INFO  c.e.s.j.s.c.JwtAuthenticationFilter                - /api/base/getDataBaseUserName,admin,2026-06-01 23:31:51,0.041
2026-06-01 23:31:51,384 [http-nio-22222-exec-8] INFO  c.e.s.j.s.c.JwtAuthenticationFilter                - /api/base/getMenuList,admin,2026-06-01 23:31:51,0.246
2026-06-01 23:32:37,081 [http-nio-22222-exec-1] INFO  c.e.s.j.s.c.JwtAuthenticationFilter                - /api/studentLeave/getTeacherItemOptionList,admin,2026-06-01 23:32:36,0.118
2026-06-01 23:32:37,131 [http-nio-22222-exec-2] INFO  c.e.s.j.s.c.JwtAuthenticationFilter                - /api/base/getDictionaryOptionItemList,admin,2026-06-01 23:32:37,0.041
2026-06-01 23:32:37,242 [http-nio-22222-exec-7] INFO  c.e.s.j.s.c.JwtAuthenticationFilter                - /api/studentLeave/getStudentLeaveList,admin,2026-06-01 23:32:37,0.105
2026-06-01 23:32:40,391 [http-nio-22222-exec-5] INFO  c.e.s.j.s.c.JwtAuthenticationFilter                - /api/studentLeave/studentLeaveCheck,admin,2026-06-01 23:32:40,0.166
2026-06-01 23:32:40,478 [http-nio-22222-exec-8] INFO  c.e.s.j.s.c.JwtAuthenticationFilter                - /api/studentLeave/getStudentLeaveList,admin,2026-06-01 23:32:40,0.058
2026-06-01 23:32:46,534 [http-nio-22222-exec-6] INFO  c.e.s.j.s.c.JwtAuthenticationFilter                - /api/course/getCourseList,admin,2026-06-01 23:32:46,0.055
2026-06-01 23:32:46,583 [http-nio-22222-exec-3] INFO  c.e.s.j.s.c.JwtAuthenticationFilter                - /api/courseware/getCoursewareList,admin,2026-06-01 23:32:46,0.041
2026-06-01 23:32:46,618 [http-nio-22222-exec-1] INFO  c.e.s.j.s.c.JwtAuthenticationFilter                - /api/courseware/getCoursewareList,admin,2026-06-01 23:32:46,0.027
2026-06-01 23:32:48,903 [http-nio-22222-exec-2] INFO  c.e.s.j.s.c.JwtAuthenticationFilter                - /api/schoolbus/getCampusList,admin,2026-06-01 23:32:48,0.043
2026-06-01 23:32:48,963 [http-nio-22222-exec-7] INFO  c.e.s.j.s.c.JwtAuthenticationFilter                - /api/schoolbus/getAllSchedules,admin,2026-06-01 23:32:48,0.051
2026-06-01 23:32:49,000 [http-nio-22222-exec-10] INFO  c.e.s.j.s.c.JwtAuthenticationFilter                - /api/courseware/getCoursewareList,admin,2026-06-01 23:32:48,0.027
2026-06-01 23:32:49,042 [http-nio-22222-exec-11] INFO  c.e.s.j.s.c.JwtAuthenticationFilter                - /api/schoolbus/getAllSchedules,admin,2026-06-01 23:32:49,0.037
2026-06-01 23:32:51,114 [http-nio-22222-exec-11] INFO  c.e.s.j.s.c.JwtAuthenticationFilter                - /api/course/getCourseList,admin,2026-06-01 23:32:51,0.057
2026-06-01 23:32:51,197 [http-nio-22222-exec-1] INFO  c.e.s.j.s.c.JwtAuthenticationFilter                - /api/schoolbus/getAllSchedules,admin,2026-06-01 23:32:51,0.073
2026-06-01 23:32:52,399 [http-nio-22222-exec-2] INFO  c.e.s.j.s.c.JwtAuthenticationFilter                - /api/student/getCourses,admin,2026-06-01 23:32:52,0.33
2026-06-01 23:32:52,512 [http-nio-22222-exec-7] INFO  c.e.s.j.s.c.JwtAuthenticationFilter                - /api/student/getMySelections,admin,2026-06-01 23:32:52,0.105
2026-06-01 23:33:28,405 [http-nio-22222-exec-6] INFO  c.e.s.j.s.c.JwtAuthenticationFilter                - /api/course/getCourseList,admin,2026-06-01 23:33:28,0.064
2026-06-01 23:33:28,842 [http-nio-22222-exec-8] INFO  c.e.s.j.s.c.JwtAuthenticationFilter                - /api/student/getAllSelections,admin,2026-06-01 23:33:28,0.428
2026-06-01 23:33:28,918 [http-nio-22222-exec-11] INFO  c.e.s.j.s.c.JwtAuthenticationFilter                - /api/course/getCourseList,admin,2026-06-01 23:33:28,0.05
2026-06-01 23:33:29,364 [http-nio-22222-exec-1] INFO  c.e.s.j.s.c.JwtAuthenticationFilter                - /api/student/getAllSelections,admin,2026-06-01 23:33:28,0.436
2026-06-01 23:33:36,433 [SpringApplicationShutdownHook] INFO  o.s.b.w.embedded.tomcat.GracefulShutdown           - Commencing graceful shutdown. Waiting for active requests to complete
2026-06-01 23:33:36,437 [tomcat-shutdown] INFO  o.s.b.w.embedded.tomcat.GracefulShutdown           - Graceful shutdown complete
2026-06-01 23:33:36,471 [SpringApplicationShutdownHook] INFO  o.s.o.j.LocalContainerEntityManagerFactoryBean     - Closing JPA EntityManagerFactory for persistence unit 'default'
2026-06-01 23:33:36,475 [SpringApplicationShutdownHook] INFO  com.zaxxer.hikari.HikariDataSource                 - HikariPool-1 - Shutdown initiated...
2026-06-01 23:33:36,488 [SpringApplicationShutdownHook] INFO  com.zaxxer.hikari.HikariDataSource                 - HikariPool-1 - Shutdown completed.
2026-06-01 23:33:43,053 [background-preinit] INFO  o.h.validator.internal.util.Version                - HV000001: Hibernate Validator 8.0.2.Final
2026-06-01 23:33:43,118 [main] INFO  c.e.s.java.server.JavaServerApplication            - Starting JavaServerApplication using Java 21.0.10 with PID 19696 (C:\Users\浣熊\Downloads\java-fx\java-server\target\classes started by 浣熊 in C:\Users\浣熊\Downloads\java-fx\java-server)
2026-06-01 23:33:43,119 [main] INFO  c.e.s.java.server.JavaServerApplication            - No active profile set, falling back to 1 default profile: "default"
2026-06-01 23:33:43,862 [main] INFO  o.s.d.r.c.RepositoryConfigurationDelegate          - Multiple Spring Data modules found, entering strict repository configuration mode
2026-06-01 23:33:43,863 [main] INFO  o.s.d.r.c.RepositoryConfigurationDelegate          - Bootstrapping Spring Data JPA repositories in DEFAULT mode.
2026-06-01 23:33:44,043 [main] INFO  o.s.d.r.c.RepositoryConfigurationDelegate          - Finished Spring Data repository scanning in 173 ms. Found 33 JPA repository interfaces.
2026-06-01 23:33:44,061 [main] INFO  o.s.d.r.c.RepositoryConfigurationDelegate          - Multiple Spring Data modules found, entering strict repository configuration mode
2026-06-01 23:33:44,062 [main] INFO  o.s.d.r.c.RepositoryConfigurationDelegate          - Bootstrapping Spring Data Redis repositories in DEFAULT mode.
2026-06-01 23:33:44,078 [main] INFO  o.s.d.r.c.RepositoryConfigurationExtensionSupport  - Spring Data Redis - Could not safely identify store assignment for repository candidate interface cn.edu.sdu.java.server.repositorys.AnswerRepository; If you want this repository to be a Redis repository, consider annotating your entities with one of these annotations: org.springframework.data.redis.core.RedisHash (preferred), or consider extending one of the following types with your repository: org.springframework.data.keyvalue.repository.KeyValueRepository
2026-06-01 23:33:44,078 [main] INFO  o.s.d.r.c.RepositoryConfigurationExtensionSupport  - Spring Data Redis - Could not safely identify store assignment for repository candidate interface cn.edu.sdu.java.server.repositorys.CourseRepository; If you want this repository to be a Redis repository, consider annotating your entities with one of these annotations: org.springframework.data.redis.core.RedisHash (preferred), or consider extending one of the following types with your repository: org.springframework.data.keyvalue.repository.KeyValueRepository
2026-06-01 23:33:44,079 [main] INFO  o.s.d.r.c.RepositoryConfigurationExtensionSupport  - Spring Data Redis - Could not safely identify store assignment for repository candidate interface cn.edu.sdu.java.server.repositorys.CoursewareRepository; If you want this repository to be a Redis repository, consider annotating your entities with one of these annotations: org.springframework.data.redis.core.RedisHash (preferred), or consider extending one of the following types with your repository: org.springframework.data.keyvalue.repository.KeyValueRepository
2026-06-01 23:33:44,079 [main] INFO  o.s.d.r.c.RepositoryConfigurationExtensionSupport  - Spring Data Redis - Could not safely identify store assignment for repository candidate interface cn.edu.sdu.java.server.repositorys.DictionaryInfoRepository; If you want this repository to be a Redis repository, consider annotating your entities with one of these annotations: org.springframework.data.redis.core.RedisHash (preferred), or consider extending one of the following types with your repository: org.springframework.data.keyvalue.repository.KeyValueRepository
2026-06-01 23:33:44,079 [main] INFO  o.s.d.r.c.RepositoryConfigurationExtensionSupport  - Spring Data Redis - Could not safely identify store assignment for repository candidate interface cn.edu.sdu.java.server.repositorys.FamilyMemberRepository; If you want this repository to be a Redis repository, consider annotating your entities with one of these annotations: org.springframework.data.redis.core.RedisHash (preferred), or consider extending one of the following types with your repository: org.springframework.data.keyvalue.repository.KeyValueRepository
2026-06-01 23:33:44,079 [main] INFO  o.s.d.r.c.RepositoryConfigurationExtensionSupport  - Spring Data Redis - Could not safely identify store assignment for repository candidate interface cn.edu.sdu.java.server.repositorys.FeeRepository; If you want this repository to be a Redis repository, consider annotating your entities with one of these annotations: org.springframework.data.redis.core.RedisHash (preferred), or consider extending one of the following types with your repository: org.springframework.data.keyvalue.repository.KeyValueRepository
2026-06-01 23:33:44,080 [main] INFO  o.s.d.r.c.RepositoryConfigurationExtensionSupport  - Spring Data Redis - Could not safely identify store assignment for repository candidate interface cn.edu.sdu.java.server.repositorys.KeyTopicRepository; If you want this repository to be a Redis repository, consider annotating your entities with one of these annotations: org.springframework.data.redis.core.RedisHash (preferred), or consider extending one of the following types with your repository: org.springframework.data.keyvalue.repository.KeyValueRepository
2026-06-01 23:33:44,080 [main] INFO  o.s.d.r.c.RepositoryConfigurationExtensionSupport  - Spring Data Redis - Could not safely identify store assignment for repository candidate interface cn.edu.sdu.java.server.repositorys.MenuInfoRepository; If you want this repository to be a Redis repository, consider annotating your entities with one of these annotations: org.springframework.data.redis.core.RedisHash (preferred), or consider extending one of the following types with your repository: org.springframework.data.keyvalue.repository.KeyValueRepository
2026-06-01 23:33:44,080 [main] INFO  o.s.d.r.c.RepositoryConfigurationExtensionSupport  - Spring Data Redis - Could not safely identify store assignment for repository candidate interface cn.edu.sdu.java.server.repositorys.ModifyLogRepository; If you want this repository to be a Redis repository, consider annotating your entities with one of these annotations: org.springframework.data.redis.core.RedisHash (preferred), or consider extending one of the following types with your repository: org.springframework.data.keyvalue.repository.KeyValueRepository
2026-06-01 23:33:44,080 [main] INFO  o.s.d.r.c.RepositoryConfigurationExtensionSupport  - Spring Data Redis - Could not safely identify store assignment for repository candidate interface cn.edu.sdu.java.server.repositorys.NoticeReadRepository; If you want this repository to be a Redis repository, consider annotating your entities with one of these annotations: org.springframework.data.redis.core.RedisHash (preferred), or consider extending one of the following types with your repository: org.springframework.data.keyvalue.repository.KeyValueRepository
2026-06-01 23:33:44,080 [main] INFO  o.s.d.r.c.RepositoryConfigurationExtensionSupport  - Spring Data Redis - Could not safely identify store assignment for repository candidate interface cn.edu.sdu.java.server.repositorys.NoticeRepository; If you want this repository to be a Redis repository, consider annotating your entities with one of these annotations: org.springframework.data.redis.core.RedisHash (preferred), or consider extending one of the following types with your repository: org.springframework.data.keyvalue.repository.KeyValueRepository
2026-06-01 23:33:44,080 [main] INFO  o.s.d.r.c.RepositoryConfigurationExtensionSupport  - Spring Data Redis - Could not safely identify store assignment for repository candidate interface cn.edu.sdu.java.server.repositorys.NoticeTargetRepository; If you want this repository to be a Redis repository, consider annotating your entities with one of these annotations: org.springframework.data.redis.core.RedisHash (preferred), or consider extending one of the following types with your repository: org.springframework.data.keyvalue.repository.KeyValueRepository
2026-06-01 23:33:44,081 [main] INFO  o.s.d.r.c.RepositoryConfigurationExtensionSupport  - Spring Data Redis - Could not safely identify store assignment for repository candidate interface cn.edu.sdu.java.server.repositorys.PersonRepository; If you want this repository to be a Redis repository, consider annotating your entities with one of these annotations: org.springframework.data.redis.core.RedisHash (preferred), or consider extending one of the following types with your repository: org.springframework.data.keyvalue.repository.KeyValueRepository
2026-06-01 23:33:44,082 [main] INFO  o.s.d.r.c.RepositoryConfigurationExtensionSupport  - Spring Data Redis - Could not safely identify store assignment for repository candidate interface cn.edu.sdu.java.server.repositorys.PracticeMemberRepository; If you want this repository to be a Redis repository, consider annotating your entities with one of these annotations: org.springframework.data.redis.core.RedisHash (preferred), or consider extending one of the following types with your repository: org.springframework.data.keyvalue.repository.KeyValueRepository
2026-06-01 23:33:44,082 [main] INFO  o.s.d.r.c.RepositoryConfigurationExtensionSupport  - Spring Data Redis - Could not safely identify store assignment for repository candidate interface cn.edu.sdu.java.server.repositorys.PracticeProjectRepository; If you want this repository to be a Redis repository, consider annotating your entities with one of these annotations: org.springframework.data.redis.core.RedisHash (preferred), or consider extending one of the following types with your repository: org.springframework.data.keyvalue.repository.KeyValueRepository
2026-06-01 23:33:44,082 [main] INFO  o.s.d.r.c.RepositoryConfigurationExtensionSupport  - Spring Data Redis - Could not safely identify store assignment for repository candidate interface cn.edu.sdu.java.server.repositorys.PracticeReviewRepository; If you want this repository to be a Redis repository, consider annotating your entities with one of these annotations: org.springframework.data.redis.core.RedisHash (preferred), or consider extending one of the following types with your repository: org.springframework.data.keyvalue.repository.KeyValueRepository
2026-06-01 23:33:44,082 [main] INFO  o.s.d.r.c.RepositoryConfigurationExtensionSupport  - Spring Data Redis - Could not safely identify store assignment for repository candidate interface cn.edu.sdu.java.server.repositorys.PracticeSummaryRepository; If you want this repository to be a Redis repository, consider annotating your entities with one of these annotations: org.springframework.data.redis.core.RedisHash (preferred), or consider extending one of the following types with your repository: org.springframework.data.keyvalue.repository.KeyValueRepository
2026-06-01 23:33:44,083 [main] INFO  o.s.d.r.c.RepositoryConfigurationExtensionSupport  - Spring Data Redis - Could not safely identify store assignment for repository candidate interface cn.edu.sdu.java.server.repositorys.QuestionnaireRepository; If you want this repository to be a Redis repository, consider annotating your entities with one of these annotations: org.springframework.data.redis.core.RedisHash (preferred), or consider extending one of the following types with your repository: org.springframework.data.keyvalue.repository.KeyValueRepository
2026-06-01 23:33:44,083 [main] INFO  o.s.d.r.c.RepositoryConfigurationExtensionSupport  - Spring Data Redis - Could not safely identify store assignment for repository candidate interface cn.edu.sdu.java.server.repositorys.QuestionOptionRepository; If you want this repository to be a Redis repository, consider annotating your entities with one of these annotations: org.springframework.data.redis.core.RedisHash (preferred), or consider extending one of the following types with your repository: org.springframework.data.keyvalue.repository.KeyValueRepository
2026-06-01 23:33:44,088 [main] INFO  o.s.d.r.c.RepositoryConfigurationExtensionSupport  - Spring Data Redis - Could not safely identify store assignment for repository candidate interface cn.edu.sdu.java.server.repositorys.QuestionRepository; If you want this repository to be a Redis repository, consider annotating your entities with one of these annotations: org.springframework.data.redis.core.RedisHash (preferred), or consider extending one of the following types with your repository: org.springframework.data.keyvalue.repository.KeyValueRepository
2026-06-01 23:33:44,090 [main] INFO  o.s.d.r.c.RepositoryConfigurationExtensionSupport  - Spring Data Redis - Could not safely identify store assignment for repository candidate interface cn.edu.sdu.java.server.repositorys.ResponseRepository; If you want this repository to be a Redis repository, consider annotating your entities with one of these annotations: org.springframework.data.redis.core.RedisHash (preferred), or consider extending one of the following types with your repository: org.springframework.data.keyvalue.repository.KeyValueRepository
2026-06-01 23:33:44,090 [main] INFO  o.s.d.r.c.RepositoryConfigurationExtensionSupport  - Spring Data Redis - Could not safely identify store assignment for repository candidate interface cn.edu.sdu.java.server.repositorys.SchoolBusCampusRepository; If you want this repository to be a Redis repository, consider annotating your entities with one of these annotations: org.springframework.data.redis.core.RedisHash (preferred), or consider extending one of the following types with your repository: org.springframework.data.keyvalue.repository.KeyValueRepository
2026-06-01 23:33:44,090 [main] INFO  o.s.d.r.c.RepositoryConfigurationExtensionSupport  - Spring Data Redis - Could not safely identify store assignment for repository candidate interface cn.edu.sdu.java.server.repositorys.SchoolBusReservationRepository; If you want this repository to be a Redis repository, consider annotating your entities with one of these annotations: org.springframework.data.redis.core.RedisHash (preferred), or consider extending one of the following types with your repository: org.springframework.data.keyvalue.repository.KeyValueRepository
2026-06-01 23:33:44,091 [main] INFO  o.s.d.r.c.RepositoryConfigurationExtensionSupport  - Spring Data Redis - Could not safely identify store assignment for repository candidate interface cn.edu.sdu.java.server.repositorys.SchoolBusScheduleRepository; If you want this repository to be a Redis repository, consider annotating your entities with one of these annotations: org.springframework.data.redis.core.RedisHash (preferred), or consider extending one of the following types with your repository: org.springframework.data.keyvalue.repository.KeyValueRepository
2026-06-01 23:33:44,092 [main] INFO  o.s.d.r.c.RepositoryConfigurationExtensionSupport  - Spring Data Redis - Could not safely identify store assignment for repository candidate interface cn.edu.sdu.java.server.repositorys.ScoreRepository; If you want this repository to be a Redis repository, consider annotating your entities with one of these annotations: org.springframework.data.redis.core.RedisHash (preferred), or consider extending one of the following types with your repository: org.springframework.data.keyvalue.repository.KeyValueRepository
2026-06-01 23:33:44,092 [main] INFO  o.s.d.r.c.RepositoryConfigurationExtensionSupport  - Spring Data Redis - Could not safely identify store assignment for repository candidate interface cn.edu.sdu.java.server.repositorys.StatisticsDayRepository; If you want this repository to be a Redis repository, consider annotating your entities with one of these annotations: org.springframework.data.redis.core.RedisHash (preferred), or consider extending one of the following types with your repository: org.springframework.data.keyvalue.repository.KeyValueRepository
2026-06-01 23:33:44,093 [main] INFO  o.s.d.r.c.RepositoryConfigurationExtensionSupport  - Spring Data Redis - Could not safely identify store assignment for repository candidate interface cn.edu.sdu.java.server.repositorys.StudentLeaveRepository; If you want this repository to be a Redis repository, consider annotating your entities with one of these annotations: org.springframework.data.redis.core.RedisHash (preferred), or consider extending one of the following types with your repository: org.springframework.data.keyvalue.repository.KeyValueRepository
2026-06-01 23:33:44,093 [main] INFO  o.s.d.r.c.RepositoryConfigurationExtensionSupport  - Spring Data Redis - Could not safely identify store assignment for repository candidate interface cn.edu.sdu.java.server.repositorys.StudentRepository; If you want this repository to be a Redis repository, consider annotating your entities with one of these annotations: org.springframework.data.redis.core.RedisHash (preferred), or consider extending one of the following types with your repository: org.springframework.data.keyvalue.repository.KeyValueRepository
2026-06-01 23:33:44,093 [main] INFO  o.s.d.r.c.RepositoryConfigurationExtensionSupport  - Spring Data Redis - Could not safely identify store assignment for repository candidate interface cn.edu.sdu.java.server.repositorys.StudentStatisticsRepository; If you want this repository to be a Redis repository, consider annotating your entities with one of these annotations: org.springframework.data.redis.core.RedisHash (preferred), or consider extending one of the following types with your repository: org.springframework.data.keyvalue.repository.KeyValueRepository
2026-06-01 23:33:44,093 [main] INFO  o.s.d.r.c.RepositoryConfigurationExtensionSupport  - Spring Data Redis - Could not safely identify store assignment for repository candidate interface cn.edu.sdu.java.server.repositorys.SystemInfoRepository; If you want this repository to be a Redis repository, consider annotating your entities with one of these annotations: org.springframework.data.redis.core.RedisHash (preferred), or consider extending one of the following types with your repository: org.springframework.data.keyvalue.repository.KeyValueRepository
2026-06-01 23:33:44,093 [main] INFO  o.s.d.r.c.RepositoryConfigurationExtensionSupport  - Spring Data Redis - Could not safely identify store assignment for repository candidate interface cn.edu.sdu.java.server.repositorys.TeacherRepository; If you want this repository to be a Redis repository, consider annotating your entities with one of these annotations: org.springframework.data.redis.core.RedisHash (preferred), or consider extending one of the following types with your repository: org.springframework.data.keyvalue.repository.KeyValueRepository
2026-06-01 23:33:44,093 [main] INFO  o.s.d.r.c.RepositoryConfigurationExtensionSupport  - Spring Data Redis - Could not safely identify store assignment for repository candidate interface cn.edu.sdu.java.server.repositorys.UserRepository; If you want this repository to be a Redis repository, consider annotating your entities with one of these annotations: org.springframework.data.redis.core.RedisHash (preferred), or consider extending one of the following types with your repository: org.springframework.data.keyvalue.repository.KeyValueRepository
2026-06-01 23:33:44,094 [main] INFO  o.s.d.r.c.RepositoryConfigurationExtensionSupport  - Spring Data Redis - Could not safely identify store assignment for repository candidate interface cn.edu.sdu.java.server.repositorys.UserTypeRepository; If you want this repository to be a Redis repository, consider annotating your entities with one of these annotations: org.springframework.data.redis.core.RedisHash (preferred), or consider extending one of the following types with your repository: org.springframework.data.keyvalue.repository.KeyValueRepository
2026-06-01 23:33:44,094 [main] INFO  o.s.d.r.c.RepositoryConfigurationDelegate          - Finished Spring Data repository scanning in 24 ms. Found 0 Redis repository interfaces.
2026-06-01 23:33:44,596 [main] INFO  o.s.b.w.embedded.tomcat.TomcatWebServer            - Tomcat initialized with port 22222 (http)
2026-06-01 23:33:44,614 [main] INFO  o.apache.coyote.http11.Http11NioProtocol           - Initializing ProtocolHandler ["http-nio-22222"]
2026-06-01 23:33:44,616 [main] INFO  o.apache.catalina.core.StandardService             - Starting service [Tomcat]
2026-06-01 23:33:44,616 [main] INFO  org.apache.catalina.core.StandardEngine            - Starting Servlet engine: [Apache Tomcat/10.1.34]
2026-06-01 23:33:44,693 [main] INFO  o.a.c.c.C.[Tomcat].[localhost].[/]                 - Initializing Spring embedded WebApplicationContext
2026-06-01 23:33:44,694 [main] INFO  o.s.b.w.s.c.ServletWebServerApplicationContext     - Root WebApplicationContext: initialization completed in 1520 ms
2026-06-01 23:33:44,800 [main] INFO  o.hibernate.jpa.internal.util.LogHelper            - HHH000204: Processing PersistenceUnitInfo [name: default]
2026-06-01 23:33:44,854 [main] INFO  org.hibernate.Version                              - HHH000412: Hibernate ORM core version 6.6.5.Final
2026-06-01 23:33:44,883 [main] INFO  o.h.c.internal.RegionFactoryInitiator              - HHH000026: Second-level cache disabled
2026-06-01 23:33:45,102 [main] INFO  o.s.o.j.p.SpringPersistenceUnitInfo                - No LoadTimeWeaver setup: ignoring JPA class transformer
2026-06-01 23:33:45,125 [main] INFO  com.zaxxer.hikari.HikariDataSource                 - HikariPool-1 - Starting...
2026-06-01 23:33:54,749 [main] INFO  com.zaxxer.hikari.pool.HikariPool                  - HikariPool-1 - Added connection com.mysql.cj.jdbc.ConnectionImpl@6e4e60f5
2026-06-01 23:33:54,752 [main] INFO  com.zaxxer.hikari.HikariDataSource                 - HikariPool-1 - Start completed.
2026-06-01 23:33:54,833 [main] INFO  org.hibernate.orm.connections.pooling              - HHH10001005: Database info:
	Database JDBC URL [Connecting through datasource 'HikariDataSource (HikariPool-1)']
	Database driver: undefined/unknown
	Database version: 8.0.35
	Autocommit mode: undefined/unknown
	Isolation level: undefined/unknown
	Minimum pool size: undefined/unknown
	Maximum pool size: undefined/unknown
2026-06-01 23:33:55,746 [main] INFO  o.h.e.t.j.p.i.JtaPlatformInitiator                 - HHH000489: No JTA platform available (set 'hibernate.transaction.jta.platform' to enable JTA platform integration)
2026-06-01 23:33:56,033 [main] INFO  o.s.o.j.LocalContainerEntityManagerFactoryBean     - Initialized JPA EntityManagerFactory for persistence unit 'default'
2026-06-01 23:33:56,210 [main] INFO  o.s.d.j.r.query.QueryEnhancerFactory               - Hibernate is in classpath; If applicable, HQL parser will be used.
2026-06-01 23:33:56,677 [main] WARN  o.s.b.a.o.j.JpaBaseConfiguration$JpaWebConfiguration - spring.jpa.open-in-view is enabled by default. Therefore, database queries may be performed during view rendering. Explicitly configure spring.jpa.open-in-view to disable this warning
2026-06-01 23:33:56,988 [main] INFO  o.s.s.c.a.a.c.InitializeAuthenticationProviderBeanManagerConfigurer$InitializeAuthenticationProviderManagerConfigurer - Global AuthenticationManager configured with AuthenticationProvider bean with name authenticationProvider
2026-06-01 23:33:56,989 [main] WARN  o.s.s.c.a.a.c.InitializeUserDetailsBeanManagerConfigurer$InitializeUserDetailsManagerConfigurer - Global AuthenticationManager configured with an AuthenticationProvider bean. UserDetailsService beans will not be used by Spring Security for automatically configuring username/password login. Consider removing the AuthenticationProvider bean. Alternatively, consider using the UserDetailsService in a manually instantiated DaoAuthenticationProvider. If the current configuration is intentional, to turn off this warning, increase the logging level of 'org.springframework.security.config.annotation.authentication.configuration.InitializeUserDetailsBeanManagerConfigurer' to ERROR
2026-06-01 23:33:57,837 [main] INFO  o.s.b.a.w.s.WelcomePageHandlerMapping              - Adding welcome page: class path resource [public/index.html]
2026-06-01 23:33:58,340 [main] INFO  o.apache.coyote.http11.Http11NioProtocol           - Starting ProtocolHandler ["http-nio-22222"]
2026-06-01 23:33:58,360 [main] INFO  o.s.b.w.embedded.tomcat.TomcatWebServer            - Tomcat started on port 22222 (http) with context path '/'
2026-06-01 23:33:58,367 [main] INFO  c.e.s.java.server.JavaServerApplication            - Started JavaServerApplication in 15.907 seconds (process running for 16.348)
2026-06-01 23:33:58,369 [main] INFO  c.e.s.j.server.SystemApplicationListener           - org.springframework.boot.context.event.ApplicationReadyEvent[source=org.springframework.boot.SpringApplication@7626a59]
2026-06-01 23:33:58,369 [main] INFO  c.e.s.j.server.SystemApplicationListener           - SystemInitStart
2026-06-01 23:33:58,556 [main] INFO  c.e.s.j.server.SystemApplicationListener           - systemInitEnd
2026-06-01 23:34:12,620 [http-nio-22222-exec-1] INFO  o.a.c.c.C.[Tomcat].[localhost].[/]                 - Initializing Spring DispatcherServlet 'dispatcherServlet'
2026-06-01 23:34:12,620 [http-nio-22222-exec-1] INFO  o.s.web.servlet.DispatcherServlet                  - Initializing Servlet 'dispatcherServlet'
2026-06-01 23:34:12,621 [http-nio-22222-exec-1] INFO  o.s.web.servlet.DispatcherServlet                  - Completed initialization in 1 ms
2026-06-01 23:34:13,152 [http-nio-22222-exec-2] INFO  c.e.s.j.s.c.JwtAuthenticationFilter                - /api/base/getDataBaseUserName,22,2026-06-01 23:34:13,0.059
2026-06-01 23:34:13,380 [http-nio-22222-exec-3] INFO  c.e.s.j.s.c.JwtAuthenticationFilter                - /api/base/getMenuList,22,2026-06-01 23:34:13,0.222
2026-06-01 23:35:07,924 [http-nio-22222-exec-7] INFO  c.e.s.j.s.c.JwtAuthenticationFilter                - /api/studentLeave/getTeacherItemOptionList,22,2026-06-01 23:35:07,0.151
2026-06-01 23:35:08,075 [http-nio-22222-exec-8] INFO  c.e.s.j.s.c.JwtAuthenticationFilter                - /api/base/getDictionaryOptionItemList,22,2026-06-01 23:35:07,0.139
2026-06-01 23:35:08,280 [http-nio-22222-exec-9] INFO  c.e.s.j.s.c.JwtAuthenticationFilter                - /api/studentLeave/getStudentLeaveList,22,2026-06-01 23:35:08,0.195
2026-06-01 23:35:11,298 [http-nio-22222-exec-3] INFO  c.e.s.j.s.c.JwtAuthenticationFilter                - /api/base/getDictionaryOptionItemList,22,2026-06-01 23:35:11,0.202
2026-06-01 23:35:11,421 [http-nio-22222-exec-4] INFO  c.e.s.j.s.c.JwtAuthenticationFilter                - /api/student/getStudentList,22,2026-06-01 23:35:11,0.113
2026-06-01 23:35:11,488 [http-nio-22222-exec-5] INFO  c.e.s.j.s.c.JwtAuthenticationFilter                - /api/base/getDictionaryOptionItemList,22,2026-06-01 23:35:11,0.056
2026-06-01 23:35:47,704 [http-nio-22222-exec-9] INFO  c.e.s.j.s.c.JwtAuthenticationFilter                - /api/practice/getReviewProjectList,22,2026-06-01 23:35:47,0.148
2026-06-01 23:35:47,765 [http-nio-22222-exec-10] INFO  c.e.s.j.s.c.JwtAuthenticationFilter                - /api/practice/getKeyTopicList,22,2026-06-01 23:35:47,0.053
2026-06-01 23:35:47,886 [http-nio-22222-exec-1] INFO  c.e.s.j.s.c.JwtAuthenticationFilter                - /api/practice/getReviewProjectList,22,2026-06-01 23:35:47,0.113
2026-06-01 23:35:47,937 [http-nio-22222-exec-2] INFO  c.e.s.j.s.c.JwtAuthenticationFilter                - /api/practice/getKeyTopicList,22,2026-06-01 23:35:47,0.045
2026-06-01 23:36:05,262 [http-nio-22222-exec-8] INFO  c.e.s.j.s.c.JwtAuthenticationFilter                - /api/schoolbus/getCampusList,22,2026-06-01 23:36:05,0.046
2026-06-01 23:36:05,328 [http-nio-22222-exec-7] INFO  c.e.s.j.s.c.JwtAuthenticationFilter                - /api/schoolbus/getActiveSchedules,22,2026-06-01 23:36:05,0.061
2026-06-01 23:36:05,425 [http-nio-22222-exec-9] INFO  c.e.s.j.s.c.JwtAuthenticationFilter                - /api/practice/getReviewProjectList,22,2026-06-01 23:36:05,0.087
2026-06-01 23:36:05,473 [http-nio-22222-exec-10] INFO  c.e.s.j.s.c.JwtAuthenticationFilter                - /api/practice/getKeyTopicList,22,2026-06-01 23:36:05,0.039
2026-06-01 23:36:05,534 [http-nio-22222-exec-1] INFO  c.e.s.j.s.c.JwtAuthenticationFilter                - /api/schoolbus/getActiveSchedules,22,2026-06-01 23:36:05,0.053
2026-06-01 23:36:07,361 [http-nio-22222-exec-8] INFO  c.e.s.j.s.c.JwtAuthenticationFilter                - /api/schoolbus/getCampusList,22,2026-06-01 23:36:07,0.064
2026-06-01 23:36:07,633 [http-nio-22222-exec-7] INFO  c.e.s.j.s.c.JwtAuthenticationFilter                - /api/schoolbus/getMyReservations,22,2026-06-01 23:36:07,0.264
2026-06-01 23:36:07,699 [http-nio-22222-exec-9] INFO  c.e.s.j.s.c.JwtAuthenticationFilter                - /api/schoolbus/getActiveSchedules,22,2026-06-01 23:36:07,0.055
2026-06-01 23:36:07,964 [http-nio-22222-exec-10] INFO  c.e.s.j.s.c.JwtAuthenticationFilter                - /api/schoolbus/getMyReservations,22,2026-06-01 23:36:07,0.257
2026-06-01 23:36:13,234 [http-nio-22222-exec-3] INFO  c.e.s.j.s.c.JwtAuthenticationFilter                - /api/course/getCourseList,22,2026-06-01 23:36:13,0.064
2026-06-01 23:36:13,537 [http-nio-22222-exec-5] INFO  c.e.s.j.s.c.JwtAuthenticationFilter                - /api/schoolbus/getMyReservations,22,2026-06-01 23:36:13,0.26
2026-06-01 23:36:15,080 [http-nio-22222-exec-9] INFO  c.e.s.j.s.c.JwtAuthenticationFilter                - /api/course/getCourseList,22,2026-06-01 23:36:15,0.063
2026-06-01 23:36:15,570 [http-nio-22222-exec-10] INFO  c.e.s.j.s.c.JwtAuthenticationFilter                - /api/student/getAllSelections,22,2026-06-01 23:36:15,0.482
2026-06-01 23:36:15,643 [http-nio-22222-exec-1] INFO  c.e.s.j.s.c.JwtAuthenticationFilter                - /api/course/getCourseList,22,2026-06-01 23:36:15,0.059
2026-06-01 23:36:16,120 [http-nio-22222-exec-6] INFO  c.e.s.j.s.c.JwtAuthenticationFilter                - /api/student/getAllSelections,22,2026-06-01 23:36:15,0.468
2026-06-01 23:59:19,930 [http-nio-22222-exec-7] INFO  c.e.s.j.s.c.JwtAuthenticationFilter                - /api/base/getDataBaseUserName,admin,2026-06-01 23:59:19,0.034
2026-06-01 23:59:20,172 [http-nio-22222-exec-9] INFO  c.e.s.j.s.c.JwtAuthenticationFilter                - /api/base/getMenuList,admin,2026-06-01 23:59:19,0.236
2026-06-01 23:59:43,974 [http-nio-22222-exec-1] INFO  c.e.s.j.s.c.JwtAuthenticationFilter                - /api/base/getDataBaseUserName,22,2026-06-01 23:59:43,0.035
2026-06-01 23:59:44,222 [http-nio-22222-exec-6] INFO  c.e.s.j.s.c.JwtAuthenticationFilter                - /api/base/getMenuList,22,2026-06-01 23:59:43,0.24
2026-06-01 23:59:48,646 [http-nio-22222-exec-4] INFO  c.e.s.j.s.c.JwtAuthenticationFilter                - /api/base/getDataBaseUserName,admin,2026-06-01 23:59:48,0.095
2026-06-01 23:59:48,792 [http-nio-22222-exec-3] INFO  c.e.s.j.s.c.JwtAuthenticationFilter                - /api/base/getMenuList,admin,2026-06-01 23:59:48,0.139
