2026-05-21 00:59:20,160 [background-preinit] INFO  o.h.validator.internal.util.Version                - HV000001: Hibernate Validator 8.0.2.Final
2026-05-21 00:59:20,215 [main] INFO  c.e.s.java.server.JavaServerApplication            - Starting JavaServerApplication using Java 21.0.5 with PID 27304 (C:\Users\20488\Desktop\java-server\target\classes started by 20488 in C:\Users\20488\Desktop\java-server)
2026-05-21 00:59:20,216 [main] INFO  c.e.s.java.server.JavaServerApplication            - No active profile set, falling back to 1 default profile: "default"
2026-05-21 00:59:21,059 [main] INFO  o.s.d.r.c.RepositoryConfigurationDelegate          - Multiple Spring Data modules found, entering strict repository configuration mode
2026-05-21 00:59:21,060 [main] INFO  o.s.d.r.c.RepositoryConfigurationDelegate          - Bootstrapping Spring Data JPA repositories in DEFAULT mode.
2026-05-21 00:59:21,194 [main] INFO  o.s.d.r.c.RepositoryConfigurationDelegate          - Finished Spring Data repository scanning in 125 ms. Found 29 JPA repository interfaces.
2026-05-21 00:59:21,220 [main] INFO  o.s.d.r.c.RepositoryConfigurationDelegate          - Multiple Spring Data modules found, entering strict repository configuration mode
2026-05-21 00:59:21,221 [main] INFO  o.s.d.r.c.RepositoryConfigurationDelegate          - Bootstrapping Spring Data Redis repositories in DEFAULT mode.
2026-05-21 00:59:21,235 [main] INFO  o.s.d.r.c.RepositoryConfigurationExtensionSupport  - Spring Data Redis - Could not safely identify store assignment for repository candidate interface cn.edu.sdu.java.server.repositorys.AnswerRepository; If you want this repository to be a Redis repository, consider annotating your entities with one of these annotations: org.springframework.data.redis.core.RedisHash (preferred), or consider extending one of the following types with your repository: org.springframework.data.keyvalue.repository.KeyValueRepository
2026-05-21 00:59:21,235 [main] INFO  o.s.d.r.c.RepositoryConfigurationExtensionSupport  - Spring Data Redis - Could not safely identify store assignment for repository candidate interface cn.edu.sdu.java.server.repositorys.CourseRepository; If you want this repository to be a Redis repository, consider annotating your entities with one of these annotations: org.springframework.data.redis.core.RedisHash (preferred), or consider extending one of the following types with your repository: org.springframework.data.keyvalue.repository.KeyValueRepository
2026-05-21 00:59:21,237 [main] INFO  o.s.d.r.c.RepositoryConfigurationExtensionSupport  - Spring Data Redis - Could not safely identify store assignment for repository candidate interface cn.edu.sdu.java.server.repositorys.DictionaryInfoRepository; If you want this repository to be a Redis repository, consider annotating your entities with one of these annotations: org.springframework.data.redis.core.RedisHash (preferred), or consider extending one of the following types with your repository: org.springframework.data.keyvalue.repository.KeyValueRepository
2026-05-21 00:59:21,237 [main] INFO  o.s.d.r.c.RepositoryConfigurationExtensionSupport  - Spring Data Redis - Could not safely identify store assignment for repository candidate interface cn.edu.sdu.java.server.repositorys.FamilyMemberRepository; If you want this repository to be a Redis repository, consider annotating your entities with one of these annotations: org.springframework.data.redis.core.RedisHash (preferred), or consider extending one of the following types with your repository: org.springframework.data.keyvalue.repository.KeyValueRepository
2026-05-21 00:59:21,237 [main] INFO  o.s.d.r.c.RepositoryConfigurationExtensionSupport  - Spring Data Redis - Could not safely identify store assignment for repository candidate interface cn.edu.sdu.java.server.repositorys.FeeRepository; If you want this repository to be a Redis repository, consider annotating your entities with one of these annotations: org.springframework.data.redis.core.RedisHash (preferred), or consider extending one of the following types with your repository: org.springframework.data.keyvalue.repository.KeyValueRepository
2026-05-21 00:59:21,237 [main] INFO  o.s.d.r.c.RepositoryConfigurationExtensionSupport  - Spring Data Redis - Could not safely identify store assignment for repository candidate interface cn.edu.sdu.java.server.repositorys.KeyTopicRepository; If you want this repository to be a Redis repository, consider annotating your entities with one of these annotations: org.springframework.data.redis.core.RedisHash (preferred), or consider extending one of the following types with your repository: org.springframework.data.keyvalue.repository.KeyValueRepository
2026-05-21 00:59:21,237 [main] INFO  o.s.d.r.c.RepositoryConfigurationExtensionSupport  - Spring Data Redis - Could not safely identify store assignment for repository candidate interface cn.edu.sdu.java.server.repositorys.MenuInfoRepository; If you want this repository to be a Redis repository, consider annotating your entities with one of these annotations: org.springframework.data.redis.core.RedisHash (preferred), or consider extending one of the following types with your repository: org.springframework.data.keyvalue.repository.KeyValueRepository
2026-05-21 00:59:21,237 [main] INFO  o.s.d.r.c.RepositoryConfigurationExtensionSupport  - Spring Data Redis - Could not safely identify store assignment for repository candidate interface cn.edu.sdu.java.server.repositorys.ModifyLogRepository; If you want this repository to be a Redis repository, consider annotating your entities with one of these annotations: org.springframework.data.redis.core.RedisHash (preferred), or consider extending one of the following types with your repository: org.springframework.data.keyvalue.repository.KeyValueRepository
2026-05-21 00:59:21,237 [main] INFO  o.s.d.r.c.RepositoryConfigurationExtensionSupport  - Spring Data Redis - Could not safely identify store assignment for repository candidate interface cn.edu.sdu.java.server.repositorys.NoticeReadRepository; If you want this repository to be a Redis repository, consider annotating your entities with one of these annotations: org.springframework.data.redis.core.RedisHash (preferred), or consider extending one of the following types with your repository: org.springframework.data.keyvalue.repository.KeyValueRepository
2026-05-21 00:59:21,237 [main] INFO  o.s.d.r.c.RepositoryConfigurationExtensionSupport  - Spring Data Redis - Could not safely identify store assignment for repository candidate interface cn.edu.sdu.java.server.repositorys.NoticeRepository; If you want this repository to be a Redis repository, consider annotating your entities with one of these annotations: org.springframework.data.redis.core.RedisHash (preferred), or consider extending one of the following types with your repository: org.springframework.data.keyvalue.repository.KeyValueRepository
2026-05-21 00:59:21,237 [main] INFO  o.s.d.r.c.RepositoryConfigurationExtensionSupport  - Spring Data Redis - Could not safely identify store assignment for repository candidate interface cn.edu.sdu.java.server.repositorys.NoticeTargetRepository; If you want this repository to be a Redis repository, consider annotating your entities with one of these annotations: org.springframework.data.redis.core.RedisHash (preferred), or consider extending one of the following types with your repository: org.springframework.data.keyvalue.repository.KeyValueRepository
2026-05-21 00:59:21,237 [main] INFO  o.s.d.r.c.RepositoryConfigurationExtensionSupport  - Spring Data Redis - Could not safely identify store assignment for repository candidate interface cn.edu.sdu.java.server.repositorys.PersonRepository; If you want this repository to be a Redis repository, consider annotating your entities with one of these annotations: org.springframework.data.redis.core.RedisHash (preferred), or consider extending one of the following types with your repository: org.springframework.data.keyvalue.repository.KeyValueRepository
2026-05-21 00:59:21,237 [main] INFO  o.s.d.r.c.RepositoryConfigurationExtensionSupport  - Spring Data Redis - Could not safely identify store assignment for repository candidate interface cn.edu.sdu.java.server.repositorys.PracticeMemberRepository; If you want this repository to be a Redis repository, consider annotating your entities with one of these annotations: org.springframework.data.redis.core.RedisHash (preferred), or consider extending one of the following types with your repository: org.springframework.data.keyvalue.repository.KeyValueRepository
2026-05-21 00:59:21,238 [main] INFO  o.s.d.r.c.RepositoryConfigurationExtensionSupport  - Spring Data Redis - Could not safely identify store assignment for repository candidate interface cn.edu.sdu.java.server.repositorys.PracticeProjectRepository; If you want this repository to be a Redis repository, consider annotating your entities with one of these annotations: org.springframework.data.redis.core.RedisHash (preferred), or consider extending one of the following types with your repository: org.springframework.data.keyvalue.repository.KeyValueRepository
2026-05-21 00:59:21,238 [main] INFO  o.s.d.r.c.RepositoryConfigurationExtensionSupport  - Spring Data Redis - Could not safely identify store assignment for repository candidate interface cn.edu.sdu.java.server.repositorys.PracticeReviewRepository; If you want this repository to be a Redis repository, consider annotating your entities with one of these annotations: org.springframework.data.redis.core.RedisHash (preferred), or consider extending one of the following types with your repository: org.springframework.data.keyvalue.repository.KeyValueRepository
2026-05-21 00:59:21,238 [main] INFO  o.s.d.r.c.RepositoryConfigurationExtensionSupport  - Spring Data Redis - Could not safely identify store assignment for repository candidate interface cn.edu.sdu.java.server.repositorys.PracticeSummaryRepository; If you want this repository to be a Redis repository, consider annotating your entities with one of these annotations: org.springframework.data.redis.core.RedisHash (preferred), or consider extending one of the following types with your repository: org.springframework.data.keyvalue.repository.KeyValueRepository
2026-05-21 00:59:21,238 [main] INFO  o.s.d.r.c.RepositoryConfigurationExtensionSupport  - Spring Data Redis - Could not safely identify store assignment for repository candidate interface cn.edu.sdu.java.server.repositorys.QuestionnaireRepository; If you want this repository to be a Redis repository, consider annotating your entities with one of these annotations: org.springframework.data.redis.core.RedisHash (preferred), or consider extending one of the following types with your repository: org.springframework.data.keyvalue.repository.KeyValueRepository
2026-05-21 00:59:21,238 [main] INFO  o.s.d.r.c.RepositoryConfigurationExtensionSupport  - Spring Data Redis - Could not safely identify store assignment for repository candidate interface cn.edu.sdu.java.server.repositorys.QuestionOptionRepository; If you want this repository to be a Redis repository, consider annotating your entities with one of these annotations: org.springframework.data.redis.core.RedisHash (preferred), or consider extending one of the following types with your repository: org.springframework.data.keyvalue.repository.KeyValueRepository
2026-05-21 00:59:21,238 [main] INFO  o.s.d.r.c.RepositoryConfigurationExtensionSupport  - Spring Data Redis - Could not safely identify store assignment for repository candidate interface cn.edu.sdu.java.server.repositorys.QuestionRepository; If you want this repository to be a Redis repository, consider annotating your entities with one of these annotations: org.springframework.data.redis.core.RedisHash (preferred), or consider extending one of the following types with your repository: org.springframework.data.keyvalue.repository.KeyValueRepository
2026-05-21 00:59:21,238 [main] INFO  o.s.d.r.c.RepositoryConfigurationExtensionSupport  - Spring Data Redis - Could not safely identify store assignment for repository candidate interface cn.edu.sdu.java.server.repositorys.ResponseRepository; If you want this repository to be a Redis repository, consider annotating your entities with one of these annotations: org.springframework.data.redis.core.RedisHash (preferred), or consider extending one of the following types with your repository: org.springframework.data.keyvalue.repository.KeyValueRepository
2026-05-21 00:59:21,240 [main] INFO  o.s.d.r.c.RepositoryConfigurationExtensionSupport  - Spring Data Redis - Could not safely identify store assignment for repository candidate interface cn.edu.sdu.java.server.repositorys.ScoreRepository; If you want this repository to be a Redis repository, consider annotating your entities with one of these annotations: org.springframework.data.redis.core.RedisHash (preferred), or consider extending one of the following types with your repository: org.springframework.data.keyvalue.repository.KeyValueRepository
2026-05-21 00:59:21,241 [main] INFO  o.s.d.r.c.RepositoryConfigurationExtensionSupport  - Spring Data Redis - Could not safely identify store assignment for repository candidate interface cn.edu.sdu.java.server.repositorys.StatisticsDayRepository; If you want this repository to be a Redis repository, consider annotating your entities with one of these annotations: org.springframework.data.redis.core.RedisHash (preferred), or consider extending one of the following types with your repository: org.springframework.data.keyvalue.repository.KeyValueRepository
2026-05-21 00:59:21,241 [main] INFO  o.s.d.r.c.RepositoryConfigurationExtensionSupport  - Spring Data Redis - Could not safely identify store assignment for repository candidate interface cn.edu.sdu.java.server.repositorys.StudentLeaveRepository; If you want this repository to be a Redis repository, consider annotating your entities with one of these annotations: org.springframework.data.redis.core.RedisHash (preferred), or consider extending one of the following types with your repository: org.springframework.data.keyvalue.repository.KeyValueRepository
2026-05-21 00:59:21,241 [main] INFO  o.s.d.r.c.RepositoryConfigurationExtensionSupport  - Spring Data Redis - Could not safely identify store assignment for repository candidate interface cn.edu.sdu.java.server.repositorys.StudentRepository; If you want this repository to be a Redis repository, consider annotating your entities with one of these annotations: org.springframework.data.redis.core.RedisHash (preferred), or consider extending one of the following types with your repository: org.springframework.data.keyvalue.repository.KeyValueRepository
2026-05-21 00:59:21,241 [main] INFO  o.s.d.r.c.RepositoryConfigurationExtensionSupport  - Spring Data Redis - Could not safely identify store assignment for repository candidate interface cn.edu.sdu.java.server.repositorys.StudentStatisticsRepository; If you want this repository to be a Redis repository, consider annotating your entities with one of these annotations: org.springframework.data.redis.core.RedisHash (preferred), or consider extending one of the following types with your repository: org.springframework.data.keyvalue.repository.KeyValueRepository
2026-05-21 00:59:21,241 [main] INFO  o.s.d.r.c.RepositoryConfigurationExtensionSupport  - Spring Data Redis - Could not safely identify store assignment for repository candidate interface cn.edu.sdu.java.server.repositorys.SystemInfoRepository; If you want this repository to be a Redis repository, consider annotating your entities with one of these annotations: org.springframework.data.redis.core.RedisHash (preferred), or consider extending one of the following types with your repository: org.springframework.data.keyvalue.repository.KeyValueRepository
2026-05-21 00:59:21,241 [main] INFO  o.s.d.r.c.RepositoryConfigurationExtensionSupport  - Spring Data Redis - Could not safely identify store assignment for repository candidate interface cn.edu.sdu.java.server.repositorys.TeacherRepository; If you want this repository to be a Redis repository, consider annotating your entities with one of these annotations: org.springframework.data.redis.core.RedisHash (preferred), or consider extending one of the following types with your repository: org.springframework.data.keyvalue.repository.KeyValueRepository
2026-05-21 00:59:21,241 [main] INFO  o.s.d.r.c.RepositoryConfigurationExtensionSupport  - Spring Data Redis - Could not safely identify store assignment for repository candidate interface cn.edu.sdu.java.server.repositorys.UserRepository; If you want this repository to be a Redis repository, consider annotating your entities with one of these annotations: org.springframework.data.redis.core.RedisHash (preferred), or consider extending one of the following types with your repository: org.springframework.data.keyvalue.repository.KeyValueRepository
2026-05-21 00:59:21,241 [main] INFO  o.s.d.r.c.RepositoryConfigurationExtensionSupport  - Spring Data Redis - Could not safely identify store assignment for repository candidate interface cn.edu.sdu.java.server.repositorys.UserTypeRepository; If you want this repository to be a Redis repository, consider annotating your entities with one of these annotations: org.springframework.data.redis.core.RedisHash (preferred), or consider extending one of the following types with your repository: org.springframework.data.keyvalue.repository.KeyValueRepository
2026-05-21 00:59:21,241 [main] INFO  o.s.d.r.c.RepositoryConfigurationDelegate          - Finished Spring Data repository scanning in 13 ms. Found 0 Redis repository interfaces.
2026-05-21 00:59:22,081 [main] INFO  o.s.b.w.embedded.tomcat.TomcatWebServer            - Tomcat initialized with port 22222 (http)
2026-05-21 00:59:22,092 [main] INFO  o.apache.coyote.http11.Http11NioProtocol           - Initializing ProtocolHandler ["http-nio-22222"]
2026-05-21 00:59:22,094 [main] INFO  o.apache.catalina.core.StandardService             - Starting service [Tomcat]
2026-05-21 00:59:22,094 [main] INFO  org.apache.catalina.core.StandardEngine            - Starting Servlet engine: [Apache Tomcat/10.1.34]
2026-05-21 00:59:22,149 [main] INFO  o.a.c.c.C.[Tomcat].[localhost].[/]                 - Initializing Spring embedded WebApplicationContext
2026-05-21 00:59:22,149 [main] INFO  o.s.b.w.s.c.ServletWebServerApplicationContext     - Root WebApplicationContext: initialization completed in 1895 ms
2026-05-21 00:59:22,351 [main] INFO  o.hibernate.jpa.internal.util.LogHelper            - HHH000204: Processing PersistenceUnitInfo [name: default]
2026-05-21 00:59:22,459 [main] INFO  org.hibernate.Version                              - HHH000412: Hibernate ORM core version 6.6.5.Final
2026-05-21 00:59:22,509 [main] INFO  o.h.c.internal.RegionFactoryInitiator              - HHH000026: Second-level cache disabled
2026-05-21 00:59:22,787 [main] INFO  o.s.o.j.p.SpringPersistenceUnitInfo                - No LoadTimeWeaver setup: ignoring JPA class transformer
2026-05-21 00:59:22,810 [main] INFO  com.zaxxer.hikari.HikariDataSource                 - HikariPool-1 - Starting...
2026-05-21 00:59:27,498 [main] INFO  com.zaxxer.hikari.pool.HikariPool                  - HikariPool-1 - Added connection com.mysql.cj.jdbc.ConnectionImpl@7d95166a
2026-05-21 00:59:27,500 [main] INFO  com.zaxxer.hikari.HikariDataSource                 - HikariPool-1 - Start completed.
2026-05-21 00:59:27,652 [main] INFO  org.hibernate.orm.connections.pooling              - HHH10001005: Database info:
	Database JDBC URL [Connecting through datasource 'HikariDataSource (HikariPool-1)']
	Database driver: undefined/unknown
	Database version: 8.0.35
	Autocommit mode: undefined/unknown
	Isolation level: undefined/unknown
	Minimum pool size: undefined/unknown
	Maximum pool size: undefined/unknown
2026-05-21 00:59:29,091 [main] INFO  o.h.e.t.j.p.i.JtaPlatformInitiator                 - HHH000489: No JTA platform available (set 'hibernate.transaction.jta.platform' to enable JTA platform integration)
2026-05-21 00:59:29,617 [main] INFO  o.s.o.j.LocalContainerEntityManagerFactoryBean     - Initialized JPA EntityManagerFactory for persistence unit 'default'
2026-05-21 00:59:29,864 [main] INFO  o.s.d.j.r.query.QueryEnhancerFactory               - Hibernate is in classpath; If applicable, HQL parser will be used.
2026-05-21 00:59:30,459 [main] WARN  o.s.b.a.o.j.JpaBaseConfiguration$JpaWebConfiguration - spring.jpa.open-in-view is enabled by default. Therefore, database queries may be performed during view rendering. Explicitly configure spring.jpa.open-in-view to disable this warning
2026-05-21 00:59:30,863 [main] INFO  o.s.s.c.a.a.c.InitializeAuthenticationProviderBeanManagerConfigurer$InitializeAuthenticationProviderManagerConfigurer - Global AuthenticationManager configured with AuthenticationProvider bean with name authenticationProvider
2026-05-21 00:59:30,863 [main] WARN  o.s.s.c.a.a.c.InitializeUserDetailsBeanManagerConfigurer$InitializeUserDetailsManagerConfigurer - Global AuthenticationManager configured with an AuthenticationProvider bean. UserDetailsService beans will not be used by Spring Security for automatically configuring username/password login. Consider removing the AuthenticationProvider bean. Alternatively, consider using the UserDetailsService in a manually instantiated DaoAuthenticationProvider. If the current configuration is intentional, to turn off this warning, increase the logging level of 'org.springframework.security.config.annotation.authentication.configuration.InitializeUserDetailsBeanManagerConfigurer' to ERROR
2026-05-21 00:59:31,530 [main] INFO  o.s.b.a.w.s.WelcomePageHandlerMapping              - Adding welcome page: class path resource [public/index.html]
2026-05-21 00:59:32,351 [main] INFO  o.apache.coyote.http11.Http11NioProtocol           - Starting ProtocolHandler ["http-nio-22222"]
2026-05-21 00:59:32,381 [main] INFO  o.s.b.w.embedded.tomcat.TomcatWebServer            - Tomcat started on port 22222 (http) with context path '/'
2026-05-21 00:59:32,392 [main] INFO  c.e.s.java.server.JavaServerApplication            - Started JavaServerApplication in 12.658 seconds (process running for 18.262)
2026-05-21 00:59:32,397 [main] INFO  c.e.s.j.server.SystemApplicationListener           - org.springframework.boot.context.event.ApplicationReadyEvent[source=org.springframework.boot.SpringApplication@47376146]
2026-05-21 00:59:32,398 [main] INFO  c.e.s.j.server.SystemApplicationListener           - SystemInitStart
2026-05-21 00:59:32,577 [main] INFO  c.e.s.j.server.SystemApplicationListener           - systemInitEnd
2026-05-21 00:59:46,173 [http-nio-22222-exec-1] INFO  o.a.c.c.C.[Tomcat].[localhost].[/]                 - Initializing Spring DispatcherServlet 'dispatcherServlet'
2026-05-21 00:59:46,174 [http-nio-22222-exec-1] INFO  o.s.web.servlet.DispatcherServlet                  - Initializing Servlet 'dispatcherServlet'
2026-05-21 00:59:46,175 [http-nio-22222-exec-1] INFO  o.s.web.servlet.DispatcherServlet                  - Completed initialization in 1 ms
2026-05-21 00:59:46,720 [http-nio-22222-exec-2] INFO  c.e.s.j.s.c.JwtAuthenticationFilter                - /api/base/getDataBaseUserName,2022030001,2026-05-21 00:59:46,0.055
2026-05-21 00:59:46,835 [http-nio-22222-exec-3] INFO  c.e.s.j.s.c.JwtAuthenticationFilter                - /api/base/getMenuList,2022030001,2026-05-21 00:59:46,0.106
2026-05-21 00:59:52,106 [http-nio-22222-exec-4] INFO  c.e.s.j.s.c.JwtAuthenticationFilter                - /api/practice/getAvailableKeyTopics,2022030001,2026-05-21 00:59:52,0.035
2026-05-21 00:59:52,145 [http-nio-22222-exec-5] INFO  c.e.s.j.s.c.JwtAuthenticationFilter                - /api/practice/getAvailableKeyTopics,2022030001,2026-05-21 00:59:52,0.027
2026-05-21 00:59:52,365 [http-nio-22222-exec-6] INFO  c.e.s.j.s.c.JwtAuthenticationFilter                - /api/practice/getMyProjectList,2022030001,2026-05-21 00:59:52,0.059
2026-05-21 00:59:52,405 [http-nio-22222-exec-7] INFO  c.e.s.j.s.c.JwtAuthenticationFilter                - /api/practice/getAvailableKeyTopics,2022030001,2026-05-21 00:59:52,0.029
2026-05-21 00:59:52,477 [http-nio-22222-exec-4] INFO  c.e.s.j.s.c.JwtAuthenticationFilter                - /api/practice/getMyProjectList,2022030001,2026-05-21 00:59:52,0.054
2026-05-21 00:59:53,194 [http-nio-22222-exec-5] INFO  c.e.s.j.s.c.JwtAuthenticationFilter                - /api/practice/getMyProjectList,2022030001,2026-05-21 00:59:53,0.083
2026-05-21 00:59:53,246 [http-nio-22222-exec-6] INFO  c.e.s.j.s.c.JwtAuthenticationFilter                - /api/practice/getAvailableKeyTopics,2022030001,2026-05-21 00:59:53,0.043
2026-05-21 00:59:54,225 [http-nio-22222-exec-7] INFO  c.e.s.j.s.c.JwtAuthenticationFilter                - /api/practice/getAvailableKeyTopics,2022030001,2026-05-21 00:59:54,0.048
2026-05-21 00:59:54,314 [http-nio-22222-exec-3] INFO  c.e.s.j.s.c.JwtAuthenticationFilter                - /api/practice/getMyProjectList,2022030001,2026-05-21 00:59:54,0.082
2026-05-21 00:59:56,321 [http-nio-22222-exec-8] INFO  c.e.s.j.s.c.JwtAuthenticationFilter                - /api/notice/getNoticeList,2022030001,2026-05-21 00:59:56,0.212
2026-05-21 00:59:56,407 [http-nio-22222-exec-1] INFO  c.e.s.j.s.c.JwtAuthenticationFilter                - /api/practice/getMyProjectList,2022030001,2026-05-21 00:59:56,0.078
2026-05-21 00:59:56,682 [http-nio-22222-exec-9] INFO  c.e.s.j.s.c.JwtAuthenticationFilter                - /api/notice/getNoticeList,2022030001,2026-05-21 00:59:56,0.267
2026-05-21 00:59:57,112 [http-nio-22222-exec-8] INFO  c.e.s.j.s.c.JwtAuthenticationFilter                - /api/questionnaire/getQuestionnaireList,2022030001,2026-05-21 00:59:57,0.044
2026-05-21 00:59:57,248 [http-nio-22222-exec-1] INFO  c.e.s.j.s.c.JwtAuthenticationFilter                - /api/notice/getNoticeList,2022030001,2026-05-21 00:59:57,0.125
2026-05-21 00:59:57,297 [http-nio-22222-exec-9] INFO  c.e.s.j.s.c.JwtAuthenticationFilter                - /api/questionnaire/getQuestionnaireList,2022030001,2026-05-21 00:59:57,0.04
2026-05-21 00:59:58,519 [http-nio-22222-exec-2] INFO  c.e.s.j.s.c.JwtAuthenticationFilter                - /api/questionnaire/getQuestionnaireList,2022030001,2026-05-21 00:59:58,0.044
2026-05-21 00:59:58,654 [http-nio-22222-exec-10] INFO  c.e.s.j.s.c.JwtAuthenticationFilter                - /api/notice/getNoticeList,2022030001,2026-05-21 00:59:58,0.129
2026-05-21 00:59:59,267 [http-nio-22222-exec-3] INFO  c.e.s.j.s.c.JwtAuthenticationFilter                - /api/notice/getNoticeList,2022030001,2026-05-21 00:59:59,0.132
2026-05-21 00:59:59,317 [http-nio-22222-exec-6] INFO  c.e.s.j.s.c.JwtAuthenticationFilter                - /api/questionnaire/getQuestionnaireList,2022030001,2026-05-21 00:59:59,0.041
2026-05-21 01:00:07,767 [http-nio-22222-exec-7] INFO  c.e.s.j.s.c.JwtAuthenticationFilter                - /api/questionnaire/getQuestionnaireList,2022030001,2026-05-21 01:00:07,0.038
2026-05-21 01:00:07,889 [http-nio-22222-exec-4] INFO  c.e.s.j.s.c.JwtAuthenticationFilter                - /api/notice/getNoticeList,2022030001,2026-05-21 01:00:07,0.114
2026-05-21 01:00:14,555 [http-nio-22222-exec-6] INFO  c.e.s.j.s.c.JwtAuthenticationFilter                - /api/base/getDataBaseUserName,22,2026-05-21 01:00:14,0.033
2026-05-21 01:00:14,666 [http-nio-22222-exec-5] INFO  c.e.s.j.s.c.JwtAuthenticationFilter                - /api/base/getMenuList,22,2026-05-21 01:00:14,0.103
2026-05-21 01:00:18,735 [http-nio-22222-exec-9] INFO  c.e.s.j.s.c.JwtAuthenticationFilter                - /api/notice/getNoticeList,22,2026-05-21 01:00:18,0.118
2026-05-21 01:00:18,866 [http-nio-22222-exec-10] INFO  c.e.s.j.s.c.JwtAuthenticationFilter                - /api/notice/getNoticeList,22,2026-05-21 01:00:18,0.113
2026-05-21 01:00:19,877 [http-nio-22222-exec-4] INFO  c.e.s.j.s.c.JwtAuthenticationFilter                - /api/student/getStudentList,22,2026-05-21 01:00:19,0.051
2026-05-21 01:00:19,917 [http-nio-22222-exec-8] INFO  c.e.s.j.s.c.JwtAuthenticationFilter                - /api/notice/getMyNoticeList,22,2026-05-21 01:00:19,0.029
2026-05-21 01:00:20,043 [http-nio-22222-exec-6] INFO  c.e.s.j.s.c.JwtAuthenticationFilter                - /api/notice/getNoticeList,22,2026-05-21 01:00:19,0.114
2026-05-21 01:00:20,079 [http-nio-22222-exec-5] INFO  c.e.s.j.s.c.JwtAuthenticationFilter                - /api/notice/getMyNoticeList,22,2026-05-21 01:00:20,0.027
2026-05-21 01:00:20,709 [http-nio-22222-exec-9] INFO  c.e.s.j.s.c.JwtAuthenticationFilter                - /api/questionnaire/getMyQuestionnaireList,22,2026-05-21 01:00:20,0.03
2026-05-21 01:00:20,745 [http-nio-22222-exec-10] INFO  c.e.s.j.s.c.JwtAuthenticationFilter                - /api/notice/getMyNoticeList,22,2026-05-21 01:00:20,0.028
2026-05-21 01:00:20,779 [http-nio-22222-exec-2] INFO  c.e.s.j.s.c.JwtAuthenticationFilter                - /api/questionnaire/getMyQuestionnaireList,22,2026-05-21 01:00:20,0.029
2026-05-21 01:00:23,394 [http-nio-22222-exec-9] INFO  c.e.s.j.s.c.JwtAuthenticationFilter                - /api/practice/getReviewProjectList,22,2026-05-21 01:00:23,0.051
2026-05-21 01:00:23,435 [http-nio-22222-exec-10] INFO  c.e.s.j.s.c.JwtAuthenticationFilter                - /api/practice/getKeyTopicList,22,2026-05-21 01:00:23,0.034
2026-05-21 01:00:23,469 [http-nio-22222-exec-2] INFO  c.e.s.j.s.c.JwtAuthenticationFilter                - /api/questionnaire/getMyQuestionnaireList,22,2026-05-21 01:00:23,0.025
2026-05-21 01:00:23,520 [http-nio-22222-exec-7] INFO  c.e.s.j.s.c.JwtAuthenticationFilter                - /api/practice/getReviewProjectList,22,2026-05-21 01:00:23,0.044
2026-05-21 01:00:23,555 [http-nio-22222-exec-1] INFO  c.e.s.j.s.c.JwtAuthenticationFilter                - /api/practice/getKeyTopicList,22,2026-05-21 01:00:23,0.026
2026-05-21 01:00:36,538 [http-nio-22222-exec-2] INFO  c.e.s.j.s.c.JwtAuthenticationFilter                - /api/base/getDataBaseUserName,2022030001,2026-05-21 01:00:36,0.024
2026-05-21 01:00:36,648 [http-nio-22222-exec-7] INFO  c.e.s.j.s.c.JwtAuthenticationFilter                - /api/base/getMenuList,2022030001,2026-05-21 01:00:36,0.101
2026-05-21 01:00:54,643 [http-nio-22222-exec-8] INFO  c.e.s.j.s.c.JwtAuthenticationFilter                - /api/base/getDataBaseUserName,admin,2026-05-21 01:00:54,0.021
2026-05-21 01:00:54,754 [http-nio-22222-exec-3] INFO  c.e.s.j.s.c.JwtAuthenticationFilter                - /api/base/getMenuList,admin,2026-05-21 01:00:54,0.104
2026-05-21 01:01:01,753 [http-nio-22222-exec-10] INFO  c.e.s.j.s.c.JwtAuthenticationFilter                - /api/practice/getReviewProjectList,admin,2026-05-21 01:01:01,0.069
2026-05-21 01:01:01,810 [http-nio-22222-exec-2] INFO  c.e.s.j.s.c.JwtAuthenticationFilter                - /api/practice/getKeyTopicList,admin,2026-05-21 01:01:01,0.048
2026-05-21 01:01:01,893 [http-nio-22222-exec-7] INFO  c.e.s.j.s.c.JwtAuthenticationFilter                - /api/practice/getReviewProjectList,admin,2026-05-21 01:01:01,0.07
2026-05-21 01:01:01,931 [http-nio-22222-exec-1] INFO  c.e.s.j.s.c.JwtAuthenticationFilter                - /api/practice/getKeyTopicList,admin,2026-05-21 01:01:01,0.032
2026-05-21 01:01:37,902 [http-nio-22222-exec-10] INFO  c.e.s.j.s.c.JwtAuthenticationFilter                - /api/base/getDataBaseUserName,2022030001,2026-05-21 01:01:37,0.02
2026-05-21 01:01:37,991 [http-nio-22222-exec-2] INFO  c.e.s.j.s.c.JwtAuthenticationFilter                - /api/base/getMenuList,2022030001,2026-05-21 01:01:37,0.08
2026-05-21 01:01:41,469 [http-nio-22222-exec-7] INFO  c.e.s.j.s.c.JwtAuthenticationFilter                - /api/notice/getNoticeList,2022030001,2026-05-21 01:01:41,0.114
2026-05-21 01:01:41,595 [http-nio-22222-exec-1] INFO  c.e.s.j.s.c.JwtAuthenticationFilter                - /api/notice/getNoticeList,2022030001,2026-05-21 01:01:41,0.11
2026-05-21 01:01:42,621 [http-nio-22222-exec-9] INFO  c.e.s.j.s.c.JwtAuthenticationFilter                - /api/questionnaire/getQuestionnaireList,2022030001,2026-05-21 01:01:42,0.038
2026-05-21 01:01:42,739 [http-nio-22222-exec-4] INFO  c.e.s.j.s.c.JwtAuthenticationFilter                - /api/notice/getNoticeList,2022030001,2026-05-21 01:01:42,0.107
2026-05-21 01:01:42,791 [http-nio-22222-exec-10] INFO  c.e.s.j.s.c.JwtAuthenticationFilter                - /api/questionnaire/getQuestionnaireList,2022030001,2026-05-21 01:01:42,0.041
2026-05-21 01:07:16,908 [background-preinit] INFO  o.h.validator.internal.util.Version                - HV000001: Hibernate Validator 8.0.2.Final
2026-05-21 01:07:16,958 [main] INFO  c.e.s.java.server.JavaServerApplication            - Starting JavaServerApplication using Java 21.0.5 with PID 51640 (C:\Users\26796\Desktop\java-server - 副本 (2)\target\classes started by 26796 in C:\Users\26796\Desktop\java-server - 副本 (2))
2026-05-21 01:07:16,958 [main] INFO  c.e.s.java.server.JavaServerApplication            - No active profile set, falling back to 1 default profile: "default"
2026-05-21 01:07:17,701 [main] INFO  o.s.d.r.c.RepositoryConfigurationDelegate          - Multiple Spring Data modules found, entering strict repository configuration mode
2026-05-21 01:07:17,703 [main] INFO  o.s.d.r.c.RepositoryConfigurationDelegate          - Bootstrapping Spring Data JPA repositories in DEFAULT mode.
2026-05-21 01:07:17,881 [main] INFO  o.s.d.r.c.RepositoryConfigurationDelegate          - Finished Spring Data repository scanning in 170 ms. Found 29 JPA repository interfaces.
2026-05-21 01:07:17,903 [main] INFO  o.s.d.r.c.RepositoryConfigurationDelegate          - Multiple Spring Data modules found, entering strict repository configuration mode
2026-05-21 01:07:17,905 [main] INFO  o.s.d.r.c.RepositoryConfigurationDelegate          - Bootstrapping Spring Data Redis repositories in DEFAULT mode.
2026-05-21 01:07:17,928 [main] INFO  o.s.d.r.c.RepositoryConfigurationExtensionSupport  - Spring Data Redis - Could not safely identify store assignment for repository candidate interface cn.edu.sdu.java.server.repositorys.AnswerRepository; If you want this repository to be a Redis repository, consider annotating your entities with one of these annotations: org.springframework.data.redis.core.RedisHash (preferred), or consider extending one of the following types with your repository: org.springframework.data.keyvalue.repository.KeyValueRepository
2026-05-21 01:07:17,929 [main] INFO  o.s.d.r.c.RepositoryConfigurationExtensionSupport  - Spring Data Redis - Could not safely identify store assignment for repository candidate interface cn.edu.sdu.java.server.repositorys.CourseRepository; If you want this repository to be a Redis repository, consider annotating your entities with one of these annotations: org.springframework.data.redis.core.RedisHash (preferred), or consider extending one of the following types with your repository: org.springframework.data.keyvalue.repository.KeyValueRepository
2026-05-21 01:07:17,929 [main] INFO  o.s.d.r.c.RepositoryConfigurationExtensionSupport  - Spring Data Redis - Could not safely identify store assignment for repository candidate interface cn.edu.sdu.java.server.repositorys.DictionaryInfoRepository; If you want this repository to be a Redis repository, consider annotating your entities with one of these annotations: org.springframework.data.redis.core.RedisHash (preferred), or consider extending one of the following types with your repository: org.springframework.data.keyvalue.repository.KeyValueRepository
2026-05-21 01:07:17,929 [main] INFO  o.s.d.r.c.RepositoryConfigurationExtensionSupport  - Spring Data Redis - Could not safely identify store assignment for repository candidate interface cn.edu.sdu.java.server.repositorys.FamilyMemberRepository; If you want this repository to be a Redis repository, consider annotating your entities with one of these annotations: org.springframework.data.redis.core.RedisHash (preferred), or consider extending one of the following types with your repository: org.springframework.data.keyvalue.repository.KeyValueRepository
2026-05-21 01:07:17,929 [main] INFO  o.s.d.r.c.RepositoryConfigurationExtensionSupport  - Spring Data Redis - Could not safely identify store assignment for repository candidate interface cn.edu.sdu.java.server.repositorys.FeeRepository; If you want this repository to be a Redis repository, consider annotating your entities with one of these annotations: org.springframework.data.redis.core.RedisHash (preferred), or consider extending one of the following types with your repository: org.springframework.data.keyvalue.repository.KeyValueRepository
2026-05-21 01:07:17,929 [main] INFO  o.s.d.r.c.RepositoryConfigurationExtensionSupport  - Spring Data Redis - Could not safely identify store assignment for repository candidate interface cn.edu.sdu.java.server.repositorys.KeyTopicRepository; If you want this repository to be a Redis repository, consider annotating your entities with one of these annotations: org.springframework.data.redis.core.RedisHash (preferred), or consider extending one of the following types with your repository: org.springframework.data.keyvalue.repository.KeyValueRepository
2026-05-21 01:07:17,930 [main] INFO  o.s.d.r.c.RepositoryConfigurationExtensionSupport  - Spring Data Redis - Could not safely identify store assignment for repository candidate interface cn.edu.sdu.java.server.repositorys.MenuInfoRepository; If you want this repository to be a Redis repository, consider annotating your entities with one of these annotations: org.springframework.data.redis.core.RedisHash (preferred), or consider extending one of the following types with your repository: org.springframework.data.keyvalue.repository.KeyValueRepository
2026-05-21 01:07:17,930 [main] INFO  o.s.d.r.c.RepositoryConfigurationExtensionSupport  - Spring Data Redis - Could not safely identify store assignment for repository candidate interface cn.edu.sdu.java.server.repositorys.ModifyLogRepository; If you want this repository to be a Redis repository, consider annotating your entities with one of these annotations: org.springframework.data.redis.core.RedisHash (preferred), or consider extending one of the following types with your repository: org.springframework.data.keyvalue.repository.KeyValueRepository
2026-05-21 01:07:17,930 [main] INFO  o.s.d.r.c.RepositoryConfigurationExtensionSupport  - Spring Data Redis - Could not safely identify store assignment for repository candidate interface cn.edu.sdu.java.server.repositorys.NoticeReadRepository; If you want this repository to be a Redis repository, consider annotating your entities with one of these annotations: org.springframework.data.redis.core.RedisHash (preferred), or consider extending one of the following types with your repository: org.springframework.data.keyvalue.repository.KeyValueRepository
2026-05-21 01:07:17,930 [main] INFO  o.s.d.r.c.RepositoryConfigurationExtensionSupport  - Spring Data Redis - Could not safely identify store assignment for repository candidate interface cn.edu.sdu.java.server.repositorys.NoticeRepository; If you want this repository to be a Redis repository, consider annotating your entities with one of these annotations: org.springframework.data.redis.core.RedisHash (preferred), or consider extending one of the following types with your repository: org.springframework.data.keyvalue.repository.KeyValueRepository
2026-05-21 01:07:17,931 [main] INFO  o.s.d.r.c.RepositoryConfigurationExtensionSupport  - Spring Data Redis - Could not safely identify store assignment for repository candidate interface cn.edu.sdu.java.server.repositorys.NoticeTargetRepository; If you want this repository to be a Redis repository, consider annotating your entities with one of these annotations: org.springframework.data.redis.core.RedisHash (preferred), or consider extending one of the following types with your repository: org.springframework.data.keyvalue.repository.KeyValueRepository
2026-05-21 01:07:17,932 [main] INFO  o.s.d.r.c.RepositoryConfigurationExtensionSupport  - Spring Data Redis - Could not safely identify store assignment for repository candidate interface cn.edu.sdu.java.server.repositorys.PersonRepository; If you want this repository to be a Redis repository, consider annotating your entities with one of these annotations: org.springframework.data.redis.core.RedisHash (preferred), or consider extending one of the following types with your repository: org.springframework.data.keyvalue.repository.KeyValueRepository
2026-05-21 01:07:17,932 [main] INFO  o.s.d.r.c.RepositoryConfigurationExtensionSupport  - Spring Data Redis - Could not safely identify store assignment for repository candidate interface cn.edu.sdu.java.server.repositorys.PracticeMemberRepository; If you want this repository to be a Redis repository, consider annotating your entities with one of these annotations: org.springframework.data.redis.core.RedisHash (preferred), or consider extending one of the following types with your repository: org.springframework.data.keyvalue.repository.KeyValueRepository
2026-05-21 01:07:17,933 [main] INFO  o.s.d.r.c.RepositoryConfigurationExtensionSupport  - Spring Data Redis - Could not safely identify store assignment for repository candidate interface cn.edu.sdu.java.server.repositorys.PracticeProjectRepository; If you want this repository to be a Redis repository, consider annotating your entities with one of these annotations: org.springframework.data.redis.core.RedisHash (preferred), or consider extending one of the following types with your repository: org.springframework.data.keyvalue.repository.KeyValueRepository
2026-05-21 01:07:17,933 [main] INFO  o.s.d.r.c.RepositoryConfigurationExtensionSupport  - Spring Data Redis - Could not safely identify store assignment for repository candidate interface cn.edu.sdu.java.server.repositorys.PracticeReviewRepository; If you want this repository to be a Redis repository, consider annotating your entities with one of these annotations: org.springframework.data.redis.core.RedisHash (preferred), or consider extending one of the following types with your repository: org.springframework.data.keyvalue.repository.KeyValueRepository
2026-05-21 01:07:17,933 [main] INFO  o.s.d.r.c.RepositoryConfigurationExtensionSupport  - Spring Data Redis - Could not safely identify store assignment for repository candidate interface cn.edu.sdu.java.server.repositorys.PracticeSummaryRepository; If you want this repository to be a Redis repository, consider annotating your entities with one of these annotations: org.springframework.data.redis.core.RedisHash (preferred), or consider extending one of the following types with your repository: org.springframework.data.keyvalue.repository.KeyValueRepository
2026-05-21 01:07:17,933 [main] INFO  o.s.d.r.c.RepositoryConfigurationExtensionSupport  - Spring Data Redis - Could not safely identify store assignment for repository candidate interface cn.edu.sdu.java.server.repositorys.QuestionnaireRepository; If you want this repository to be a Redis repository, consider annotating your entities with one of these annotations: org.springframework.data.redis.core.RedisHash (preferred), or consider extending one of the following types with your repository: org.springframework.data.keyvalue.repository.KeyValueRepository
2026-05-21 01:07:17,933 [main] INFO  o.s.d.r.c.RepositoryConfigurationExtensionSupport  - Spring Data Redis - Could not safely identify store assignment for repository candidate interface cn.edu.sdu.java.server.repositorys.QuestionOptionRepository; If you want this repository to be a Redis repository, consider annotating your entities with one of these annotations: org.springframework.data.redis.core.RedisHash (preferred), or consider extending one of the following types with your repository: org.springframework.data.keyvalue.repository.KeyValueRepository
2026-05-21 01:07:17,933 [main] INFO  o.s.d.r.c.RepositoryConfigurationExtensionSupport  - Spring Data Redis - Could not safely identify store assignment for repository candidate interface cn.edu.sdu.java.server.repositorys.QuestionRepository; If you want this repository to be a Redis repository, consider annotating your entities with one of these annotations: org.springframework.data.redis.core.RedisHash (preferred), or consider extending one of the following types with your repository: org.springframework.data.keyvalue.repository.KeyValueRepository
2026-05-21 01:07:17,933 [main] INFO  o.s.d.r.c.RepositoryConfigurationExtensionSupport  - Spring Data Redis - Could not safely identify store assignment for repository candidate interface cn.edu.sdu.java.server.repositorys.ResponseRepository; If you want this repository to be a Redis repository, consider annotating your entities with one of these annotations: org.springframework.data.redis.core.RedisHash (preferred), or consider extending one of the following types with your repository: org.springframework.data.keyvalue.repository.KeyValueRepository
2026-05-21 01:07:17,934 [main] INFO  o.s.d.r.c.RepositoryConfigurationExtensionSupport  - Spring Data Redis - Could not safely identify store assignment for repository candidate interface cn.edu.sdu.java.server.repositorys.ScoreRepository; If you want this repository to be a Redis repository, consider annotating your entities with one of these annotations: org.springframework.data.redis.core.RedisHash (preferred), or consider extending one of the following types with your repository: org.springframework.data.keyvalue.repository.KeyValueRepository
2026-05-21 01:07:17,935 [main] INFO  o.s.d.r.c.RepositoryConfigurationExtensionSupport  - Spring Data Redis - Could not safely identify store assignment for repository candidate interface cn.edu.sdu.java.server.repositorys.StatisticsDayRepository; If you want this repository to be a Redis repository, consider annotating your entities with one of these annotations: org.springframework.data.redis.core.RedisHash (preferred), or consider extending one of the following types with your repository: org.springframework.data.keyvalue.repository.KeyValueRepository
2026-05-21 01:07:17,935 [main] INFO  o.s.d.r.c.RepositoryConfigurationExtensionSupport  - Spring Data Redis - Could not safely identify store assignment for repository candidate interface cn.edu.sdu.java.server.repositorys.StudentLeaveRepository; If you want this repository to be a Redis repository, consider annotating your entities with one of these annotations: org.springframework.data.redis.core.RedisHash (preferred), or consider extending one of the following types with your repository: org.springframework.data.keyvalue.repository.KeyValueRepository
2026-05-21 01:07:17,935 [main] INFO  o.s.d.r.c.RepositoryConfigurationExtensionSupport  - Spring Data Redis - Could not safely identify store assignment for repository candidate interface cn.edu.sdu.java.server.repositorys.StudentRepository; If you want this repository to be a Redis repository, consider annotating your entities with one of these annotations: org.springframework.data.redis.core.RedisHash (preferred), or consider extending one of the following types with your repository: org.springframework.data.keyvalue.repository.KeyValueRepository
2026-05-21 01:07:17,935 [main] INFO  o.s.d.r.c.RepositoryConfigurationExtensionSupport  - Spring Data Redis - Could not safely identify store assignment for repository candidate interface cn.edu.sdu.java.server.repositorys.StudentStatisticsRepository; If you want this repository to be a Redis repository, consider annotating your entities with one of these annotations: org.springframework.data.redis.core.RedisHash (preferred), or consider extending one of the following types with your repository: org.springframework.data.keyvalue.repository.KeyValueRepository
2026-05-21 01:07:17,935 [main] INFO  o.s.d.r.c.RepositoryConfigurationExtensionSupport  - Spring Data Redis - Could not safely identify store assignment for repository candidate interface cn.edu.sdu.java.server.repositorys.SystemInfoRepository; If you want this repository to be a Redis repository, consider annotating your entities with one of these annotations: org.springframework.data.redis.core.RedisHash (preferred), or consider extending one of the following types with your repository: org.springframework.data.keyvalue.repository.KeyValueRepository
2026-05-21 01:07:17,935 [main] INFO  o.s.d.r.c.RepositoryConfigurationExtensionSupport  - Spring Data Redis - Could not safely identify store assignment for repository candidate interface cn.edu.sdu.java.server.repositorys.TeacherRepository; If you want this repository to be a Redis repository, consider annotating your entities with one of these annotations: org.springframework.data.redis.core.RedisHash (preferred), or consider extending one of the following types with your repository: org.springframework.data.keyvalue.repository.KeyValueRepository
2026-05-21 01:07:17,935 [main] INFO  o.s.d.r.c.RepositoryConfigurationExtensionSupport  - Spring Data Redis - Could not safely identify store assignment for repository candidate interface cn.edu.sdu.java.server.repositorys.UserRepository; If you want this repository to be a Redis repository, consider annotating your entities with one of these annotations: org.springframework.data.redis.core.RedisHash (preferred), or consider extending one of the following types with your repository: org.springframework.data.keyvalue.repository.KeyValueRepository
2026-05-21 01:07:17,935 [main] INFO  o.s.d.r.c.RepositoryConfigurationExtensionSupport  - Spring Data Redis - Could not safely identify store assignment for repository candidate interface cn.edu.sdu.java.server.repositorys.UserTypeRepository; If you want this repository to be a Redis repository, consider annotating your entities with one of these annotations: org.springframework.data.redis.core.RedisHash (preferred), or consider extending one of the following types with your repository: org.springframework.data.keyvalue.repository.KeyValueRepository
2026-05-21 01:07:17,935 [main] INFO  o.s.d.r.c.RepositoryConfigurationDelegate          - Finished Spring Data repository scanning in 15 ms. Found 0 Redis repository interfaces.
2026-05-21 01:07:18,555 [main] INFO  o.s.b.w.embedded.tomcat.TomcatWebServer            - Tomcat initialized with port 22222 (http)
2026-05-21 01:07:18,568 [main] INFO  o.apache.coyote.http11.Http11NioProtocol           - Initializing ProtocolHandler ["http-nio-22222"]
2026-05-21 01:07:18,570 [main] INFO  o.apache.catalina.core.StandardService             - Starting service [Tomcat]
2026-05-21 01:07:18,570 [main] INFO  org.apache.catalina.core.StandardEngine            - Starting Servlet engine: [Apache Tomcat/10.1.34]
2026-05-21 01:07:18,633 [main] INFO  o.a.c.c.C.[Tomcat].[localhost].[/]                 - Initializing Spring embedded WebApplicationContext
2026-05-21 01:07:18,633 [main] INFO  o.s.b.w.s.c.ServletWebServerApplicationContext     - Root WebApplicationContext: initialization completed in 1642 ms
2026-05-21 01:07:18,778 [main] INFO  o.hibernate.jpa.internal.util.LogHelper            - HHH000204: Processing PersistenceUnitInfo [name: default]
2026-05-21 01:07:18,844 [main] INFO  org.hibernate.Version                              - HHH000412: Hibernate ORM core version 6.6.5.Final
2026-05-21 01:07:18,897 [main] INFO  o.h.c.internal.RegionFactoryInitiator              - HHH000026: Second-level cache disabled
2026-05-21 01:07:19,138 [main] INFO  o.s.o.j.p.SpringPersistenceUnitInfo                - No LoadTimeWeaver setup: ignoring JPA class transformer
2026-05-21 01:07:19,160 [main] INFO  com.zaxxer.hikari.HikariDataSource                 - HikariPool-1 - Starting...
2026-05-21 01:07:23,865 [main] INFO  com.zaxxer.hikari.pool.HikariPool                  - HikariPool-1 - Added connection com.mysql.cj.jdbc.ConnectionImpl@6774f264
2026-05-21 01:07:23,866 [main] INFO  com.zaxxer.hikari.HikariDataSource                 - HikariPool-1 - Start completed.
2026-05-21 01:07:23,938 [main] INFO  org.hibernate.orm.connections.pooling              - HHH10001005: Database info:
	Database JDBC URL [Connecting through datasource 'HikariDataSource (HikariPool-1)']
	Database driver: undefined/unknown
	Database version: 8.0.35
	Autocommit mode: undefined/unknown
	Isolation level: undefined/unknown
	Minimum pool size: undefined/unknown
	Maximum pool size: undefined/unknown
2026-05-21 01:07:24,896 [main] INFO  o.h.e.t.j.p.i.JtaPlatformInitiator                 - HHH000489: No JTA platform available (set 'hibernate.transaction.jta.platform' to enable JTA platform integration)
2026-05-21 01:07:25,188 [main] INFO  o.s.o.j.LocalContainerEntityManagerFactoryBean     - Initialized JPA EntityManagerFactory for persistence unit 'default'
2026-05-21 01:07:25,481 [main] INFO  o.s.d.j.r.query.QueryEnhancerFactory               - Hibernate is in classpath; If applicable, HQL parser will be used.
2026-05-21 01:07:26,047 [main] WARN  o.s.b.a.o.j.JpaBaseConfiguration$JpaWebConfiguration - spring.jpa.open-in-view is enabled by default. Therefore, database queries may be performed during view rendering. Explicitly configure spring.jpa.open-in-view to disable this warning
2026-05-21 01:07:26,373 [main] INFO  o.s.s.c.a.a.c.InitializeAuthenticationProviderBeanManagerConfigurer$InitializeAuthenticationProviderManagerConfigurer - Global AuthenticationManager configured with AuthenticationProvider bean with name authenticationProvider
2026-05-21 01:07:26,373 [main] WARN  o.s.s.c.a.a.c.InitializeUserDetailsBeanManagerConfigurer$InitializeUserDetailsManagerConfigurer - Global AuthenticationManager configured with an AuthenticationProvider bean. UserDetailsService beans will not be used by Spring Security for automatically configuring username/password login. Consider removing the AuthenticationProvider bean. Alternatively, consider using the UserDetailsService in a manually instantiated DaoAuthenticationProvider. If the current configuration is intentional, to turn off this warning, increase the logging level of 'org.springframework.security.config.annotation.authentication.configuration.InitializeUserDetailsBeanManagerConfigurer' to ERROR
2026-05-21 01:07:26,943 [main] INFO  o.s.b.a.w.s.WelcomePageHandlerMapping              - Adding welcome page: class path resource [public/index.html]
2026-05-21 01:07:27,621 [main] INFO  o.apache.coyote.http11.Http11NioProtocol           - Starting ProtocolHandler ["http-nio-22222"]
2026-05-21 01:07:27,641 [main] INFO  o.s.b.w.embedded.tomcat.TomcatWebServer            - Tomcat started on port 22222 (http) with context path '/'
2026-05-21 01:07:27,647 [main] INFO  c.e.s.java.server.JavaServerApplication            - Started JavaServerApplication in 11.135 seconds (process running for 11.466)
2026-05-21 01:07:27,649 [main] INFO  c.e.s.j.server.SystemApplicationListener           - org.springframework.boot.context.event.ApplicationReadyEvent[source=org.springframework.boot.SpringApplication@620fdabe]
2026-05-21 01:07:27,649 [main] INFO  c.e.s.j.server.SystemApplicationListener           - SystemInitStart
2026-05-21 01:07:27,780 [main] INFO  c.e.s.j.server.SystemApplicationListener           - systemInitEnd
2026-05-21 01:07:47,351 [http-nio-22222-exec-1] INFO  o.a.c.c.C.[Tomcat].[localhost].[/]                 - Initializing Spring DispatcherServlet 'dispatcherServlet'
2026-05-21 01:07:47,351 [http-nio-22222-exec-1] INFO  o.s.web.servlet.DispatcherServlet                  - Initializing Servlet 'dispatcherServlet'
2026-05-21 01:07:47,352 [http-nio-22222-exec-1] INFO  o.s.web.servlet.DispatcherServlet                  - Completed initialization in 1 ms
2026-05-21 01:07:47,829 [http-nio-22222-exec-6] INFO  c.e.s.j.s.c.JwtAuthenticationFilter                - /api/base/getDataBaseUserName,2022030001,2026-05-21 01:07:47,0.052
2026-05-21 01:07:47,995 [http-nio-22222-exec-3] INFO  c.e.s.j.s.c.JwtAuthenticationFilter                - /api/base/getMenuList,2022030001,2026-05-21 01:07:47,0.16
2026-05-21 01:07:50,900 [http-nio-22222-exec-4] INFO  c.e.s.j.s.c.JwtAuthenticationFilter                - /api/studentLeave/getTeacherItemOptionList,2022030001,2026-05-21 01:07:50,0.113
2026-05-21 01:07:50,975 [http-nio-22222-exec-5] INFO  c.e.s.j.s.c.JwtAuthenticationFilter                - /api/base/getDictionaryOptionItemList,2022030001,2026-05-21 01:07:50,0.066
2026-05-21 01:07:51,104 [http-nio-22222-exec-2] INFO  c.e.s.j.s.c.JwtAuthenticationFilter                - /api/studentLeave/getStudentLeaveList,2022030001,2026-05-21 01:07:50,0.124
2026-05-21 01:11:06,222 [SpringApplicationShutdownHook] INFO  o.s.b.w.embedded.tomcat.GracefulShutdown           - Commencing graceful shutdown. Waiting for active requests to complete
2026-05-21 01:11:06,226 [tomcat-shutdown] INFO  o.s.b.w.embedded.tomcat.GracefulShutdown           - Graceful shutdown complete
2026-05-21 01:11:06,240 [SpringApplicationShutdownHook] INFO  o.s.o.j.LocalContainerEntityManagerFactoryBean     - Closing JPA EntityManagerFactory for persistence unit 'default'
2026-05-21 01:11:06,241 [SpringApplicationShutdownHook] INFO  com.zaxxer.hikari.HikariDataSource                 - HikariPool-1 - Shutdown initiated...
2026-05-21 01:11:06,246 [SpringApplicationShutdownHook] INFO  com.zaxxer.hikari.HikariDataSource                 - HikariPool-1 - Shutdown completed.
2026-05-21 10:43:43,459 [background-preinit] INFO  o.h.validator.internal.util.Version                - HV000001: Hibernate Validator 8.0.2.Final
2026-05-21 10:43:43,507 [main] INFO  c.e.s.java.server.JavaServerApplication            - Starting JavaServerApplication using Java 21.0.5 with PID 45896 (C:\Users\26796\Desktop\java-server - 副本 (2)\target\classes started by 26796 in C:\Users\26796\Desktop\java-server - 副本 (2))
2026-05-21 10:43:43,507 [main] INFO  c.e.s.java.server.JavaServerApplication            - No active profile set, falling back to 1 default profile: "default"
2026-05-21 10:43:44,191 [main] INFO  o.s.d.r.c.RepositoryConfigurationDelegate          - Multiple Spring Data modules found, entering strict repository configuration mode
2026-05-21 10:43:44,191 [main] INFO  o.s.d.r.c.RepositoryConfigurationDelegate          - Bootstrapping Spring Data JPA repositories in DEFAULT mode.
2026-05-21 10:43:44,343 [main] INFO  o.s.d.r.c.RepositoryConfigurationDelegate          - Finished Spring Data repository scanning in 146 ms. Found 32 JPA repository interfaces.
2026-05-21 10:43:44,373 [main] INFO  o.s.d.r.c.RepositoryConfigurationDelegate          - Multiple Spring Data modules found, entering strict repository configuration mode
2026-05-21 10:43:44,373 [main] INFO  o.s.d.r.c.RepositoryConfigurationDelegate          - Bootstrapping Spring Data Redis repositories in DEFAULT mode.
2026-05-21 10:43:44,390 [main] INFO  o.s.d.r.c.RepositoryConfigurationExtensionSupport  - Spring Data Redis - Could not safely identify store assignment for repository candidate interface cn.edu.sdu.java.server.repositorys.AnswerRepository; If you want this repository to be a Redis repository, consider annotating your entities with one of these annotations: org.springframework.data.redis.core.RedisHash (preferred), or consider extending one of the following types with your repository: org.springframework.data.keyvalue.repository.KeyValueRepository
2026-05-21 10:43:44,390 [main] INFO  o.s.d.r.c.RepositoryConfigurationExtensionSupport  - Spring Data Redis - Could not safely identify store assignment for repository candidate interface cn.edu.sdu.java.server.repositorys.CourseRepository; If you want this repository to be a Redis repository, consider annotating your entities with one of these annotations: org.springframework.data.redis.core.RedisHash (preferred), or consider extending one of the following types with your repository: org.springframework.data.keyvalue.repository.KeyValueRepository
2026-05-21 10:43:44,390 [main] INFO  o.s.d.r.c.RepositoryConfigurationExtensionSupport  - Spring Data Redis - Could not safely identify store assignment for repository candidate interface cn.edu.sdu.java.server.repositorys.DictionaryInfoRepository; If you want this repository to be a Redis repository, consider annotating your entities with one of these annotations: org.springframework.data.redis.core.RedisHash (preferred), or consider extending one of the following types with your repository: org.springframework.data.keyvalue.repository.KeyValueRepository
2026-05-21 10:43:44,390 [main] INFO  o.s.d.r.c.RepositoryConfigurationExtensionSupport  - Spring Data Redis - Could not safely identify store assignment for repository candidate interface cn.edu.sdu.java.server.repositorys.FamilyMemberRepository; If you want this repository to be a Redis repository, consider annotating your entities with one of these annotations: org.springframework.data.redis.core.RedisHash (preferred), or consider extending one of the following types with your repository: org.springframework.data.keyvalue.repository.KeyValueRepository
2026-05-21 10:43:44,390 [main] INFO  o.s.d.r.c.RepositoryConfigurationExtensionSupport  - Spring Data Redis - Could not safely identify store assignment for repository candidate interface cn.edu.sdu.java.server.repositorys.FeeRepository; If you want this repository to be a Redis repository, consider annotating your entities with one of these annotations: org.springframework.data.redis.core.RedisHash (preferred), or consider extending one of the following types with your repository: org.springframework.data.keyvalue.repository.KeyValueRepository
2026-05-21 10:43:44,390 [main] INFO  o.s.d.r.c.RepositoryConfigurationExtensionSupport  - Spring Data Redis - Could not safely identify store assignment for repository candidate interface cn.edu.sdu.java.server.repositorys.KeyTopicRepository; If you want this repository to be a Redis repository, consider annotating your entities with one of these annotations: org.springframework.data.redis.core.RedisHash (preferred), or consider extending one of the following types with your repository: org.springframework.data.keyvalue.repository.KeyValueRepository
2026-05-21 10:43:44,390 [main] INFO  o.s.d.r.c.RepositoryConfigurationExtensionSupport  - Spring Data Redis - Could not safely identify store assignment for repository candidate interface cn.edu.sdu.java.server.repositorys.MenuInfoRepository; If you want this repository to be a Redis repository, consider annotating your entities with one of these annotations: org.springframework.data.redis.core.RedisHash (preferred), or consider extending one of the following types with your repository: org.springframework.data.keyvalue.repository.KeyValueRepository
2026-05-21 10:43:44,390 [main] INFO  o.s.d.r.c.RepositoryConfigurationExtensionSupport  - Spring Data Redis - Could not safely identify store assignment for repository candidate interface cn.edu.sdu.java.server.repositorys.ModifyLogRepository; If you want this repository to be a Redis repository, consider annotating your entities with one of these annotations: org.springframework.data.redis.core.RedisHash (preferred), or consider extending one of the following types with your repository: org.springframework.data.keyvalue.repository.KeyValueRepository
2026-05-21 10:43:44,390 [main] INFO  o.s.d.r.c.RepositoryConfigurationExtensionSupport  - Spring Data Redis - Could not safely identify store assignment for repository candidate interface cn.edu.sdu.java.server.repositorys.NoticeReadRepository; If you want this repository to be a Redis repository, consider annotating your entities with one of these annotations: org.springframework.data.redis.core.RedisHash (preferred), or consider extending one of the following types with your repository: org.springframework.data.keyvalue.repository.KeyValueRepository
2026-05-21 10:43:44,390 [main] INFO  o.s.d.r.c.RepositoryConfigurationExtensionSupport  - Spring Data Redis - Could not safely identify store assignment for repository candidate interface cn.edu.sdu.java.server.repositorys.NoticeRepository; If you want this repository to be a Redis repository, consider annotating your entities with one of these annotations: org.springframework.data.redis.core.RedisHash (preferred), or consider extending one of the following types with your repository: org.springframework.data.keyvalue.repository.KeyValueRepository
2026-05-21 10:43:44,390 [main] INFO  o.s.d.r.c.RepositoryConfigurationExtensionSupport  - Spring Data Redis - Could not safely identify store assignment for repository candidate interface cn.edu.sdu.java.server.repositorys.NoticeTargetRepository; If you want this repository to be a Redis repository, consider annotating your entities with one of these annotations: org.springframework.data.redis.core.RedisHash (preferred), or consider extending one of the following types with your repository: org.springframework.data.keyvalue.repository.KeyValueRepository
2026-05-21 10:43:44,390 [main] INFO  o.s.d.r.c.RepositoryConfigurationExtensionSupport  - Spring Data Redis - Could not safely identify store assignment for repository candidate interface cn.edu.sdu.java.server.repositorys.PersonRepository; If you want this repository to be a Redis repository, consider annotating your entities with one of these annotations: org.springframework.data.redis.core.RedisHash (preferred), or consider extending one of the following types with your repository: org.springframework.data.keyvalue.repository.KeyValueRepository
2026-05-21 10:43:44,390 [main] INFO  o.s.d.r.c.RepositoryConfigurationExtensionSupport  - Spring Data Redis - Could not safely identify store assignment for repository candidate interface cn.edu.sdu.java.server.repositorys.PracticeMemberRepository; If you want this repository to be a Redis repository, consider annotating your entities with one of these annotations: org.springframework.data.redis.core.RedisHash (preferred), or consider extending one of the following types with your repository: org.springframework.data.keyvalue.repository.KeyValueRepository
2026-05-21 10:43:44,390 [main] INFO  o.s.d.r.c.RepositoryConfigurationExtensionSupport  - Spring Data Redis - Could not safely identify store assignment for repository candidate interface cn.edu.sdu.java.server.repositorys.PracticeProjectRepository; If you want this repository to be a Redis repository, consider annotating your entities with one of these annotations: org.springframework.data.redis.core.RedisHash (preferred), or consider extending one of the following types with your repository: org.springframework.data.keyvalue.repository.KeyValueRepository
2026-05-21 10:43:44,390 [main] INFO  o.s.d.r.c.RepositoryConfigurationExtensionSupport  - Spring Data Redis - Could not safely identify store assignment for repository candidate interface cn.edu.sdu.java.server.repositorys.PracticeReviewRepository; If you want this repository to be a Redis repository, consider annotating your entities with one of these annotations: org.springframework.data.redis.core.RedisHash (preferred), or consider extending one of the following types with your repository: org.springframework.data.keyvalue.repository.KeyValueRepository
2026-05-21 10:43:44,390 [main] INFO  o.s.d.r.c.RepositoryConfigurationExtensionSupport  - Spring Data Redis - Could not safely identify store assignment for repository candidate interface cn.edu.sdu.java.server.repositorys.PracticeSummaryRepository; If you want this repository to be a Redis repository, consider annotating your entities with one of these annotations: org.springframework.data.redis.core.RedisHash (preferred), or consider extending one of the following types with your repository: org.springframework.data.keyvalue.repository.KeyValueRepository
2026-05-21 10:43:44,390 [main] INFO  o.s.d.r.c.RepositoryConfigurationExtensionSupport  - Spring Data Redis - Could not safely identify store assignment for repository candidate interface cn.edu.sdu.java.server.repositorys.QuestionnaireRepository; If you want this repository to be a Redis repository, consider annotating your entities with one of these annotations: org.springframework.data.redis.core.RedisHash (preferred), or consider extending one of the following types with your repository: org.springframework.data.keyvalue.repository.KeyValueRepository
2026-05-21 10:43:44,390 [main] INFO  o.s.d.r.c.RepositoryConfigurationExtensionSupport  - Spring Data Redis - Could not safely identify store assignment for repository candidate interface cn.edu.sdu.java.server.repositorys.QuestionOptionRepository; If you want this repository to be a Redis repository, consider annotating your entities with one of these annotations: org.springframework.data.redis.core.RedisHash (preferred), or consider extending one of the following types with your repository: org.springframework.data.keyvalue.repository.KeyValueRepository
2026-05-21 10:43:44,390 [main] INFO  o.s.d.r.c.RepositoryConfigurationExtensionSupport  - Spring Data Redis - Could not safely identify store assignment for repository candidate interface cn.edu.sdu.java.server.repositorys.QuestionRepository; If you want this repository to be a Redis repository, consider annotating your entities with one of these annotations: org.springframework.data.redis.core.RedisHash (preferred), or consider extending one of the following types with your repository: org.springframework.data.keyvalue.repository.KeyValueRepository
2026-05-21 10:43:44,390 [main] INFO  o.s.d.r.c.RepositoryConfigurationExtensionSupport  - Spring Data Redis - Could not safely identify store assignment for repository candidate interface cn.edu.sdu.java.server.repositorys.ResponseRepository; If you want this repository to be a Redis repository, consider annotating your entities with one of these annotations: org.springframework.data.redis.core.RedisHash (preferred), or consider extending one of the following types with your repository: org.springframework.data.keyvalue.repository.KeyValueRepository
2026-05-21 10:43:44,390 [main] INFO  o.s.d.r.c.RepositoryConfigurationExtensionSupport  - Spring Data Redis - Could not safely identify store assignment for repository candidate interface cn.edu.sdu.java.server.repositorys.SchoolBusCampusRepository; If you want this repository to be a Redis repository, consider annotating your entities with one of these annotations: org.springframework.data.redis.core.RedisHash (preferred), or consider extending one of the following types with your repository: org.springframework.data.keyvalue.repository.KeyValueRepository
2026-05-21 10:43:44,390 [main] INFO  o.s.d.r.c.RepositoryConfigurationExtensionSupport  - Spring Data Redis - Could not safely identify store assignment for repository candidate interface cn.edu.sdu.java.server.repositorys.SchoolBusReservationRepository; If you want this repository to be a Redis repository, consider annotating your entities with one of these annotations: org.springframework.data.redis.core.RedisHash (preferred), or consider extending one of the following types with your repository: org.springframework.data.keyvalue.repository.KeyValueRepository
2026-05-21 10:43:44,394 [main] INFO  o.s.d.r.c.RepositoryConfigurationExtensionSupport  - Spring Data Redis - Could not safely identify store assignment for repository candidate interface cn.edu.sdu.java.server.repositorys.SchoolBusScheduleRepository; If you want this repository to be a Redis repository, consider annotating your entities with one of these annotations: org.springframework.data.redis.core.RedisHash (preferred), or consider extending one of the following types with your repository: org.springframework.data.keyvalue.repository.KeyValueRepository
2026-05-21 10:43:44,398 [main] INFO  o.s.d.r.c.RepositoryConfigurationExtensionSupport  - Spring Data Redis - Could not safely identify store assignment for repository candidate interface cn.edu.sdu.java.server.repositorys.ScoreRepository; If you want this repository to be a Redis repository, consider annotating your entities with one of these annotations: org.springframework.data.redis.core.RedisHash (preferred), or consider extending one of the following types with your repository: org.springframework.data.keyvalue.repository.KeyValueRepository
2026-05-21 10:43:44,398 [main] INFO  o.s.d.r.c.RepositoryConfigurationExtensionSupport  - Spring Data Redis - Could not safely identify store assignment for repository candidate interface cn.edu.sdu.java.server.repositorys.StatisticsDayRepository; If you want this repository to be a Redis repository, consider annotating your entities with one of these annotations: org.springframework.data.redis.core.RedisHash (preferred), or consider extending one of the following types with your repository: org.springframework.data.keyvalue.repository.KeyValueRepository
2026-05-21 10:43:44,398 [main] INFO  o.s.d.r.c.RepositoryConfigurationExtensionSupport  - Spring Data Redis - Could not safely identify store assignment for repository candidate interface cn.edu.sdu.java.server.repositorys.StudentLeaveRepository; If you want this repository to be a Redis repository, consider annotating your entities with one of these annotations: org.springframework.data.redis.core.RedisHash (preferred), or consider extending one of the following types with your repository: org.springframework.data.keyvalue.repository.KeyValueRepository
2026-05-21 10:43:44,398 [main] INFO  o.s.d.r.c.RepositoryConfigurationExtensionSupport  - Spring Data Redis - Could not safely identify store assignment for repository candidate interface cn.edu.sdu.java.server.repositorys.StudentRepository; If you want this repository to be a Redis repository, consider annotating your entities with one of these annotations: org.springframework.data.redis.core.RedisHash (preferred), or consider extending one of the following types with your repository: org.springframework.data.keyvalue.repository.KeyValueRepository
2026-05-21 10:43:44,398 [main] INFO  o.s.d.r.c.RepositoryConfigurationExtensionSupport  - Spring Data Redis - Could not safely identify store assignment for repository candidate interface cn.edu.sdu.java.server.repositorys.StudentStatisticsRepository; If you want this repository to be a Redis repository, consider annotating your entities with one of these annotations: org.springframework.data.redis.core.RedisHash (preferred), or consider extending one of the following types with your repository: org.springframework.data.keyvalue.repository.KeyValueRepository
2026-05-21 10:43:44,398 [main] INFO  o.s.d.r.c.RepositoryConfigurationExtensionSupport  - Spring Data Redis - Could not safely identify store assignment for repository candidate interface cn.edu.sdu.java.server.repositorys.SystemInfoRepository; If you want this repository to be a Redis repository, consider annotating your entities with one of these annotations: org.springframework.data.redis.core.RedisHash (preferred), or consider extending one of the following types with your repository: org.springframework.data.keyvalue.repository.KeyValueRepository
2026-05-21 10:43:44,398 [main] INFO  o.s.d.r.c.RepositoryConfigurationExtensionSupport  - Spring Data Redis - Could not safely identify store assignment for repository candidate interface cn.edu.sdu.java.server.repositorys.TeacherRepository; If you want this repository to be a Redis repository, consider annotating your entities with one of these annotations: org.springframework.data.redis.core.RedisHash (preferred), or consider extending one of the following types with your repository: org.springframework.data.keyvalue.repository.KeyValueRepository
2026-05-21 10:43:44,398 [main] INFO  o.s.d.r.c.RepositoryConfigurationExtensionSupport  - Spring Data Redis - Could not safely identify store assignment for repository candidate interface cn.edu.sdu.java.server.repositorys.UserRepository; If you want this repository to be a Redis repository, consider annotating your entities with one of these annotations: org.springframework.data.redis.core.RedisHash (preferred), or consider extending one of the following types with your repository: org.springframework.data.keyvalue.repository.KeyValueRepository
2026-05-21 10:43:44,398 [main] INFO  o.s.d.r.c.RepositoryConfigurationExtensionSupport  - Spring Data Redis - Could not safely identify store assignment for repository candidate interface cn.edu.sdu.java.server.repositorys.UserTypeRepository; If you want this repository to be a Redis repository, consider annotating your entities with one of these annotations: org.springframework.data.redis.core.RedisHash (preferred), or consider extending one of the following types with your repository: org.springframework.data.keyvalue.repository.KeyValueRepository
2026-05-21 10:43:44,398 [main] INFO  o.s.d.r.c.RepositoryConfigurationDelegate          - Finished Spring Data repository scanning in 19 ms. Found 0 Redis repository interfaces.
2026-05-21 10:43:44,993 [main] INFO  o.s.b.w.embedded.tomcat.TomcatWebServer            - Tomcat initialized with port 22222 (http)
2026-05-21 10:43:45,002 [main] INFO  o.apache.coyote.http11.Http11NioProtocol           - Initializing ProtocolHandler ["http-nio-22222"]
2026-05-21 10:43:45,006 [main] INFO  o.apache.catalina.core.StandardService             - Starting service [Tomcat]
2026-05-21 10:43:45,006 [main] INFO  org.apache.catalina.core.StandardEngine            - Starting Servlet engine: [Apache Tomcat/10.1.34]
2026-05-21 10:43:45,069 [main] INFO  o.a.c.c.C.[Tomcat].[localhost].[/]                 - Initializing Spring embedded WebApplicationContext
2026-05-21 10:43:45,069 [main] INFO  o.s.b.w.s.c.ServletWebServerApplicationContext     - Root WebApplicationContext: initialization completed in 1526 ms
2026-05-21 10:43:45,227 [main] INFO  o.hibernate.jpa.internal.util.LogHelper            - HHH000204: Processing PersistenceUnitInfo [name: default]
2026-05-21 10:43:45,303 [main] INFO  org.hibernate.Version                              - HHH000412: Hibernate ORM core version 6.6.5.Final
2026-05-21 10:43:45,353 [main] INFO  o.h.c.internal.RegionFactoryInitiator              - HHH000026: Second-level cache disabled
2026-05-21 10:43:45,596 [main] INFO  o.s.o.j.p.SpringPersistenceUnitInfo                - No LoadTimeWeaver setup: ignoring JPA class transformer
2026-05-21 10:43:45,633 [main] INFO  com.zaxxer.hikari.HikariDataSource                 - HikariPool-1 - Starting...
2026-05-21 10:43:50,320 [main] INFO  com.zaxxer.hikari.pool.HikariPool                  - HikariPool-1 - Added connection com.mysql.cj.jdbc.ConnectionImpl@74e4be21
2026-05-21 10:43:50,321 [main] INFO  com.zaxxer.hikari.HikariDataSource                 - HikariPool-1 - Start completed.
2026-05-21 10:43:50,372 [main] INFO  org.hibernate.orm.connections.pooling              - HHH10001005: Database info:
	Database JDBC URL [Connecting through datasource 'HikariDataSource (HikariPool-1)']
	Database driver: undefined/unknown
	Database version: 8.0.35
	Autocommit mode: undefined/unknown
	Isolation level: undefined/unknown
	Minimum pool size: undefined/unknown
	Maximum pool size: undefined/unknown
2026-05-21 10:43:51,249 [main] INFO  o.h.e.t.j.p.i.JtaPlatformInitiator                 - HHH000489: No JTA platform available (set 'hibernate.transaction.jta.platform' to enable JTA platform integration)
2026-05-21 10:43:51,437 [main] INFO  o.s.o.j.LocalContainerEntityManagerFactoryBean     - Initialized JPA EntityManagerFactory for persistence unit 'default'
2026-05-21 10:43:51,614 [main] INFO  o.s.d.j.r.query.QueryEnhancerFactory               - Hibernate is in classpath; If applicable, HQL parser will be used.
2026-05-21 10:43:52,175 [main] WARN  o.s.b.a.o.j.JpaBaseConfiguration$JpaWebConfiguration - spring.jpa.open-in-view is enabled by default. Therefore, database queries may be performed during view rendering. Explicitly configure spring.jpa.open-in-view to disable this warning
2026-05-21 10:43:52,531 [main] INFO  o.s.s.c.a.a.c.InitializeAuthenticationProviderBeanManagerConfigurer$InitializeAuthenticationProviderManagerConfigurer - Global AuthenticationManager configured with AuthenticationProvider bean with name authenticationProvider
2026-05-21 10:43:52,532 [main] WARN  o.s.s.c.a.a.c.InitializeUserDetailsBeanManagerConfigurer$InitializeUserDetailsManagerConfigurer - Global AuthenticationManager configured with an AuthenticationProvider bean. UserDetailsService beans will not be used by Spring Security for automatically configuring username/password login. Consider removing the AuthenticationProvider bean. Alternatively, consider using the UserDetailsService in a manually instantiated DaoAuthenticationProvider. If the current configuration is intentional, to turn off this warning, increase the logging level of 'org.springframework.security.config.annotation.authentication.configuration.InitializeUserDetailsBeanManagerConfigurer' to ERROR
2026-05-21 10:43:53,108 [main] INFO  o.s.b.a.w.s.WelcomePageHandlerMapping              - Adding welcome page: class path resource [public/index.html]
2026-05-21 10:43:53,718 [main] INFO  o.apache.coyote.http11.Http11NioProtocol           - Starting ProtocolHandler ["http-nio-22222"]
2026-05-21 10:43:53,730 [main] INFO  o.s.b.w.embedded.tomcat.TomcatWebServer            - Tomcat started on port 22222 (http) with context path '/'
2026-05-21 10:43:53,739 [main] INFO  c.e.s.java.server.JavaServerApplication            - Started JavaServerApplication in 10.637 seconds (process running for 10.929)
2026-05-21 10:43:53,739 [main] INFO  c.e.s.j.server.SystemApplicationListener           - org.springframework.boot.context.event.ApplicationReadyEvent[source=org.springframework.boot.SpringApplication@4c06f69f]
2026-05-21 10:43:53,739 [main] INFO  c.e.s.j.server.SystemApplicationListener           - SystemInitStart
2026-05-21 10:43:53,863 [main] INFO  c.e.s.j.server.SystemApplicationListener           - systemInitEnd
2026-05-21 10:45:38,979 [http-nio-22222-exec-1] INFO  o.a.c.c.C.[Tomcat].[localhost].[/]                 - Initializing Spring DispatcherServlet 'dispatcherServlet'
2026-05-21 10:45:38,980 [http-nio-22222-exec-1] INFO  o.s.web.servlet.DispatcherServlet                  - Initializing Servlet 'dispatcherServlet'
2026-05-21 10:45:38,981 [http-nio-22222-exec-1] INFO  o.s.web.servlet.DispatcherServlet                  - Completed initialization in 1 ms
2026-05-21 10:57:09,577 [SpringApplicationShutdownHook] INFO  o.s.b.w.embedded.tomcat.GracefulShutdown           - Commencing graceful shutdown. Waiting for active requests to complete
2026-05-21 10:57:09,581 [tomcat-shutdown] INFO  o.s.b.w.embedded.tomcat.GracefulShutdown           - Graceful shutdown complete
2026-05-21 10:57:09,592 [SpringApplicationShutdownHook] INFO  o.s.o.j.LocalContainerEntityManagerFactoryBean     - Closing JPA EntityManagerFactory for persistence unit 'default'
2026-05-21 10:57:09,593 [SpringApplicationShutdownHook] INFO  com.zaxxer.hikari.HikariDataSource                 - HikariPool-1 - Shutdown initiated...
2026-05-21 10:57:09,597 [SpringApplicationShutdownHook] INFO  com.zaxxer.hikari.HikariDataSource                 - HikariPool-1 - Shutdown completed.
2026-05-21 10:57:19,653 [background-preinit] INFO  o.h.validator.internal.util.Version                - HV000001: Hibernate Validator 8.0.2.Final
2026-05-21 10:57:19,691 [main] INFO  c.e.s.java.server.JavaServerApplication            - Starting JavaServerApplication using Java 21.0.5 with PID 54932 (C:\Users\26796\Desktop\java-server - 副本 (2)\target\classes started by 26796 in C:\Users\26796\Desktop\java-server - 副本 (2))
2026-05-21 10:57:19,692 [main] INFO  c.e.s.java.server.JavaServerApplication            - No active profile set, falling back to 1 default profile: "default"
2026-05-21 10:57:20,405 [main] INFO  o.s.d.r.c.RepositoryConfigurationDelegate          - Multiple Spring Data modules found, entering strict repository configuration mode
2026-05-21 10:57:20,407 [main] INFO  o.s.d.r.c.RepositoryConfigurationDelegate          - Bootstrapping Spring Data JPA repositories in DEFAULT mode.
2026-05-21 10:57:20,560 [main] INFO  o.s.d.r.c.RepositoryConfigurationDelegate          - Finished Spring Data repository scanning in 146 ms. Found 32 JPA repository interfaces.
2026-05-21 10:57:20,586 [main] INFO  o.s.d.r.c.RepositoryConfigurationDelegate          - Multiple Spring Data modules found, entering strict repository configuration mode
2026-05-21 10:57:20,587 [main] INFO  o.s.d.r.c.RepositoryConfigurationDelegate          - Bootstrapping Spring Data Redis repositories in DEFAULT mode.
2026-05-21 10:57:20,607 [main] INFO  o.s.d.r.c.RepositoryConfigurationExtensionSupport  - Spring Data Redis - Could not safely identify store assignment for repository candidate interface cn.edu.sdu.java.server.repositorys.AnswerRepository; If you want this repository to be a Redis repository, consider annotating your entities with one of these annotations: org.springframework.data.redis.core.RedisHash (preferred), or consider extending one of the following types with your repository: org.springframework.data.keyvalue.repository.KeyValueRepository
2026-05-21 10:57:20,607 [main] INFO  o.s.d.r.c.RepositoryConfigurationExtensionSupport  - Spring Data Redis - Could not safely identify store assignment for repository candidate interface cn.edu.sdu.java.server.repositorys.CourseRepository; If you want this repository to be a Redis repository, consider annotating your entities with one of these annotations: org.springframework.data.redis.core.RedisHash (preferred), or consider extending one of the following types with your repository: org.springframework.data.keyvalue.repository.KeyValueRepository
2026-05-21 10:57:20,608 [main] INFO  o.s.d.r.c.RepositoryConfigurationExtensionSupport  - Spring Data Redis - Could not safely identify store assignment for repository candidate interface cn.edu.sdu.java.server.repositorys.DictionaryInfoRepository; If you want this repository to be a Redis repository, consider annotating your entities with one of these annotations: org.springframework.data.redis.core.RedisHash (preferred), or consider extending one of the following types with your repository: org.springframework.data.keyvalue.repository.KeyValueRepository
2026-05-21 10:57:20,608 [main] INFO  o.s.d.r.c.RepositoryConfigurationExtensionSupport  - Spring Data Redis - Could not safely identify store assignment for repository candidate interface cn.edu.sdu.java.server.repositorys.FamilyMemberRepository; If you want this repository to be a Redis repository, consider annotating your entities with one of these annotations: org.springframework.data.redis.core.RedisHash (preferred), or consider extending one of the following types with your repository: org.springframework.data.keyvalue.repository.KeyValueRepository
2026-05-21 10:57:20,608 [main] INFO  o.s.d.r.c.RepositoryConfigurationExtensionSupport  - Spring Data Redis - Could not safely identify store assignment for repository candidate interface cn.edu.sdu.java.server.repositorys.FeeRepository; If you want this repository to be a Redis repository, consider annotating your entities with one of these annotations: org.springframework.data.redis.core.RedisHash (preferred), or consider extending one of the following types with your repository: org.springframework.data.keyvalue.repository.KeyValueRepository
2026-05-21 10:57:20,608 [main] INFO  o.s.d.r.c.RepositoryConfigurationExtensionSupport  - Spring Data Redis - Could not safely identify store assignment for repository candidate interface cn.edu.sdu.java.server.repositorys.KeyTopicRepository; If you want this repository to be a Redis repository, consider annotating your entities with one of these annotations: org.springframework.data.redis.core.RedisHash (preferred), or consider extending one of the following types with your repository: org.springframework.data.keyvalue.repository.KeyValueRepository
2026-05-21 10:57:20,608 [main] INFO  o.s.d.r.c.RepositoryConfigurationExtensionSupport  - Spring Data Redis - Could not safely identify store assignment for repository candidate interface cn.edu.sdu.java.server.repositorys.MenuInfoRepository; If you want this repository to be a Redis repository, consider annotating your entities with one of these annotations: org.springframework.data.redis.core.RedisHash (preferred), or consider extending one of the following types with your repository: org.springframework.data.keyvalue.repository.KeyValueRepository
2026-05-21 10:57:20,608 [main] INFO  o.s.d.r.c.RepositoryConfigurationExtensionSupport  - Spring Data Redis - Could not safely identify store assignment for repository candidate interface cn.edu.sdu.java.server.repositorys.ModifyLogRepository; If you want this repository to be a Redis repository, consider annotating your entities with one of these annotations: org.springframework.data.redis.core.RedisHash (preferred), or consider extending one of the following types with your repository: org.springframework.data.keyvalue.repository.KeyValueRepository
2026-05-21 10:57:20,608 [main] INFO  o.s.d.r.c.RepositoryConfigurationExtensionSupport  - Spring Data Redis - Could not safely identify store assignment for repository candidate interface cn.edu.sdu.java.server.repositorys.NoticeReadRepository; If you want this repository to be a Redis repository, consider annotating your entities with one of these annotations: org.springframework.data.redis.core.RedisHash (preferred), or consider extending one of the following types with your repository: org.springframework.data.keyvalue.repository.KeyValueRepository
2026-05-21 10:57:20,608 [main] INFO  o.s.d.r.c.RepositoryConfigurationExtensionSupport  - Spring Data Redis - Could not safely identify store assignment for repository candidate interface cn.edu.sdu.java.server.repositorys.NoticeRepository; If you want this repository to be a Redis repository, consider annotating your entities with one of these annotations: org.springframework.data.redis.core.RedisHash (preferred), or consider extending one of the following types with your repository: org.springframework.data.keyvalue.repository.KeyValueRepository
2026-05-21 10:57:20,608 [main] INFO  o.s.d.r.c.RepositoryConfigurationExtensionSupport  - Spring Data Redis - Could not safely identify store assignment for repository candidate interface cn.edu.sdu.java.server.repositorys.NoticeTargetRepository; If you want this repository to be a Redis repository, consider annotating your entities with one of these annotations: org.springframework.data.redis.core.RedisHash (preferred), or consider extending one of the following types with your repository: org.springframework.data.keyvalue.repository.KeyValueRepository
2026-05-21 10:57:20,610 [main] INFO  o.s.d.r.c.RepositoryConfigurationExtensionSupport  - Spring Data Redis - Could not safely identify store assignment for repository candidate interface cn.edu.sdu.java.server.repositorys.PersonRepository; If you want this repository to be a Redis repository, consider annotating your entities with one of these annotations: org.springframework.data.redis.core.RedisHash (preferred), or consider extending one of the following types with your repository: org.springframework.data.keyvalue.repository.KeyValueRepository
2026-05-21 10:57:20,610 [main] INFO  o.s.d.r.c.RepositoryConfigurationExtensionSupport  - Spring Data Redis - Could not safely identify store assignment for repository candidate interface cn.edu.sdu.java.server.repositorys.PracticeMemberRepository; If you want this repository to be a Redis repository, consider annotating your entities with one of these annotations: org.springframework.data.redis.core.RedisHash (preferred), or consider extending one of the following types with your repository: org.springframework.data.keyvalue.repository.KeyValueRepository
2026-05-21 10:57:20,610 [main] INFO  o.s.d.r.c.RepositoryConfigurationExtensionSupport  - Spring Data Redis - Could not safely identify store assignment for repository candidate interface cn.edu.sdu.java.server.repositorys.PracticeProjectRepository; If you want this repository to be a Redis repository, consider annotating your entities with one of these annotations: org.springframework.data.redis.core.RedisHash (preferred), or consider extending one of the following types with your repository: org.springframework.data.keyvalue.repository.KeyValueRepository
2026-05-21 10:57:20,611 [main] INFO  o.s.d.r.c.RepositoryConfigurationExtensionSupport  - Spring Data Redis - Could not safely identify store assignment for repository candidate interface cn.edu.sdu.java.server.repositorys.PracticeReviewRepository; If you want this repository to be a Redis repository, consider annotating your entities with one of these annotations: org.springframework.data.redis.core.RedisHash (preferred), or consider extending one of the following types with your repository: org.springframework.data.keyvalue.repository.KeyValueRepository
2026-05-21 10:57:20,611 [main] INFO  o.s.d.r.c.RepositoryConfigurationExtensionSupport  - Spring Data Redis - Could not safely identify store assignment for repository candidate interface cn.edu.sdu.java.server.repositorys.PracticeSummaryRepository; If you want this repository to be a Redis repository, consider annotating your entities with one of these annotations: org.springframework.data.redis.core.RedisHash (preferred), or consider extending one of the following types with your repository: org.springframework.data.keyvalue.repository.KeyValueRepository
2026-05-21 10:57:20,611 [main] INFO  o.s.d.r.c.RepositoryConfigurationExtensionSupport  - Spring Data Redis - Could not safely identify store assignment for repository candidate interface cn.edu.sdu.java.server.repositorys.QuestionnaireRepository; If you want this repository to be a Redis repository, consider annotating your entities with one of these annotations: org.springframework.data.redis.core.RedisHash (preferred), or consider extending one of the following types with your repository: org.springframework.data.keyvalue.repository.KeyValueRepository
2026-05-21 10:57:20,611 [main] INFO  o.s.d.r.c.RepositoryConfigurationExtensionSupport  - Spring Data Redis - Could not safely identify store assignment for repository candidate interface cn.edu.sdu.java.server.repositorys.QuestionOptionRepository; If you want this repository to be a Redis repository, consider annotating your entities with one of these annotations: org.springframework.data.redis.core.RedisHash (preferred), or consider extending one of the following types with your repository: org.springframework.data.keyvalue.repository.KeyValueRepository
2026-05-21 10:57:20,611 [main] INFO  o.s.d.r.c.RepositoryConfigurationExtensionSupport  - Spring Data Redis - Could not safely identify store assignment for repository candidate interface cn.edu.sdu.java.server.repositorys.QuestionRepository; If you want this repository to be a Redis repository, consider annotating your entities with one of these annotations: org.springframework.data.redis.core.RedisHash (preferred), or consider extending one of the following types with your repository: org.springframework.data.keyvalue.repository.KeyValueRepository
2026-05-21 10:57:20,611 [main] INFO  o.s.d.r.c.RepositoryConfigurationExtensionSupport  - Spring Data Redis - Could not safely identify store assignment for repository candidate interface cn.edu.sdu.java.server.repositorys.ResponseRepository; If you want this repository to be a Redis repository, consider annotating your entities with one of these annotations: org.springframework.data.redis.core.RedisHash (preferred), or consider extending one of the following types with your repository: org.springframework.data.keyvalue.repository.KeyValueRepository
2026-05-21 10:57:20,611 [main] INFO  o.s.d.r.c.RepositoryConfigurationExtensionSupport  - Spring Data Redis - Could not safely identify store assignment for repository candidate interface cn.edu.sdu.java.server.repositorys.SchoolBusCampusRepository; If you want this repository to be a Redis repository, consider annotating your entities with one of these annotations: org.springframework.data.redis.core.RedisHash (preferred), or consider extending one of the following types with your repository: org.springframework.data.keyvalue.repository.KeyValueRepository
2026-05-21 10:57:20,611 [main] INFO  o.s.d.r.c.RepositoryConfigurationExtensionSupport  - Spring Data Redis - Could not safely identify store assignment for repository candidate interface cn.edu.sdu.java.server.repositorys.SchoolBusReservationRepository; If you want this repository to be a Redis repository, consider annotating your entities with one of these annotations: org.springframework.data.redis.core.RedisHash (preferred), or consider extending one of the following types with your repository: org.springframework.data.keyvalue.repository.KeyValueRepository
2026-05-21 10:57:20,612 [main] INFO  o.s.d.r.c.RepositoryConfigurationExtensionSupport  - Spring Data Redis - Could not safely identify store assignment for repository candidate interface cn.edu.sdu.java.server.repositorys.SchoolBusScheduleRepository; If you want this repository to be a Redis repository, consider annotating your entities with one of these annotations: org.springframework.data.redis.core.RedisHash (preferred), or consider extending one of the following types with your repository: org.springframework.data.keyvalue.repository.KeyValueRepository
2026-05-21 10:57:20,614 [main] INFO  o.s.d.r.c.RepositoryConfigurationExtensionSupport  - Spring Data Redis - Could not safely identify store assignment for repository candidate interface cn.edu.sdu.java.server.repositorys.ScoreRepository; If you want this repository to be a Redis repository, consider annotating your entities with one of these annotations: org.springframework.data.redis.core.RedisHash (preferred), or consider extending one of the following types with your repository: org.springframework.data.keyvalue.repository.KeyValueRepository
2026-05-21 10:57:20,614 [main] INFO  o.s.d.r.c.RepositoryConfigurationExtensionSupport  - Spring Data Redis - Could not safely identify store assignment for repository candidate interface cn.edu.sdu.java.server.repositorys.StatisticsDayRepository; If you want this repository to be a Redis repository, consider annotating your entities with one of these annotations: org.springframework.data.redis.core.RedisHash (preferred), or consider extending one of the following types with your repository: org.springframework.data.keyvalue.repository.KeyValueRepository
2026-05-21 10:57:20,614 [main] INFO  o.s.d.r.c.RepositoryConfigurationExtensionSupport  - Spring Data Redis - Could not safely identify store assignment for repository candidate interface cn.edu.sdu.java.server.repositorys.StudentLeaveRepository; If you want this repository to be a Redis repository, consider annotating your entities with one of these annotations: org.springframework.data.redis.core.RedisHash (preferred), or consider extending one of the following types with your repository: org.springframework.data.keyvalue.repository.KeyValueRepository
2026-05-21 10:57:20,614 [main] INFO  o.s.d.r.c.RepositoryConfigurationExtensionSupport  - Spring Data Redis - Could not safely identify store assignment for repository candidate interface cn.edu.sdu.java.server.repositorys.StudentRepository; If you want this repository to be a Redis repository, consider annotating your entities with one of these annotations: org.springframework.data.redis.core.RedisHash (preferred), or consider extending one of the following types with your repository: org.springframework.data.keyvalue.repository.KeyValueRepository
2026-05-21 10:57:20,614 [main] INFO  o.s.d.r.c.RepositoryConfigurationExtensionSupport  - Spring Data Redis - Could not safely identify store assignment for repository candidate interface cn.edu.sdu.java.server.repositorys.StudentStatisticsRepository; If you want this repository to be a Redis repository, consider annotating your entities with one of these annotations: org.springframework.data.redis.core.RedisHash (preferred), or consider extending one of the following types with your repository: org.springframework.data.keyvalue.repository.KeyValueRepository
2026-05-21 10:57:20,615 [main] INFO  o.s.d.r.c.RepositoryConfigurationExtensionSupport  - Spring Data Redis - Could not safely identify store assignment for repository candidate interface cn.edu.sdu.java.server.repositorys.SystemInfoRepository; If you want this repository to be a Redis repository, consider annotating your entities with one of these annotations: org.springframework.data.redis.core.RedisHash (preferred), or consider extending one of the following types with your repository: org.springframework.data.keyvalue.repository.KeyValueRepository
2026-05-21 10:57:20,615 [main] INFO  o.s.d.r.c.RepositoryConfigurationExtensionSupport  - Spring Data Redis - Could not safely identify store assignment for repository candidate interface cn.edu.sdu.java.server.repositorys.TeacherRepository; If you want this repository to be a Redis repository, consider annotating your entities with one of these annotations: org.springframework.data.redis.core.RedisHash (preferred), or consider extending one of the following types with your repository: org.springframework.data.keyvalue.repository.KeyValueRepository
2026-05-21 10:57:20,615 [main] INFO  o.s.d.r.c.RepositoryConfigurationExtensionSupport  - Spring Data Redis - Could not safely identify store assignment for repository candidate interface cn.edu.sdu.java.server.repositorys.UserRepository; If you want this repository to be a Redis repository, consider annotating your entities with one of these annotations: org.springframework.data.redis.core.RedisHash (preferred), or consider extending one of the following types with your repository: org.springframework.data.keyvalue.repository.KeyValueRepository
2026-05-21 10:57:20,615 [main] INFO  o.s.d.r.c.RepositoryConfigurationExtensionSupport  - Spring Data Redis - Could not safely identify store assignment for repository candidate interface cn.edu.sdu.java.server.repositorys.UserTypeRepository; If you want this repository to be a Redis repository, consider annotating your entities with one of these annotations: org.springframework.data.redis.core.RedisHash (preferred), or consider extending one of the following types with your repository: org.springframework.data.keyvalue.repository.KeyValueRepository
2026-05-21 10:57:20,615 [main] INFO  o.s.d.r.c.RepositoryConfigurationDelegate          - Finished Spring Data repository scanning in 17 ms. Found 0 Redis repository interfaces.
2026-05-21 10:57:21,355 [main] INFO  o.s.b.w.embedded.tomcat.TomcatWebServer            - Tomcat initialized with port 22222 (http)
2026-05-21 10:57:21,365 [main] INFO  o.apache.coyote.http11.Http11NioProtocol           - Initializing ProtocolHandler ["http-nio-22222"]
2026-05-21 10:57:21,368 [main] INFO  o.apache.catalina.core.StandardService             - Starting service [Tomcat]
2026-05-21 10:57:21,368 [main] INFO  org.apache.catalina.core.StandardEngine            - Starting Servlet engine: [Apache Tomcat/10.1.34]
2026-05-21 10:57:21,433 [main] INFO  o.a.c.c.C.[Tomcat].[localhost].[/]                 - Initializing Spring embedded WebApplicationContext
2026-05-21 10:57:21,433 [main] INFO  o.s.b.w.s.c.ServletWebServerApplicationContext     - Root WebApplicationContext: initialization completed in 1713 ms
2026-05-21 10:57:21,618 [main] INFO  o.hibernate.jpa.internal.util.LogHelper            - HHH000204: Processing PersistenceUnitInfo [name: default]
2026-05-21 10:57:21,713 [main] INFO  org.hibernate.Version                              - HHH000412: Hibernate ORM core version 6.6.5.Final
2026-05-21 10:57:21,757 [main] INFO  o.h.c.internal.RegionFactoryInitiator              - HHH000026: Second-level cache disabled
2026-05-21 10:57:21,923 [main] INFO  o.s.o.j.p.SpringPersistenceUnitInfo                - No LoadTimeWeaver setup: ignoring JPA class transformer
2026-05-21 10:57:21,939 [main] INFO  com.zaxxer.hikari.HikariDataSource                 - HikariPool-1 - Starting...
2026-05-21 10:57:26,640 [main] INFO  com.zaxxer.hikari.pool.HikariPool                  - HikariPool-1 - Added connection com.mysql.cj.jdbc.ConnectionImpl@77d54a41
2026-05-21 10:57:26,641 [main] INFO  com.zaxxer.hikari.HikariDataSource                 - HikariPool-1 - Start completed.
2026-05-21 10:57:26,696 [main] INFO  org.hibernate.orm.connections.pooling              - HHH10001005: Database info:
	Database JDBC URL [Connecting through datasource 'HikariDataSource (HikariPool-1)']
	Database driver: undefined/unknown
	Database version: 8.0.35
	Autocommit mode: undefined/unknown
	Isolation level: undefined/unknown
	Minimum pool size: undefined/unknown
	Maximum pool size: undefined/unknown
2026-05-21 10:57:27,565 [main] INFO  o.h.e.t.j.p.i.JtaPlatformInitiator                 - HHH000489: No JTA platform available (set 'hibernate.transaction.jta.platform' to enable JTA platform integration)
2026-05-21 10:57:27,914 [main] INFO  o.s.o.j.LocalContainerEntityManagerFactoryBean     - Initialized JPA EntityManagerFactory for persistence unit 'default'
2026-05-21 10:57:28,140 [main] INFO  o.s.d.j.r.query.QueryEnhancerFactory               - Hibernate is in classpath; If applicable, HQL parser will be used.
2026-05-21 10:57:28,667 [main] WARN  o.s.b.a.o.j.JpaBaseConfiguration$JpaWebConfiguration - spring.jpa.open-in-view is enabled by default. Therefore, database queries may be performed during view rendering. Explicitly configure spring.jpa.open-in-view to disable this warning
2026-05-21 10:57:28,976 [main] INFO  o.s.s.c.a.a.c.InitializeAuthenticationProviderBeanManagerConfigurer$InitializeAuthenticationProviderManagerConfigurer - Global AuthenticationManager configured with AuthenticationProvider bean with name authenticationProvider
2026-05-21 10:57:28,976 [main] WARN  o.s.s.c.a.a.c.InitializeUserDetailsBeanManagerConfigurer$InitializeUserDetailsManagerConfigurer - Global AuthenticationManager configured with an AuthenticationProvider bean. UserDetailsService beans will not be used by Spring Security for automatically configuring username/password login. Consider removing the AuthenticationProvider bean. Alternatively, consider using the UserDetailsService in a manually instantiated DaoAuthenticationProvider. If the current configuration is intentional, to turn off this warning, increase the logging level of 'org.springframework.security.config.annotation.authentication.configuration.InitializeUserDetailsBeanManagerConfigurer' to ERROR
2026-05-21 10:57:29,586 [main] INFO  o.s.b.a.w.s.WelcomePageHandlerMapping              - Adding welcome page: class path resource [public/index.html]
2026-05-21 10:57:30,296 [main] INFO  o.apache.coyote.http11.Http11NioProtocol           - Starting ProtocolHandler ["http-nio-22222"]
2026-05-21 10:57:30,309 [main] INFO  o.s.b.w.embedded.tomcat.TomcatWebServer            - Tomcat started on port 22222 (http) with context path '/'
2026-05-21 10:57:30,315 [main] INFO  c.e.s.java.server.JavaServerApplication            - Started JavaServerApplication in 11.012 seconds (process running for 11.28)
2026-05-21 10:57:30,318 [main] INFO  c.e.s.j.server.SystemApplicationListener           - org.springframework.boot.context.event.ApplicationReadyEvent[source=org.springframework.boot.SpringApplication@6850dec4]
2026-05-21 10:57:30,318 [main] INFO  c.e.s.j.server.SystemApplicationListener           - SystemInitStart
2026-05-21 10:57:30,443 [main] INFO  c.e.s.j.server.SystemApplicationListener           - systemInitEnd
2026-05-21 10:58:27,213 [http-nio-22222-exec-1] INFO  o.a.c.c.C.[Tomcat].[localhost].[/]                 - Initializing Spring DispatcherServlet 'dispatcherServlet'
2026-05-21 10:58:27,213 [http-nio-22222-exec-1] INFO  o.s.web.servlet.DispatcherServlet                  - Initializing Servlet 'dispatcherServlet'
2026-05-21 10:58:27,214 [http-nio-22222-exec-1] INFO  o.s.web.servlet.DispatcherServlet                  - Completed initialization in 1 ms
2026-05-21 11:05:49,244 [http-nio-22222-exec-5] INFO  c.e.s.j.s.c.JwtAuthenticationFilter                - /api/base/getDataBaseUserName,2022030001,2026-05-21 11:05:49,0.031
2026-05-21 11:05:49,346 [http-nio-22222-exec-6] INFO  c.e.s.j.s.c.JwtAuthenticationFilter                - /api/base/getMenuList,2022030001,2026-05-21 11:05:49,0.096
2026-05-21 11:06:15,377 [http-nio-22222-exec-1] INFO  c.e.s.j.s.c.JwtAuthenticationFilter                - /api/base/getDataBaseUserName,2022030001,2026-05-21 11:06:15,0.021
2026-05-21 11:06:15,470 [http-nio-22222-exec-2] INFO  c.e.s.j.s.c.JwtAuthenticationFilter                - /api/base/getMenuList,2022030001,2026-05-21 11:06:15,0.087
2026-05-21 11:14:25,505 [http-nio-22222-exec-8] INFO  c.e.s.j.s.c.JwtAuthenticationFilter                - /api/base/getDataBaseUserName,2022030001,2026-05-21 11:14:25,0.02
2026-05-21 11:14:25,599 [http-nio-22222-exec-9] INFO  c.e.s.j.s.c.JwtAuthenticationFilter                - /api/base/getMenuList,2022030001,2026-05-21 11:14:25,0.088
2026-05-21 11:14:28,199 [http-nio-22222-exec-7] INFO  c.e.s.j.s.c.JwtAuthenticationFilter                - /api/shuttle/getShuttleBusList,2022030001,2026-05-21 11:14:28,0.033
2026-05-21 11:14:39,641 [http-nio-22222-exec-4] INFO  c.e.s.j.s.c.JwtAuthenticationFilter                - /api/base/getDataBaseUserName,admin,2026-05-21 11:14:39,0.02
2026-05-21 11:14:39,756 [http-nio-22222-exec-5] INFO  c.e.s.j.s.c.JwtAuthenticationFilter                - /api/base/getMenuList,admin,2026-05-21 11:14:39,0.11
2026-05-21 11:14:41,623 [http-nio-22222-exec-6] INFO  c.e.s.j.s.c.JwtAuthenticationFilter                - /api/shuttle/getShuttleBusList,admin,2026-05-21 11:14:41,0.024
2026-05-21 11:42:33,486 [http-nio-22222-exec-10] INFO  c.e.s.j.s.c.JwtAuthenticationFilter                - /api/base/getDataBaseUserName,admin,2026-05-21 11:42:33,0.024
2026-05-21 11:42:33,656 [http-nio-22222-exec-3] INFO  c.e.s.j.s.c.JwtAuthenticationFilter                - /api/base/getMenuList,admin,2026-05-21 11:42:33,0.165
2026-05-21 11:42:37,991 [http-nio-22222-exec-4] INFO  c.e.s.j.s.c.JwtAuthenticationFilter                - /api/schoolbus/getCampusList,admin,2026-05-21 11:42:37,0.044
2026-05-21 11:42:38,022 [http-nio-22222-exec-5] INFO  c.e.s.j.s.c.JwtAuthenticationFilter                - /api/schoolbus/getActiveSchedules,admin,2026-05-21 11:42:37,0.025
2026-05-21 11:42:38,669 [http-nio-22222-exec-1] INFO  c.e.s.j.s.c.JwtAuthenticationFilter                - /api/schoolbus/getCampusList,admin,2026-05-21 11:42:38,0.03
2026-05-21 11:42:38,711 [http-nio-22222-exec-2] INFO  c.e.s.j.s.c.JwtAuthenticationFilter                - /api/schoolbus/getMyReservations,admin,2026-05-21 11:42:38,0.034
2026-05-21 11:42:38,747 [http-nio-22222-exec-10] INFO  c.e.s.j.s.c.JwtAuthenticationFilter                - /api/schoolbus/getMyReservations,admin,2026-05-21 11:42:38,0.026
2026-05-21 11:42:48,709 [http-nio-22222-exec-9] INFO  c.e.s.j.s.c.JwtAuthenticationFilter                - /api/schoolbus/getMyReservations,admin,2026-05-21 11:42:48,0.081
2026-05-21 11:42:57,980 [http-nio-22222-exec-8] INFO  c.e.s.j.s.c.JwtAuthenticationFilter                - /api/base/getDataBaseUserName,2022030001,2026-05-21 11:42:57,0.042
2026-05-21 11:42:58,142 [http-nio-22222-exec-7] INFO  c.e.s.j.s.c.JwtAuthenticationFilter                - /api/base/getMenuList,2022030001,2026-05-21 11:42:57,0.156
2026-05-21 11:43:01,853 [http-nio-22222-exec-1] INFO  c.e.s.j.s.c.JwtAuthenticationFilter                - /api/schoolbus/getCampusList,2022030001,2026-05-21 11:43:01,0.03
2026-05-21 11:43:01,895 [http-nio-22222-exec-2] INFO  c.e.s.j.s.c.JwtAuthenticationFilter                - /api/schoolbus/getMyReservations,2022030001,2026-05-21 11:43:01,0.036
2026-05-21 11:43:01,934 [http-nio-22222-exec-10] INFO  c.e.s.j.s.c.JwtAuthenticationFilter                - /api/schoolbus/getMyReservations,2022030001,2026-05-21 11:43:01,0.031
2026-05-21 11:43:04,809 [http-nio-22222-exec-4] INFO  c.e.s.j.s.c.JwtAuthenticationFilter                - /api/schoolbus/getCampusList,2022030001,2026-05-21 11:43:04,0.044
2026-05-21 11:43:04,843 [http-nio-22222-exec-5] INFO  c.e.s.j.s.c.JwtAuthenticationFilter                - /api/schoolbus/getActiveSchedules,2022030001,2026-05-21 11:43:04,0.027
2026-05-21 11:43:04,877 [http-nio-22222-exec-3] INFO  c.e.s.j.s.c.JwtAuthenticationFilter                - /api/schoolbus/getMyReservations,2022030001,2026-05-21 11:43:04,0.027
2026-05-21 11:43:06,683 [http-nio-22222-exec-9] INFO  c.e.s.j.s.c.JwtAuthenticationFilter                - /api/schoolbus/getMyReservations,2022030001,2026-05-21 11:43:06,0.046
2026-05-21 11:43:07,714 [http-nio-22222-exec-6] INFO  c.e.s.j.s.c.JwtAuthenticationFilter                - /api/schoolbus/getMyReservations,2022030001,2026-05-21 11:43:07,0.056
2026-05-21 11:49:55,367 [http-nio-22222-exec-1] INFO  c.e.s.j.s.c.JwtAuthenticationFilter                - /api/base/getDataBaseUserName,2022030001,2026-05-21 11:49:55,0.021
2026-05-21 11:49:55,449 [http-nio-22222-exec-4] INFO  c.e.s.j.s.c.JwtAuthenticationFilter                - /api/base/getMenuList,2022030001,2026-05-21 11:49:55,0.075
2026-05-21 11:49:57,304 [http-nio-22222-exec-10] INFO  c.e.s.j.s.c.JwtAuthenticationFilter                - /api/schoolbus/getCampusList,2022030001,2026-05-21 11:49:57,0.03
2026-05-21 11:49:57,333 [http-nio-22222-exec-5] INFO  c.e.s.j.s.c.JwtAuthenticationFilter                - /api/schoolbus/getActiveSchedules,2022030001,2026-05-21 11:49:57,0.023
2026-05-21 11:49:58,473 [http-nio-22222-exec-7] INFO  c.e.s.j.s.c.JwtAuthenticationFilter                - /api/schoolbus/getCampusList,2022030001,2026-05-21 11:49:58,0.03
2026-05-21 11:49:58,516 [http-nio-22222-exec-2] INFO  c.e.s.j.s.c.JwtAuthenticationFilter                - /api/schoolbus/getAllSchedules,2022030001,2026-05-21 11:49:58,0.038
2026-05-21 11:49:59,585 [http-nio-22222-exec-1] INFO  c.e.s.j.s.c.JwtAuthenticationFilter                - /api/schoolbus/getCampusList,2022030001,2026-05-21 11:49:59,0.029
2026-05-21 11:49:59,615 [http-nio-22222-exec-4] INFO  c.e.s.j.s.c.JwtAuthenticationFilter                - /api/schoolbus/getMyReservations,2022030001,2026-05-21 11:49:59,0.025
2026-05-21 11:49:59,647 [http-nio-22222-exec-10] INFO  c.e.s.j.s.c.JwtAuthenticationFilter                - /api/schoolbus/getMyReservations,2022030001,2026-05-21 11:49:59,0.025
2026-05-21 11:50:04,058 [http-nio-22222-exec-7] INFO  c.e.s.j.s.c.JwtAuthenticationFilter                - /api/schoolbus/getMyReservations,2022030001,2026-05-21 11:50:04,0.027
2026-05-21 11:50:07,201 [http-nio-22222-exec-2] INFO  c.e.s.j.s.c.JwtAuthenticationFilter                - /api/schoolbus/getMyReservations,2022030001,2026-05-21 11:50:07,0.027
2026-05-21 11:50:07,829 [http-nio-22222-exec-1] INFO  c.e.s.j.s.c.JwtAuthenticationFilter                - /api/schoolbus/getMyReservations,2022030001,2026-05-21 11:50:07,0.025
2026-05-21 11:50:18,148 [http-nio-22222-exec-3] INFO  c.e.s.j.s.c.JwtAuthenticationFilter                - /api/base/getDataBaseUserName,2022030001,2026-05-21 11:50:18,0.019
2026-05-21 11:50:18,234 [http-nio-22222-exec-5] INFO  c.e.s.j.s.c.JwtAuthenticationFilter                - /api/base/getMenuList,2022030001,2026-05-21 11:50:18,0.08
2026-05-21 11:50:20,966 [http-nio-22222-exec-7] INFO  c.e.s.j.s.c.JwtAuthenticationFilter                - /api/schoolbus/getCampusList,2022030001,2026-05-21 11:50:20,0.031
2026-05-21 11:50:21,007 [http-nio-22222-exec-2] INFO  c.e.s.j.s.c.JwtAuthenticationFilter                - /api/schoolbus/getAllSchedules,2022030001,2026-05-21 11:50:20,0.035
2026-05-21 11:50:25,484 [http-nio-22222-exec-6] INFO  c.e.s.j.s.c.JwtAuthenticationFilter                - /api/schoolbus/getCampusList,2022030001,2026-05-21 11:50:25,0.028
2026-05-21 11:50:25,517 [http-nio-22222-exec-9] INFO  c.e.s.j.s.c.JwtAuthenticationFilter                - /api/schoolbus/getActiveSchedules,2022030001,2026-05-21 11:50:25,0.028
2026-05-21 11:53:21,781 [http-nio-22222-exec-1] INFO  c.e.s.j.s.c.JwtAuthenticationFilter                - /api/base/getDataBaseUserName,2022030001,2026-05-21 11:53:21,0.03
2026-05-21 11:53:21,890 [http-nio-22222-exec-4] INFO  c.e.s.j.s.c.JwtAuthenticationFilter                - /api/base/getMenuList,2022030001,2026-05-21 11:53:21,0.103
2026-05-21 11:53:24,308 [http-nio-22222-exec-10] INFO  c.e.s.j.s.c.JwtAuthenticationFilter                - /api/schoolbus/getCampusList,2022030001,2026-05-21 11:53:24,0.026
2026-05-21 11:53:24,347 [http-nio-22222-exec-8] INFO  c.e.s.j.s.c.JwtAuthenticationFilter                - /api/schoolbus/getAllSchedules,2022030001,2026-05-21 11:53:24,0.034
2026-05-21 11:53:24,397 [http-nio-22222-exec-6] INFO  c.e.s.j.s.c.JwtAuthenticationFilter                - /api/schoolbus/getAllSchedules,2022030001,2026-05-21 11:53:24,0.041
2026-05-21 11:53:29,233 [http-nio-22222-exec-1] INFO  c.e.s.j.s.c.JwtAuthenticationFilter                - /api/schoolbus/getCampusList,2022030001,2026-05-21 11:53:29,0.058
2026-05-21 11:53:29,292 [http-nio-22222-exec-4] INFO  c.e.s.j.s.c.JwtAuthenticationFilter                - /api/schoolbus/getActiveSchedules,2022030001,2026-05-21 11:53:29,0.051
2026-05-21 11:53:29,375 [http-nio-22222-exec-10] INFO  c.e.s.j.s.c.JwtAuthenticationFilter                - /api/schoolbus/getAllSchedules,2022030001,2026-05-21 11:53:29,0.075
2026-05-21 11:53:29,420 [http-nio-22222-exec-8] INFO  c.e.s.j.s.c.JwtAuthenticationFilter                - /api/schoolbus/getActiveSchedules,2022030001,2026-05-21 11:53:29,0.036
2026-05-21 11:53:31,370 [http-nio-22222-exec-6] INFO  c.e.s.j.s.c.JwtAuthenticationFilter                - /api/schoolbus/getCampusList,2022030001,2026-05-21 11:53:31,0.03
2026-05-21 11:53:31,400 [http-nio-22222-exec-7] INFO  c.e.s.j.s.c.JwtAuthenticationFilter                - /api/schoolbus/getMyReservations,2022030001,2026-05-21 11:53:31,0.024
2026-05-21 11:53:31,434 [http-nio-22222-exec-9] INFO  c.e.s.j.s.c.JwtAuthenticationFilter                - /api/schoolbus/getActiveSchedules,2022030001,2026-05-21 11:53:31,0.025
2026-05-21 11:53:31,463 [http-nio-22222-exec-3] INFO  c.e.s.j.s.c.JwtAuthenticationFilter                - /api/schoolbus/getMyReservations,2022030001,2026-05-21 11:53:31,0.023
2026-05-21 11:53:32,704 [http-nio-22222-exec-9] INFO  c.e.s.j.s.c.JwtAuthenticationFilter                - /api/schoolbus/getMyReservations,2022030001,2026-05-21 11:53:32,0.027
2026-05-21 11:53:32,734 [http-nio-22222-exec-3] INFO  c.e.s.j.s.c.JwtAuthenticationFilter                - /api/schoolbus/getActiveSchedules,2022030001,2026-05-21 11:53:32,0.024
2026-05-21 11:53:50,502 [http-nio-22222-exec-8] INFO  c.e.s.j.s.c.JwtAuthenticationFilter                - /api/schoolbus/getSchedulesByRoute,2022030001,2026-05-21 11:53:50,0.049
2026-05-21 11:53:57,155 [http-nio-22222-exec-5] WARN  o.s.w.s.m.s.DefaultHandlerExceptionResolver        - Resolved [org.springframework.web.bind.MethodArgumentNotValidException: Validation failed for argument [0] in public cn.edu.sdu.java.server.payload.response.DataResponse cn.edu.sdu.java.server.controllers.SchoolBusController.reserveSeat(cn.edu.sdu.java.server.payload.request.SchoolBusReservationRequest): [Field error in object 'schoolBusReservationRequest' on field 'scheduleId': rejected value [null]; codes [NotNull.schoolBusReservationRequest.scheduleId,NotNull.scheduleId,NotNull.java.lang.Integer,NotNull]; arguments [org.springframework.context.support.DefaultMessageSourceResolvable: codes [schoolBusReservationRequest.scheduleId,scheduleId]; arguments []; default message [scheduleId]]; default message [班次ID不能为空]] ]
2026-05-21 11:53:57,155 [http-nio-22222-exec-5] INFO  c.e.s.j.s.c.JwtAuthenticationFilter                - /api/schoolbus/reserveSeat,2022030001,2026-05-21 11:53:57,0.041
2026-05-21 11:54:03,634 [http-nio-22222-exec-7] WARN  o.s.w.s.m.s.DefaultHandlerExceptionResolver        - Resolved [org.springframework.web.bind.MethodArgumentNotValidException: Validation failed for argument [0] in public cn.edu.sdu.java.server.payload.response.DataResponse cn.edu.sdu.java.server.controllers.SchoolBusController.reserveSeat(cn.edu.sdu.java.server.payload.request.SchoolBusReservationRequest): [Field error in object 'schoolBusReservationRequest' on field 'scheduleId': rejected value [null]; codes [NotNull.schoolBusReservationRequest.scheduleId,NotNull.scheduleId,NotNull.java.lang.Integer,NotNull]; arguments [org.springframework.context.support.DefaultMessageSourceResolvable: codes [schoolBusReservationRequest.scheduleId,scheduleId]; arguments []; default message [scheduleId]]; default message [班次ID不能为空]] ]
2026-05-21 11:54:03,634 [http-nio-22222-exec-7] INFO  c.e.s.j.s.c.JwtAuthenticationFilter                - /api/schoolbus/reserveSeat,2022030001,2026-05-21 11:54:03,0.024
2026-05-21 11:54:08,360 [http-nio-22222-exec-6] INFO  c.e.s.j.s.c.JwtAuthenticationFilter                - /api/schoolbus/getActiveSchedules,2022030001,2026-05-21 11:54:08,0.037
2026-05-21 11:54:08,397 [http-nio-22222-exec-4] INFO  c.e.s.j.s.c.JwtAuthenticationFilter                - /api/schoolbus/getMyReservations,2022030001,2026-05-21 11:54:08,0.031
2026-05-21 11:54:12,511 [http-nio-22222-exec-1] INFO  c.e.s.j.s.c.JwtAuthenticationFilter                - /api/schoolbus/getMyReservations,2022030001,2026-05-21 11:54:12,0.035
2026-05-21 11:54:12,550 [http-nio-22222-exec-5] INFO  c.e.s.j.s.c.JwtAuthenticationFilter                - /api/schoolbus/getActiveSchedules,2022030001,2026-05-21 11:54:12,0.035
2026-05-21 11:54:13,553 [http-nio-22222-exec-7] INFO  c.e.s.j.s.c.JwtAuthenticationFilter                - /api/schoolbus/getActiveSchedules,2022030001,2026-05-21 11:54:13,0.035
2026-05-21 11:54:13,594 [http-nio-22222-exec-2] INFO  c.e.s.j.s.c.JwtAuthenticationFilter                - /api/schoolbus/getMyReservations,2022030001,2026-05-21 11:54:13,0.034
2026-05-21 11:54:14,220 [http-nio-22222-exec-10] INFO  c.e.s.j.s.c.JwtAuthenticationFilter                - /api/schoolbus/getMyReservations,2022030001,2026-05-21 11:54:14,0.041
2026-05-21 11:54:17,924 [http-nio-22222-exec-4] INFO  c.e.s.j.s.c.JwtAuthenticationFilter                - /api/base/getDataBaseUserName,admin,2026-05-21 11:54:17,0.021
2026-05-21 11:54:18,030 [http-nio-22222-exec-3] INFO  c.e.s.j.s.c.JwtAuthenticationFilter                - /api/base/getMenuList,admin,2026-05-21 11:54:17,0.102
2026-05-21 11:54:19,598 [http-nio-22222-exec-8] INFO  c.e.s.j.s.c.JwtAuthenticationFilter                - /api/schoolbus/getCampusList,admin,2026-05-21 11:54:19,0.027
2026-05-21 11:54:19,640 [http-nio-22222-exec-9] INFO  c.e.s.j.s.c.JwtAuthenticationFilter                - /api/schoolbus/getAllSchedules,admin,2026-05-21 11:54:19,0.036
2026-05-21 11:54:19,688 [http-nio-22222-exec-1] INFO  c.e.s.j.s.c.JwtAuthenticationFilter                - /api/schoolbus/getAllSchedules,admin,2026-05-21 11:54:19,0.041
2026-05-21 11:54:27,263 [http-nio-22222-exec-2] INFO  c.e.s.j.s.c.JwtAuthenticationFilter                - /api/base/getDataBaseUserName,2022030001,2026-05-21 11:54:27,0.027
2026-05-21 11:54:27,350 [http-nio-22222-exec-8] INFO  c.e.s.j.s.c.JwtAuthenticationFilter                - /api/base/getMenuList,2022030001,2026-05-21 11:54:27,0.082
2026-05-21 11:54:29,098 [http-nio-22222-exec-9] INFO  c.e.s.j.s.c.JwtAuthenticationFilter                - /api/schoolbus/getCampusList,2022030001,2026-05-21 11:54:29,0.043
2026-05-21 11:54:29,127 [http-nio-22222-exec-1] INFO  c.e.s.j.s.c.JwtAuthenticationFilter                - /api/schoolbus/getActiveSchedules,2022030001,2026-05-21 11:54:29,0.023
2026-05-21 11:54:29,155 [http-nio-22222-exec-7] INFO  c.e.s.j.s.c.JwtAuthenticationFilter                - /api/schoolbus/getActiveSchedules,2022030001,2026-05-21 11:54:29,0.023
2026-05-21 11:54:29,432 [http-nio-22222-exec-2] INFO  c.e.s.j.s.c.JwtAuthenticationFilter                - /api/schoolbus/getCampusList,2022030001,2026-05-21 11:54:29,0.027
2026-05-21 11:54:29,473 [http-nio-22222-exec-8] INFO  c.e.s.j.s.c.JwtAuthenticationFilter                - /api/schoolbus/getAllSchedules,2022030001,2026-05-21 11:54:29,0.035
2026-05-21 11:54:29,503 [http-nio-22222-exec-9] INFO  c.e.s.j.s.c.JwtAuthenticationFilter                - /api/schoolbus/getActiveSchedules,2022030001,2026-05-21 11:54:29,0.022
2026-05-21 11:54:29,543 [http-nio-22222-exec-1] INFO  c.e.s.j.s.c.JwtAuthenticationFilter                - /api/schoolbus/getAllSchedules,2022030001,2026-05-21 11:54:29,0.034
2026-05-21 11:54:31,289 [http-nio-22222-exec-4] INFO  c.e.s.j.s.c.JwtAuthenticationFilter                - /api/schoolbus/getAllSchedules,2022030001,2026-05-21 11:54:31,0.053
2026-05-21 11:54:31,321 [http-nio-22222-exec-10] INFO  c.e.s.j.s.c.JwtAuthenticationFilter                - /api/schoolbus/getActiveSchedules,2022030001,2026-05-21 11:54:31,0.026
2026-05-21 11:54:32,776 [http-nio-22222-exec-2] INFO  c.e.s.j.s.c.JwtAuthenticationFilter                - /api/schoolbus/getActiveSchedules,2022030001,2026-05-21 11:54:32,0.029
2026-05-21 11:54:32,815 [http-nio-22222-exec-8] INFO  c.e.s.j.s.c.JwtAuthenticationFilter                - /api/schoolbus/getAllSchedules,2022030001,2026-05-21 11:54:32,0.032
2026-05-21 11:57:38,465 [http-nio-22222-exec-4] INFO  c.e.s.j.s.c.JwtAuthenticationFilter                - /api/base/getDataBaseUserName,admin,2026-05-21 11:57:38,0.018
2026-05-21 11:57:38,564 [http-nio-22222-exec-10] INFO  c.e.s.j.s.c.JwtAuthenticationFilter                - /api/base/getMenuList,admin,2026-05-21 11:57:38,0.093
2026-05-21 11:57:42,014 [http-nio-22222-exec-2] INFO  c.e.s.j.s.c.JwtAuthenticationFilter                - /api/schoolbus/getCampusList,admin,2026-05-21 11:57:41,0.028
2026-05-21 11:57:42,063 [http-nio-22222-exec-6] INFO  c.e.s.j.s.c.JwtAuthenticationFilter                - /api/schoolbus/getAllSchedules,admin,2026-05-21 11:57:42,0.037
2026-05-21 11:57:42,112 [http-nio-22222-exec-3] INFO  c.e.s.j.s.c.JwtAuthenticationFilter                - /api/schoolbus/getAllSchedules,admin,2026-05-21 11:57:42,0.036
2026-05-21 11:58:23,568 [http-nio-22222-exec-10] WARN  o.s.w.s.m.s.DefaultHandlerExceptionResolver        - Resolved [org.springframework.web.bind.MethodArgumentNotValidException: Validation failed for argument [0] in public cn.edu.sdu.java.server.payload.response.DataResponse cn.edu.sdu.java.server.controllers.SchoolBusController.saveSchedule(cn.edu.sdu.java.server.payload.request.SchoolBusScheduleRequest) with 4 errors: [Field error in object 'schoolBusScheduleRequest' on field 'departureCampus': rejected value [null]; codes [NotBlank.schoolBusScheduleRequest.departureCampus,NotBlank.departureCampus,NotBlank.java.lang.String,NotBlank]; arguments [org.springframework.context.support.DefaultMessageSourceResolvable: codes [schoolBusScheduleRequest.departureCampus,departureCampus]; arguments []; default message [departureCampus]]; default message [起点校区不能为空]] [Field error in object 'schoolBusScheduleRequest' on field 'departureTime': rejected value [null]; codes [NotBlank.schoolBusScheduleRequest.departureTime,NotBlank.departureTime,NotBlank.java.lang.String,NotBlank]; arguments [org.springframework.context.support.DefaultMessageSourceResolvable: codes [schoolBusScheduleRequest.departureTime,departureTime]; arguments []; default message [departureTime]]; default message [发车时间不能为空]] [Field error in object 'schoolBusScheduleRequest' on field 'totalSeats': rejected value [null]; codes [NotNull.schoolBusScheduleRequest.totalSeats,NotNull.totalSeats,NotNull.java.lang.Integer,NotNull]; arguments [org.springframework.context.support.DefaultMessageSourceResolvable: codes [schoolBusScheduleRequest.totalSeats,totalSeats]; arguments []; default message [totalSeats]]; default message [座位总数不能为空]] [Field error in object 'schoolBusScheduleRequest' on field 'arrivalCampus': rejected value [null]; codes [NotBlank.schoolBusScheduleRequest.arrivalCampus,NotBlank.arrivalCampus,NotBlank.java.lang.String,NotBlank]; arguments [org.springframework.context.support.DefaultMessageSourceResolvable: codes [schoolBusScheduleRequest.arrivalCampus,arrivalCampus]; arguments []; default message [arrivalCampus]]; default message [终点校区不能为空]] ]
2026-05-21 11:58:23,568 [http-nio-22222-exec-10] INFO  c.e.s.j.s.c.JwtAuthenticationFilter                - /api/schoolbus/saveSchedule,admin,2026-05-21 11:58:23,0.029
2026-05-21 12:02:07,079 [http-nio-22222-exec-8] INFO  c.e.s.j.s.c.JwtAuthenticationFilter                - /api/base/getDataBaseUserName,2022030001,2026-05-21 12:02:07,0.021
2026-05-21 12:02:07,169 [http-nio-22222-exec-7] INFO  c.e.s.j.s.c.JwtAuthenticationFilter                - /api/base/getMenuList,2022030001,2026-05-21 12:02:07,0.085
2026-05-21 12:02:08,957 [http-nio-22222-exec-3] INFO  c.e.s.j.s.c.JwtAuthenticationFilter                - /api/schoolbus/getCampusList,2022030001,2026-05-21 12:02:08,0.026
2026-05-21 12:02:08,988 [http-nio-22222-exec-9] INFO  c.e.s.j.s.c.JwtAuthenticationFilter                - /api/schoolbus/getMyReservations,2022030001,2026-05-21 12:02:08,0.024
2026-05-21 12:02:09,015 [http-nio-22222-exec-5] INFO  c.e.s.j.s.c.JwtAuthenticationFilter                - /api/schoolbus/getMyReservations,2022030001,2026-05-21 12:02:08,0.02
2026-05-21 12:02:14,437 [http-nio-22222-exec-4] INFO  c.e.s.j.s.c.JwtAuthenticationFilter                - /api/schoolbus/getCampusList,2022030001,2026-05-21 12:02:14,0.029
2026-05-21 12:02:14,479 [http-nio-22222-exec-10] INFO  c.e.s.j.s.c.JwtAuthenticationFilter                - /api/schoolbus/getAllSchedules,2022030001,2026-05-21 12:02:14,0.037
2026-05-21 12:02:14,511 [http-nio-22222-exec-2] INFO  c.e.s.j.s.c.JwtAuthenticationFilter                - /api/schoolbus/getMyReservations,2022030001,2026-05-21 12:02:14,0.024
2026-05-21 12:02:14,553 [http-nio-22222-exec-8] INFO  c.e.s.j.s.c.JwtAuthenticationFilter                - /api/schoolbus/getAllSchedules,2022030001,2026-05-21 12:02:14,0.037
2026-05-21 12:02:21,176 [http-nio-22222-exec-10] INFO  c.e.s.j.s.c.JwtAuthenticationFilter                - /api/schoolbus/getCampusList,2022030001,2026-05-21 12:02:21,0.029
2026-05-21 12:02:21,205 [http-nio-22222-exec-2] INFO  c.e.s.j.s.c.JwtAuthenticationFilter                - /api/schoolbus/getActiveSchedules,2022030001,2026-05-21 12:02:21,0.022
2026-05-21 12:02:21,249 [http-nio-22222-exec-8] INFO  c.e.s.j.s.c.JwtAuthenticationFilter                - /api/schoolbus/getAllSchedules,2022030001,2026-05-21 12:02:21,0.035
2026-05-21 12:02:21,282 [http-nio-22222-exec-7] INFO  c.e.s.j.s.c.JwtAuthenticationFilter                - /api/schoolbus/getActiveSchedules,2022030001,2026-05-21 12:02:21,0.026
2026-05-21 12:02:28,913 [http-nio-22222-exec-5] WARN  o.s.w.s.m.s.DefaultHandlerExceptionResolver        - Resolved [org.springframework.web.bind.MethodArgumentNotValidException: Validation failed for argument [0] in public cn.edu.sdu.java.server.payload.response.DataResponse cn.edu.sdu.java.server.controllers.SchoolBusController.reserveSeat(cn.edu.sdu.java.server.payload.request.SchoolBusReservationRequest): [Field error in object 'schoolBusReservationRequest' on field 'scheduleId': rejected value [null]; codes [NotNull.schoolBusReservationRequest.scheduleId,NotNull.scheduleId,NotNull.java.lang.Integer,NotNull]; arguments [org.springframework.context.support.DefaultMessageSourceResolvable: codes [schoolBusReservationRequest.scheduleId,scheduleId]; arguments []; default message [scheduleId]]; default message [班次ID不能为空]] ]
2026-05-21 12:02:28,913 [http-nio-22222-exec-5] INFO  c.e.s.j.s.c.JwtAuthenticationFilter                - /api/schoolbus/reserveSeat,2022030001,2026-05-21 12:02:28,0.039
2026-05-21 12:03:27,526 [http-nio-22222-exec-10] INFO  c.e.s.j.s.c.JwtAuthenticationFilter                - /api/schoolbus/getActiveSchedules,2022030001,2026-05-21 12:03:27,0.03
2026-05-21 12:03:30,513 [http-nio-22222-exec-2] INFO  c.e.s.j.s.c.JwtAuthenticationFilter                - /api/schoolbus/getActiveSchedules,2022030001,2026-05-21 12:03:30,0.027
2026-05-21 12:03:33,705 [http-nio-22222-exec-8] INFO  c.e.s.j.s.c.JwtAuthenticationFilter                - /api/practice/getMyProjectList,2022030001,2026-05-21 12:03:33,0.051
2026-05-21 12:03:33,738 [http-nio-22222-exec-7] INFO  c.e.s.j.s.c.JwtAuthenticationFilter                - /api/schoolbus/getActiveSchedules,2022030001,2026-05-21 12:03:33,0.025
2026-05-21 12:03:33,790 [http-nio-22222-exec-3] INFO  c.e.s.j.s.c.JwtAuthenticationFilter                - /api/practice/getMyProjectList,2022030001,2026-05-21 12:03:33,0.046
2026-05-21 12:03:35,970 [http-nio-22222-exec-10] INFO  c.e.s.j.s.c.JwtAuthenticationFilter                - /api/practice/getMyProjectList,2022030001,2026-05-21 12:03:35,0.043
2026-05-21 12:03:35,998 [http-nio-22222-exec-2] INFO  c.e.s.j.s.c.JwtAuthenticationFilter                - /api/schoolbus/getMyReservations,2022030001,2026-05-21 12:03:35,0.022
2026-05-21 12:03:57,587 [http-nio-22222-exec-4] INFO  c.e.s.j.s.c.JwtAuthenticationFilter                - /api/base/getDataBaseUserName,2022030001,2026-05-21 12:03:57,0.017
2026-05-21 12:03:57,677 [http-nio-22222-exec-1] INFO  c.e.s.j.s.c.JwtAuthenticationFilter                - /api/base/getMenuList,2022030001,2026-05-21 12:03:57,0.084
2026-05-21 12:04:01,110 [http-nio-22222-exec-9] INFO  c.e.s.j.s.c.JwtAuthenticationFilter                - /api/schoolbus/getCampusList,2022030001,2026-05-21 12:04:01,0.037
2026-05-21 12:04:01,141 [http-nio-22222-exec-6] INFO  c.e.s.j.s.c.JwtAuthenticationFilter                - /api/schoolbus/getActiveSchedules,2022030001,2026-05-21 12:04:01,0.025
2026-05-21 12:04:01,178 [http-nio-22222-exec-5] INFO  c.e.s.j.s.c.JwtAuthenticationFilter                - /api/schoolbus/getActiveSchedules,2022030001,2026-05-21 12:04:01,0.024
2026-05-21 12:04:06,566 [http-nio-22222-exec-4] WARN  o.s.w.s.m.s.DefaultHandlerExceptionResolver        - Resolved [org.springframework.web.bind.MethodArgumentNotValidException: Validation failed for argument [0] in public cn.edu.sdu.java.server.payload.response.DataResponse cn.edu.sdu.java.server.controllers.SchoolBusController.reserveSeat(cn.edu.sdu.java.server.payload.request.SchoolBusReservationRequest): [Field error in object 'schoolBusReservationRequest' on field 'scheduleId': rejected value [null]; codes [NotNull.schoolBusReservationRequest.scheduleId,NotNull.scheduleId,NotNull.java.lang.Integer,NotNull]; arguments [org.springframework.context.support.DefaultMessageSourceResolvable: codes [schoolBusReservationRequest.scheduleId,scheduleId]; arguments []; default message [scheduleId]]; default message [班次ID不能为空]] ]
2026-05-21 12:04:06,566 [http-nio-22222-exec-4] INFO  c.e.s.j.s.c.JwtAuthenticationFilter                - /api/schoolbus/reserveSeat,2022030001,2026-05-21 12:04:06,0.031
2026-05-21 12:05:11,842 [http-nio-22222-exec-9] WARN  o.s.w.s.m.s.DefaultHandlerExceptionResolver        - Resolved [org.springframework.web.bind.MethodArgumentNotValidException: Validation failed for argument [0] in public cn.edu.sdu.java.server.payload.response.DataResponse cn.edu.sdu.java.server.controllers.SchoolBusController.reserveSeat(cn.edu.sdu.java.server.payload.request.SchoolBusReservationRequest): [Field error in object 'schoolBusReservationRequest' on field 'scheduleId': rejected value [null]; codes [NotNull.schoolBusReservationRequest.scheduleId,NotNull.scheduleId,NotNull.java.lang.Integer,NotNull]; arguments [org.springframework.context.support.DefaultMessageSourceResolvable: codes [schoolBusReservationRequest.scheduleId,scheduleId]; arguments []; default message [scheduleId]]; default message [班次ID不能为空]] ]
2026-05-21 12:05:11,842 [http-nio-22222-exec-9] INFO  c.e.s.j.s.c.JwtAuthenticationFilter                - /api/schoolbus/reserveSeat,2022030001,2026-05-21 12:05:11,0.234
2026-05-21 12:06:31,801 [http-nio-22222-exec-5] INFO  c.e.s.j.s.c.JwtAuthenticationFilter                - /api/base/getDataBaseUserName,2022030001,2026-05-21 12:06:31,0.02
2026-05-21 12:06:31,886 [http-nio-22222-exec-7] INFO  c.e.s.j.s.c.JwtAuthenticationFilter                - /api/base/getMenuList,2022030001,2026-05-21 12:06:31,0.079
2026-05-21 12:06:34,227 [http-nio-22222-exec-2] INFO  c.e.s.j.s.c.JwtAuthenticationFilter                - /api/schoolbus/getCampusList,2022030001,2026-05-21 12:06:34,0.027
2026-05-21 12:06:34,258 [http-nio-22222-exec-10] INFO  c.e.s.j.s.c.JwtAuthenticationFilter                - /api/schoolbus/getActiveSchedules,2022030001,2026-05-21 12:06:34,0.024
2026-05-21 12:06:34,299 [http-nio-22222-exec-9] INFO  c.e.s.j.s.c.JwtAuthenticationFilter                - /api/schoolbus/getActiveSchedules,2022030001,2026-05-21 12:06:34,0.025
2026-05-21 12:06:37,218 [http-nio-22222-exec-6] WARN  o.s.w.s.m.s.DefaultHandlerExceptionResolver        - Resolved [org.springframework.web.bind.MethodArgumentNotValidException: Validation failed for argument [0] in public cn.edu.sdu.java.server.payload.response.DataResponse cn.edu.sdu.java.server.controllers.SchoolBusController.reserveSeat(cn.edu.sdu.java.server.payload.request.SchoolBusReservationRequest): [Field error in object 'schoolBusReservationRequest' on field 'scheduleId': rejected value [null]; codes [NotNull.schoolBusReservationRequest.scheduleId,NotNull.scheduleId,NotNull.java.lang.Integer,NotNull]; arguments [org.springframework.context.support.DefaultMessageSourceResolvable: codes [schoolBusReservationRequest.scheduleId,scheduleId]; arguments []; default message [scheduleId]]; default message [班次ID不能为空]] ]
2026-05-21 12:06:37,218 [http-nio-22222-exec-6] INFO  c.e.s.j.s.c.JwtAuthenticationFilter                - /api/schoolbus/reserveSeat,2022030001,2026-05-21 12:06:37,0.025
2026-05-21 12:07:27,128 [http-nio-22222-exec-10] INFO  c.e.s.j.s.c.JwtAuthenticationFilter                - /api/base/getDataBaseUserName,2022030001,2026-05-21 12:07:27,0.019
2026-05-21 12:07:27,221 [http-nio-22222-exec-8] INFO  c.e.s.j.s.c.JwtAuthenticationFilter                - /api/base/getMenuList,2022030001,2026-05-21 12:07:27,0.087
2026-05-21 12:07:29,476 [http-nio-22222-exec-4] INFO  c.e.s.j.s.c.JwtAuthenticationFilter                - /api/schoolbus/getCampusList,2022030001,2026-05-21 12:07:29,0.028
2026-05-21 12:07:29,509 [http-nio-22222-exec-3] INFO  c.e.s.j.s.c.JwtAuthenticationFilter                - /api/schoolbus/getActiveSchedules,2022030001,2026-05-21 12:07:29,0.027
2026-05-21 12:07:29,555 [http-nio-22222-exec-1] INFO  c.e.s.j.s.c.JwtAuthenticationFilter                - /api/schoolbus/getActiveSchedules,2022030001,2026-05-21 12:07:29,0.027
2026-05-21 12:07:37,111 [http-nio-22222-exec-2] WARN  o.s.w.s.m.s.DefaultHandlerExceptionResolver        - Resolved [org.springframework.web.bind.MethodArgumentNotValidException: Validation failed for argument [0] in public cn.edu.sdu.java.server.payload.response.DataResponse cn.edu.sdu.java.server.controllers.SchoolBusController.reserveSeat(cn.edu.sdu.java.server.payload.request.SchoolBusReservationRequest): [Field error in object 'schoolBusReservationRequest' on field 'scheduleId': rejected value [null]; codes [NotNull.schoolBusReservationRequest.scheduleId,NotNull.scheduleId,NotNull.java.lang.Integer,NotNull]; arguments [org.springframework.context.support.DefaultMessageSourceResolvable: codes [schoolBusReservationRequest.scheduleId,scheduleId]; arguments []; default message [scheduleId]]; default message [班次ID不能为空]] ]
2026-05-21 12:07:37,111 [http-nio-22222-exec-2] INFO  c.e.s.j.s.c.JwtAuthenticationFilter                - /api/schoolbus/reserveSeat,2022030001,2026-05-21 12:07:37,0.023
2026-05-21 12:08:20,928 [http-nio-22222-exec-3] INFO  c.e.s.j.s.c.JwtAuthenticationFilter                - /api/base/getDataBaseUserName,2022030001,2026-05-21 12:08:20,0.021
2026-05-21 12:08:21,019 [http-nio-22222-exec-7] INFO  c.e.s.j.s.c.JwtAuthenticationFilter                - /api/base/getMenuList,2022030001,2026-05-21 12:08:20,0.085
2026-05-21 12:08:22,776 [http-nio-22222-exec-5] INFO  c.e.s.j.s.c.JwtAuthenticationFilter                - /api/schoolbus/getCampusList,2022030001,2026-05-21 12:08:22,0.031
2026-05-21 12:08:22,810 [http-nio-22222-exec-9] INFO  c.e.s.j.s.c.JwtAuthenticationFilter                - /api/schoolbus/getActiveSchedules,2022030001,2026-05-21 12:08:22,0.028
2026-05-21 12:08:22,848 [http-nio-22222-exec-6] INFO  c.e.s.j.s.c.JwtAuthenticationFilter                - /api/schoolbus/getActiveSchedules,2022030001,2026-05-21 12:08:22,0.027
2026-05-21 12:08:26,958 [http-nio-22222-exec-3] WARN  o.s.w.s.m.s.DefaultHandlerExceptionResolver        - Resolved [org.springframework.web.bind.MethodArgumentNotValidException: Validation failed for argument [0] in public cn.edu.sdu.java.server.payload.response.DataResponse cn.edu.sdu.java.server.controllers.SchoolBusController.reserveSeat(cn.edu.sdu.java.server.payload.request.SchoolBusReservationRequest): [Field error in object 'schoolBusReservationRequest' on field 'scheduleId': rejected value [null]; codes [NotNull.schoolBusReservationRequest.scheduleId,NotNull.scheduleId,NotNull.java.lang.Integer,NotNull]; arguments [org.springframework.context.support.DefaultMessageSourceResolvable: codes [schoolBusReservationRequest.scheduleId,scheduleId]; arguments []; default message [scheduleId]]; default message [班次ID不能为空]] ]
2026-05-21 12:08:26,958 [http-nio-22222-exec-3] INFO  c.e.s.j.s.c.JwtAuthenticationFilter                - /api/schoolbus/reserveSeat,2022030001,2026-05-21 12:08:26,0.024
2026-05-21 12:14:40,821 [http-nio-22222-exec-9] INFO  c.e.s.j.s.c.JwtAuthenticationFilter                - /api/base/getDataBaseUserName,2022030001,2026-05-21 12:14:40,0.03
2026-05-21 12:14:40,976 [http-nio-22222-exec-6] INFO  c.e.s.j.s.c.JwtAuthenticationFilter                - /api/base/getMenuList,2022030001,2026-05-21 12:14:40,0.149
2026-05-21 12:14:43,107 [http-nio-22222-exec-1] INFO  c.e.s.j.s.c.JwtAuthenticationFilter                - /api/schoolbus/getCampusList,2022030001,2026-05-21 12:14:43,0.051
2026-05-21 12:14:43,159 [http-nio-22222-exec-2] INFO  c.e.s.j.s.c.JwtAuthenticationFilter                - /api/schoolbus/getActiveSchedules,2022030001,2026-05-21 12:14:43,0.045
2026-05-21 12:14:43,207 [http-nio-22222-exec-4] INFO  c.e.s.j.s.c.JwtAuthenticationFilter                - /api/schoolbus/getActiveSchedules,2022030001,2026-05-21 12:14:43,0.036
2026-05-21 12:14:50,735 [http-nio-22222-exec-9] INFO  c.e.s.j.s.c.JwtAuthenticationFilter                - /api/schoolbus/reserveSeat,2022030001,2026-05-21 12:14:50,0.284
2026-05-21 12:14:50,826 [http-nio-22222-exec-6] INFO  c.e.s.j.s.c.JwtAuthenticationFilter                - /api/schoolbus/getActiveSchedules,2022030001,2026-05-21 12:14:50,0.055
2026-05-21 12:14:55,726 [http-nio-22222-exec-1] INFO  c.e.s.j.s.c.JwtAuthenticationFilter                - /api/schoolbus/getCampusList,2022030001,2026-05-21 12:14:55,0.046
2026-05-21 12:14:55,942 [http-nio-22222-exec-2] INFO  c.e.s.j.s.c.JwtAuthenticationFilter                - /api/schoolbus/getMyReservations,2022030001,2026-05-21 12:14:55,0.209
2026-05-21 12:14:56,052 [http-nio-22222-exec-4] INFO  c.e.s.j.s.c.JwtAuthenticationFilter                - /api/schoolbus/getActiveSchedules,2022030001,2026-05-21 12:14:55,0.104
2026-05-21 12:14:56,246 [http-nio-22222-exec-3] INFO  c.e.s.j.s.c.JwtAuthenticationFilter                - /api/schoolbus/getMyReservations,2022030001,2026-05-21 12:14:56,0.187
2026-05-21 12:15:14,508 [http-nio-22222-exec-4] INFO  c.e.s.j.s.c.JwtAuthenticationFilter                - /api/base/getDataBaseUserName,admin,2026-05-21 12:15:14,0.019
2026-05-21 12:15:14,616 [http-nio-22222-exec-3] INFO  c.e.s.j.s.c.JwtAuthenticationFilter                - /api/base/getMenuList,admin,2026-05-21 12:15:14,0.104
2026-05-21 12:15:22,981 [http-nio-22222-exec-10] INFO  c.e.s.j.s.c.JwtAuthenticationFilter                - /api/schoolbus/getCampusList,admin,2026-05-21 12:15:22,0.114
2026-05-21 12:15:23,173 [http-nio-22222-exec-5] INFO  c.e.s.j.s.c.JwtAuthenticationFilter                - /api/schoolbus/getAllSchedules,admin,2026-05-21 12:15:22,0.185
2026-05-21 12:15:23,384 [http-nio-22222-exec-9] INFO  c.e.s.j.s.c.JwtAuthenticationFilter                - /api/schoolbus/getAllSchedules,admin,2026-05-21 12:15:23,0.203
2026-05-21 13:55:04,251 [http-nio-22222-exec-10] INFO  c.e.s.j.s.c.JwtAuthenticationFilter                - /api/base/getDataBaseUserName,admin,2026-05-21 13:55:04,0.018
2026-05-21 13:55:04,360 [http-nio-22222-exec-5] INFO  c.e.s.j.s.c.JwtAuthenticationFilter                - /api/base/getMenuList,admin,2026-05-21 13:55:04,0.104
2026-05-21 13:55:08,862 [HikariPool-1 housekeeper] WARN  com.zaxxer.hikari.pool.HikariPool                  - HikariPool-1 - Thread starvation or clock leap detected (housekeeper delta=1h39m40s889ms534µs100ns).
2026-05-21 13:56:59,009 [http-nio-22222-exec-2] INFO  c.e.s.j.s.c.JwtAuthenticationFilter                - /api/base/getDataBaseUserName,admin,2026-05-21 13:56:58,0.018
2026-05-21 13:56:59,151 [http-nio-22222-exec-1] INFO  c.e.s.j.s.c.JwtAuthenticationFilter                - /api/base/getMenuList,admin,2026-05-21 13:56:59,0.137
2026-05-21 13:57:04,735 [http-nio-22222-exec-4] INFO  c.e.s.j.s.c.JwtAuthenticationFilter                - /api/schoolbus/getCampusList,admin,2026-05-21 13:57:04,0.035
2026-05-21 13:57:04,782 [http-nio-22222-exec-3] INFO  c.e.s.j.s.c.JwtAuthenticationFilter                - /api/schoolbus/getActiveSchedules,admin,2026-05-21 13:57:04,0.035
2026-05-21 13:57:04,836 [http-nio-22222-exec-9] INFO  c.e.s.j.s.c.JwtAuthenticationFilter                - /api/schoolbus/getActiveSchedules,admin,2026-05-21 13:57:04,0.044
2026-05-21 13:57:05,142 [http-nio-22222-exec-7] INFO  c.e.s.j.s.c.JwtAuthenticationFilter                - /api/schoolbus/getCampusList,admin,2026-05-21 13:57:05,0.034
2026-05-21 13:57:05,187 [http-nio-22222-exec-2] INFO  c.e.s.j.s.c.JwtAuthenticationFilter                - /api/schoolbus/getAllSchedules,admin,2026-05-21 13:57:05,0.039
2026-05-21 13:57:05,217 [http-nio-22222-exec-1] INFO  c.e.s.j.s.c.JwtAuthenticationFilter                - /api/schoolbus/getActiveSchedules,admin,2026-05-21 13:57:05,0.023
2026-05-21 13:57:05,262 [http-nio-22222-exec-4] INFO  c.e.s.j.s.c.JwtAuthenticationFilter                - /api/schoolbus/getAllSchedules,admin,2026-05-21 13:57:05,0.037
2026-05-21 13:57:06,329 [http-nio-22222-exec-10] INFO  c.e.s.j.s.c.JwtAuthenticationFilter                - /api/schoolbus/getAllSchedules,admin,2026-05-21 13:57:06,0.045
2026-05-21 13:57:07,361 [http-nio-22222-exec-5] INFO  c.e.s.j.s.c.JwtAuthenticationFilter                - /api/studentLeave/getTeacherItemOptionList,admin,2026-05-21 13:57:07,0.058
2026-05-21 13:57:07,436 [http-nio-22222-exec-8] INFO  c.e.s.j.s.c.JwtAuthenticationFilter                - /api/base/getDictionaryOptionItemList,admin,2026-05-21 13:57:07,0.067
2026-05-21 13:57:07,517 [http-nio-22222-exec-3] INFO  c.e.s.j.s.c.JwtAuthenticationFilter                - /api/studentLeave/getStudentLeaveList,admin,2026-05-21 13:57:07,0.074
2026-05-21 13:57:08,693 [http-nio-22222-exec-8] INFO  c.e.s.j.s.c.JwtAuthenticationFilter                - /api/schoolbus/getAllSchedules,admin,2026-05-21 13:57:08,0.042
2026-05-21 13:57:09,214 [http-nio-22222-exec-3] INFO  c.e.s.j.s.c.JwtAuthenticationFilter                - /api/schoolbus/getAllSchedules,admin,2026-05-21 13:57:09,0.038
2026-05-21 13:57:11,708 [http-nio-22222-exec-9] INFO  c.e.s.j.s.c.JwtAuthenticationFilter                - /api/schoolbus/getActiveSchedules,admin,2026-05-21 13:57:11,0.024
2026-05-21 13:57:12,089 [http-nio-22222-exec-1] INFO  c.e.s.j.s.c.JwtAuthenticationFilter                - /api/schoolbus/getActiveSchedules,admin,2026-05-21 13:57:12,0.023
2026-05-21 13:57:12,132 [http-nio-22222-exec-6] INFO  c.e.s.j.s.c.JwtAuthenticationFilter                - /api/schoolbus/getAllSchedules,admin,2026-05-21 13:57:12,0.037
2026-05-21 13:57:12,537 [http-nio-22222-exec-7] INFO  c.e.s.j.s.c.JwtAuthenticationFilter                - /api/schoolbus/getAllSchedules,admin,2026-05-21 13:57:12,0.039
2026-05-21 13:57:28,651 [http-nio-22222-exec-2] INFO  c.e.s.j.s.c.JwtAuthenticationFilter                - /api/score/getStudentItemOptionList,admin,2026-05-21 13:57:28,0.045
2026-05-21 13:57:28,702 [http-nio-22222-exec-4] INFO  c.e.s.j.s.c.JwtAuthenticationFilter                - /api/score/getCourseItemOptionList,admin,2026-05-21 13:57:28,0.043
2026-05-21 13:57:28,777 [http-nio-22222-exec-10] INFO  c.e.s.j.s.c.JwtAuthenticationFilter                - /api/score/getScoreList,admin,2026-05-21 13:57:28,0.069
2026-05-21 14:00:10,098 [http-nio-22222-exec-2] INFO  c.e.s.j.s.c.JwtAuthenticationFilter                - /api/base/getDataBaseUserName,admin,2026-05-21 14:00:10,0.077
2026-05-21 14:00:10,272 [http-nio-22222-exec-3] INFO  c.e.s.j.s.c.JwtAuthenticationFilter                - /api/base/getMenuList,admin,2026-05-21 14:00:10,0.167
2026-05-21 14:00:13,155 [http-nio-22222-exec-1] INFO  c.e.s.j.s.c.JwtAuthenticationFilter                - /api/schoolbus/getCampusList,admin,2026-05-21 14:00:13,0.054
2026-05-21 14:00:13,198 [http-nio-22222-exec-9] INFO  c.e.s.j.s.c.JwtAuthenticationFilter                - /api/schoolbus/getAllSchedules,admin,2026-05-21 14:00:13,0.037
2026-05-21 14:00:13,251 [http-nio-22222-exec-5] INFO  c.e.s.j.s.c.JwtAuthenticationFilter                - /api/schoolbus/getAllSchedules,admin,2026-05-21 14:00:13,0.042
2026-05-21 14:00:14,153 [http-nio-22222-exec-2] INFO  c.e.s.j.s.c.JwtAuthenticationFilter                - /api/schoolbus/getCampusList,admin,2026-05-21 14:00:14,0.03
2026-05-21 14:00:14,184 [http-nio-22222-exec-3] INFO  c.e.s.j.s.c.JwtAuthenticationFilter                - /api/schoolbus/getActiveSchedules,admin,2026-05-21 14:00:14,0.025
2026-05-21 14:00:14,230 [http-nio-22222-exec-1] INFO  c.e.s.j.s.c.JwtAuthenticationFilter                - /api/schoolbus/getAllSchedules,admin,2026-05-21 14:00:14,0.038
2026-05-21 14:00:14,265 [http-nio-22222-exec-9] INFO  c.e.s.j.s.c.JwtAuthenticationFilter                - /api/schoolbus/getActiveSchedules,admin,2026-05-21 14:00:14,0.027
2026-05-21 14:00:15,162 [http-nio-22222-exec-5] INFO  c.e.s.j.s.c.JwtAuthenticationFilter                - /api/schoolbus/getCampusList,admin,2026-05-21 14:00:15,0.038
2026-05-21 14:00:15,196 [http-nio-22222-exec-6] INFO  c.e.s.j.s.c.JwtAuthenticationFilter                - /api/schoolbus/getMyReservations,admin,2026-05-21 14:00:15,0.028
2026-05-21 14:00:15,237 [http-nio-22222-exec-10] INFO  c.e.s.j.s.c.JwtAuthenticationFilter                - /api/schoolbus/getActiveSchedules,admin,2026-05-21 14:00:15,0.032
2026-05-21 14:00:15,277 [http-nio-22222-exec-7] INFO  c.e.s.j.s.c.JwtAuthenticationFilter                - /api/schoolbus/getMyReservations,admin,2026-05-21 14:00:15,0.034
2026-05-21 14:00:16,775 [http-nio-22222-exec-8] INFO  c.e.s.j.s.c.JwtAuthenticationFilter                - /api/schoolbus/getMyReservations,admin,2026-05-21 14:00:16,0.032
2026-05-21 14:00:16,817 [http-nio-22222-exec-2] INFO  c.e.s.j.s.c.JwtAuthenticationFilter                - /api/schoolbus/getActiveSchedules,admin,2026-05-21 14:00:16,0.031
2026-05-21 14:00:17,479 [http-nio-22222-exec-3] INFO  c.e.s.j.s.c.JwtAuthenticationFilter                - /api/schoolbus/getActiveSchedules,admin,2026-05-21 14:00:17,0.031
2026-05-21 14:00:17,535 [http-nio-22222-exec-4] INFO  c.e.s.j.s.c.JwtAuthenticationFilter                - /api/schoolbus/getAllSchedules,admin,2026-05-21 14:00:17,0.05
2026-05-21 14:00:18,297 [http-nio-22222-exec-8] INFO  c.e.s.j.s.c.JwtAuthenticationFilter                - /api/schoolbus/getAllSchedules,admin,2026-05-21 14:00:18,0.059
2026-05-21 14:00:18,332 [http-nio-22222-exec-1] INFO  c.e.s.j.s.c.JwtAuthenticationFilter                - /api/schoolbus/getActiveSchedules,admin,2026-05-21 14:00:18,0.027
2026-05-21 14:00:18,669 [http-nio-22222-exec-10] INFO  c.e.s.j.s.c.JwtAuthenticationFilter                - /api/schoolbus/getActiveSchedules,admin,2026-05-21 14:00:18,0.034
2026-05-21 14:00:18,701 [http-nio-22222-exec-5] INFO  c.e.s.j.s.c.JwtAuthenticationFilter                - /api/schoolbus/getMyReservations,admin,2026-05-21 14:00:18,0.025
2026-05-21 14:00:21,665 [http-nio-22222-exec-9] INFO  c.e.s.j.s.c.JwtAuthenticationFilter                - /api/schoolbus/getMyReservations,admin,2026-05-21 14:00:21,0.104
2026-05-21 14:00:21,707 [http-nio-22222-exec-6] INFO  c.e.s.j.s.c.JwtAuthenticationFilter                - /api/schoolbus/getActiveSchedules,admin,2026-05-21 14:00:21,0.035
2026-05-21 14:00:22,317 [http-nio-22222-exec-7] INFO  c.e.s.j.s.c.JwtAuthenticationFilter                - /api/schoolbus/getActiveSchedules,admin,2026-05-21 14:00:22,0.028
2026-05-21 14:00:22,486 [http-nio-22222-exec-2] INFO  c.e.s.j.s.c.JwtAuthenticationFilter                - /api/schoolbus/getAllSchedules,admin,2026-05-21 14:00:22,0.164
2026-05-21 14:00:24,024 [http-nio-22222-exec-3] INFO  c.e.s.j.s.c.JwtAuthenticationFilter                - /api/schoolbus/getAllSchedules,admin,2026-05-21 14:00:23,0.058
2026-05-21 14:00:52,365 [http-nio-22222-exec-5] INFO  c.e.s.j.s.c.JwtAuthenticationFilter                - /api/base/getDataBaseUserName,admin,2026-05-21 14:00:52,0.019
2026-05-21 14:00:52,507 [http-nio-22222-exec-9] INFO  c.e.s.j.s.c.JwtAuthenticationFilter                - /api/base/getMenuList,admin,2026-05-21 14:00:52,0.136
2026-05-21 14:01:04,511 [http-nio-22222-exec-6] INFO  c.e.s.j.s.c.JwtAuthenticationFilter                - /api/base/getDataBaseUserName,2022030001,2026-05-21 14:01:04,0.249
2026-05-21 14:01:04,627 [http-nio-22222-exec-2] INFO  c.e.s.j.s.c.JwtAuthenticationFilter                - /api/base/getMenuList,2022030001,2026-05-21 14:01:04,0.11
2026-05-21 14:01:16,473 [http-nio-22222-exec-10] INFO  c.e.s.j.s.c.JwtAuthenticationFilter                - /api/base/getDataBaseUserName,22,2026-05-21 14:01:16,0.13
2026-05-21 14:01:16,609 [http-nio-22222-exec-5] INFO  c.e.s.j.s.c.JwtAuthenticationFilter                - /api/base/getMenuList,22,2026-05-21 14:01:16,0.131
2026-05-21 14:04:54,845 [http-nio-22222-exec-8] INFO  c.e.s.j.s.c.JwtAuthenticationFilter                - /api/base/getDataBaseUserName,admin,2026-05-21 14:04:54,0.021
2026-05-21 14:04:54,981 [http-nio-22222-exec-2] INFO  c.e.s.j.s.c.JwtAuthenticationFilter                - /api/base/getMenuList,admin,2026-05-21 14:04:54,0.13
2026-05-21 14:05:00,171 [http-nio-22222-exec-10] INFO  c.e.s.j.s.c.JwtAuthenticationFilter                - /api/base/getDataBaseUserName,2022030001,2026-05-21 14:05:00,0.024
2026-05-21 14:05:00,269 [http-nio-22222-exec-5] INFO  c.e.s.j.s.c.JwtAuthenticationFilter                - /api/base/getMenuList,2022030001,2026-05-21 14:05:00,0.093
2026-05-21 14:05:06,133 [http-nio-22222-exec-8] INFO  c.e.s.j.s.c.JwtAuthenticationFilter                - /api/base/getDataBaseUserName,22,2026-05-21 14:05:06,0.018
2026-05-21 14:05:06,252 [http-nio-22222-exec-2] INFO  c.e.s.j.s.c.JwtAuthenticationFilter                - /api/base/getMenuList,22,2026-05-21 14:05:06,0.114
2026-05-21 14:05:09,650 [http-nio-22222-exec-5] INFO  c.e.s.j.s.c.JwtAuthenticationFilter                - /api/schoolbus/getCampusList,22,2026-05-21 14:05:09,0.037
2026-05-21 14:05:09,684 [http-nio-22222-exec-9] INFO  c.e.s.j.s.c.JwtAuthenticationFilter                - /api/schoolbus/getActiveSchedules,22,2026-05-21 14:05:09,0.027
2026-05-21 14:05:09,725 [http-nio-22222-exec-7] INFO  c.e.s.j.s.c.JwtAuthenticationFilter                - /api/schoolbus/getActiveSchedules,22,2026-05-21 14:05:09,0.032
2026-05-21 14:05:46,379 [http-nio-22222-exec-1] INFO  c.e.s.j.s.c.JwtAuthenticationFilter                - /api/base/getDataBaseUserName,2022030001,2026-05-21 14:05:46,0.022
2026-05-21 14:05:46,489 [http-nio-22222-exec-10] INFO  c.e.s.j.s.c.JwtAuthenticationFilter                - /api/base/getMenuList,2022030001,2026-05-21 14:05:46,0.105
2026-05-21 14:05:48,781 [http-nio-22222-exec-5] INFO  c.e.s.j.s.c.JwtAuthenticationFilter                - /api/schoolbus/getCampusList,2022030001,2026-05-21 14:05:48,0.033
2026-05-21 14:05:48,813 [http-nio-22222-exec-9] INFO  c.e.s.j.s.c.JwtAuthenticationFilter                - /api/schoolbus/getActiveSchedules,2022030001,2026-05-21 14:05:48,0.026
2026-05-21 14:05:48,852 [http-nio-22222-exec-4] INFO  c.e.s.j.s.c.JwtAuthenticationFilter                - /api/schoolbus/getActiveSchedules,2022030001,2026-05-21 14:05:48,0.019
2026-05-21 14:05:53,945 [http-nio-22222-exec-2] INFO  c.e.s.j.s.c.JwtAuthenticationFilter                - /api/schoolbus/getSchedulesByRoute,2022030001,2026-05-21 14:05:53,0.03
2026-05-21 14:06:00,453 [http-nio-22222-exec-1] INFO  c.e.s.j.s.c.JwtAuthenticationFilter                - /api/schoolbus/getSchedulesByRoute,2022030001,2026-05-21 14:06:00,0.034
2026-05-21 14:06:14,629 [http-nio-22222-exec-5] INFO  c.e.s.j.s.c.JwtAuthenticationFilter                - /api/base/getDataBaseUserName,admin,2026-05-21 14:06:14,0.023
2026-05-21 14:06:14,767 [http-nio-22222-exec-9] INFO  c.e.s.j.s.c.JwtAuthenticationFilter                - /api/base/getMenuList,admin,2026-05-21 14:06:14,0.131
2026-05-21 14:06:17,048 [http-nio-22222-exec-4] INFO  c.e.s.j.s.c.JwtAuthenticationFilter                - /api/schoolbus/getCampusList,admin,2026-05-21 14:06:17,0.029
2026-05-21 14:06:17,089 [http-nio-22222-exec-2] INFO  c.e.s.j.s.c.JwtAuthenticationFilter                - /api/schoolbus/getAllSchedules,admin,2026-05-21 14:06:17,0.035
2026-05-21 14:06:17,138 [http-nio-22222-exec-1] INFO  c.e.s.j.s.c.JwtAuthenticationFilter                - /api/schoolbus/getAllSchedules,admin,2026-05-21 14:06:17,0.04
2026-05-21 14:07:05,711 [http-nio-22222-exec-6] INFO  c.e.s.j.s.c.JwtAuthenticationFilter                - /api/base/getDataBaseUserName,admin,2026-05-21 14:07:05,0.026
2026-05-21 14:07:05,836 [http-nio-22222-exec-4] INFO  c.e.s.j.s.c.JwtAuthenticationFilter                - /api/base/getMenuList,admin,2026-05-21 14:07:05,0.119
2026-05-21 14:07:08,828 [http-nio-22222-exec-2] INFO  c.e.s.j.s.c.JwtAuthenticationFilter                - /api/schoolbus/getCampusList,admin,2026-05-21 14:07:08,0.033
2026-05-21 14:07:08,873 [http-nio-22222-exec-1] INFO  c.e.s.j.s.c.JwtAuthenticationFilter                - /api/schoolbus/getAllSchedules,admin,2026-05-21 14:07:08,0.037
2026-05-21 14:07:09,003 [http-nio-22222-exec-10] INFO  c.e.s.j.s.c.JwtAuthenticationFilter                - /api/schoolbus/getAllSchedules,admin,2026-05-21 14:07:08,0.123
2026-05-21 14:07:35,438 [http-nio-22222-exec-6] WARN  o.s.w.s.m.s.DefaultHandlerExceptionResolver        - Resolved [org.springframework.web.bind.MethodArgumentNotValidException: Validation failed for argument [0] in public cn.edu.sdu.java.server.payload.response.DataResponse cn.edu.sdu.java.server.controllers.SchoolBusController.saveSchedule(cn.edu.sdu.java.server.payload.request.SchoolBusScheduleRequest) with 4 errors: [Field error in object 'schoolBusScheduleRequest' on field 'departureTime': rejected value [null]; codes [NotBlank.schoolBusScheduleRequest.departureTime,NotBlank.departureTime,NotBlank.java.lang.String,NotBlank]; arguments [org.springframework.context.support.DefaultMessageSourceResolvable: codes [schoolBusScheduleRequest.departureTime,departureTime]; arguments []; default message [departureTime]]; default message [发车时间不能为空]] [Field error in object 'schoolBusScheduleRequest' on field 'totalSeats': rejected value [null]; codes [NotNull.schoolBusScheduleRequest.totalSeats,NotNull.totalSeats,NotNull.java.lang.Integer,NotNull]; arguments [org.springframework.context.support.DefaultMessageSourceResolvable: codes [schoolBusScheduleRequest.totalSeats,totalSeats]; arguments []; default message [totalSeats]]; default message [座位总数不能为空]] [Field error in object 'schoolBusScheduleRequest' on field 'arrivalCampus': rejected value [null]; codes [NotBlank.schoolBusScheduleRequest.arrivalCampus,NotBlank.arrivalCampus,NotBlank.java.lang.String,NotBlank]; arguments [org.springframework.context.support.DefaultMessageSourceResolvable: codes [schoolBusScheduleRequest.arrivalCampus,arrivalCampus]; arguments []; default message [arrivalCampus]]; default message [终点校区不能为空]] [Field error in object 'schoolBusScheduleRequest' on field 'departureCampus': rejected value [null]; codes [NotBlank.schoolBusScheduleRequest.departureCampus,NotBlank.departureCampus,NotBlank.java.lang.String,NotBlank]; arguments [org.springframework.context.support.DefaultMessageSourceResolvable: codes [schoolBusScheduleRequest.departureCampus,departureCampus]; arguments []; default message [departureCampus]]; default message [起点校区不能为空]] ]
2026-05-21 14:07:35,439 [http-nio-22222-exec-6] INFO  c.e.s.j.s.c.JwtAuthenticationFilter                - /api/schoolbus/saveSchedule,admin,2026-05-21 14:07:35,0.052
2026-05-21 14:10:27,623 [http-nio-22222-exec-1] INFO  c.e.s.j.s.c.JwtAuthenticationFilter                - /api/base/getDataBaseUserName,admin,2026-05-21 14:10:27,0.018
2026-05-21 14:10:27,726 [http-nio-22222-exec-10] INFO  c.e.s.j.s.c.JwtAuthenticationFilter                - /api/base/getMenuList,admin,2026-05-21 14:10:27,0.097
2026-05-21 14:10:29,496 [http-nio-22222-exec-5] INFO  c.e.s.j.s.c.JwtAuthenticationFilter                - /api/schoolbus/getCampusList,admin,2026-05-21 14:10:29,0.035
2026-05-21 14:10:29,559 [http-nio-22222-exec-9] INFO  c.e.s.j.s.c.JwtAuthenticationFilter                - /api/schoolbus/getAllSchedules,admin,2026-05-21 14:10:29,0.057
2026-05-21 14:10:29,620 [http-nio-22222-exec-7] INFO  c.e.s.j.s.c.JwtAuthenticationFilter                - /api/schoolbus/getAllSchedules,admin,2026-05-21 14:10:29,0.052
2026-05-21 14:11:01,362 [http-nio-22222-exec-10] WARN  o.s.w.s.m.s.DefaultHandlerExceptionResolver        - Resolved [org.springframework.web.bind.MethodArgumentNotValidException: Validation failed for argument [0] in public cn.edu.sdu.java.server.payload.response.DataResponse cn.edu.sdu.java.server.controllers.SchoolBusController.saveSchedule(cn.edu.sdu.java.server.payload.request.SchoolBusScheduleRequest) with 4 errors: [Field error in object 'schoolBusScheduleRequest' on field 'arrivalCampus': rejected value [null]; codes [NotBlank.schoolBusScheduleRequest.arrivalCampus,NotBlank.arrivalCampus,NotBlank.java.lang.String,NotBlank]; arguments [org.springframework.context.support.DefaultMessageSourceResolvable: codes [schoolBusScheduleRequest.arrivalCampus,arrivalCampus]; arguments []; default message [arrivalCampus]]; default message [终点校区不能为空]] [Field error in object 'schoolBusScheduleRequest' on field 'departureCampus': rejected value [null]; codes [NotBlank.schoolBusScheduleRequest.departureCampus,NotBlank.departureCampus,NotBlank.java.lang.String,NotBlank]; arguments [org.springframework.context.support.DefaultMessageSourceResolvable: codes [schoolBusScheduleRequest.departureCampus,departureCampus]; arguments []; default message [departureCampus]]; default message [起点校区不能为空]] [Field error in object 'schoolBusScheduleRequest' on field 'departureTime': rejected value [null]; codes [NotBlank.schoolBusScheduleRequest.departureTime,NotBlank.departureTime,NotBlank.java.lang.String,NotBlank]; arguments [org.springframework.context.support.DefaultMessageSourceResolvable: codes [schoolBusScheduleRequest.departureTime,departureTime]; arguments []; default message [departureTime]]; default message [发车时间不能为空]] [Field error in object 'schoolBusScheduleRequest' on field 'totalSeats': rejected value [null]; codes [NotNull.schoolBusScheduleRequest.totalSeats,NotNull.totalSeats,NotNull.java.lang.Integer,NotNull]; arguments [org.springframework.context.support.DefaultMessageSourceResolvable: codes [schoolBusScheduleRequest.totalSeats,totalSeats]; arguments []; default message [totalSeats]]; default message [座位总数不能为空]] ]
2026-05-21 14:11:01,363 [http-nio-22222-exec-10] INFO  c.e.s.j.s.c.JwtAuthenticationFilter                - /api/schoolbus/saveSchedule,admin,2026-05-21 14:11:01,0.032
2026-05-21 14:13:56,890 [http-nio-22222-exec-9] INFO  c.e.s.j.s.c.JwtAuthenticationFilter                - /api/base/getDataBaseUserName,admin,2026-05-21 14:13:56,0.019
2026-05-21 14:13:56,988 [http-nio-22222-exec-7] INFO  c.e.s.j.s.c.JwtAuthenticationFilter                - /api/base/getMenuList,admin,2026-05-21 14:13:56,0.093
2026-05-21 14:13:59,445 [http-nio-22222-exec-8] INFO  c.e.s.j.s.c.JwtAuthenticationFilter                - /api/schoolbus/getCampusList,admin,2026-05-21 14:13:59,0.029
2026-05-21 14:13:59,487 [http-nio-22222-exec-3] INFO  c.e.s.j.s.c.JwtAuthenticationFilter                - /api/schoolbus/getAllSchedules,admin,2026-05-21 14:13:59,0.036
2026-05-21 14:13:59,539 [http-nio-22222-exec-6] INFO  c.e.s.j.s.c.JwtAuthenticationFilter                - /api/schoolbus/getAllSchedules,admin,2026-05-21 14:13:59,0.041
2026-05-21 14:14:03,008 [http-nio-22222-exec-9] INFO  c.e.s.j.s.c.JwtAuthenticationFilter                - /api/schoolbus/getScheduleReservations,admin,2026-05-21 14:14:02,0.034
2026-05-21 14:14:06,943 [http-nio-22222-exec-7] INFO  c.e.s.j.s.c.JwtAuthenticationFilter                - /api/schoolbus/getScheduleReservations,admin,2026-05-21 14:14:06,0.022
2026-05-21 14:14:09,765 [http-nio-22222-exec-8] INFO  c.e.s.j.s.c.JwtAuthenticationFilter                - /api/schoolbus/getScheduleReservations,admin,2026-05-21 14:14:09,0.028
2026-05-21 14:14:34,811 [http-nio-22222-exec-4] INFO  c.e.s.j.s.c.JwtAuthenticationFilter                - /api/schoolbus/saveSchedule,admin,2026-05-21 14:14:34,0.145
2026-05-21 14:14:34,865 [http-nio-22222-exec-2] INFO  c.e.s.j.s.c.JwtAuthenticationFilter                - /api/schoolbus/getAllSchedules,admin,2026-05-21 14:14:34,0.035
2026-05-21 14:14:46,362 [http-nio-22222-exec-8] INFO  c.e.s.j.s.c.JwtAuthenticationFilter                - /api/base/getDataBaseUserName,2022030001,2026-05-21 14:14:46,0.017
2026-05-21 14:14:46,440 [http-nio-22222-exec-3] INFO  c.e.s.j.s.c.JwtAuthenticationFilter                - /api/base/getMenuList,2022030001,2026-05-21 14:14:46,0.072
2026-05-21 14:14:49,194 [http-nio-22222-exec-6] INFO  c.e.s.j.s.c.JwtAuthenticationFilter                - /api/schoolbus/getCampusList,2022030001,2026-05-21 14:14:49,0.029
2026-05-21 14:14:49,226 [http-nio-22222-exec-4] INFO  c.e.s.j.s.c.JwtAuthenticationFilter                - /api/schoolbus/getActiveSchedules,2022030001,2026-05-21 14:14:49,0.027
2026-05-21 14:14:49,255 [http-nio-22222-exec-2] INFO  c.e.s.j.s.c.JwtAuthenticationFilter                - /api/schoolbus/getActiveSchedules,2022030001,2026-05-21 14:14:49,0.022
2026-05-21 14:14:59,469 [http-nio-22222-exec-8] INFO  c.e.s.j.s.c.JwtAuthenticationFilter                - /api/schoolbus/getSchedulesByRoute,2022030001,2026-05-21 14:14:59,0.028
2026-05-21 14:15:12,325 [http-nio-22222-exec-3] INFO  c.e.s.j.s.c.JwtAuthenticationFilter                - /api/schoolbus/reserveSeat,2022030001,2026-05-21 14:15:11,0.345
2026-05-21 14:15:12,380 [http-nio-22222-exec-6] INFO  c.e.s.j.s.c.JwtAuthenticationFilter                - /api/schoolbus/getActiveSchedules,2022030001,2026-05-21 14:15:12,0.037
2026-05-21 14:15:18,405 [http-nio-22222-exec-2] INFO  c.e.s.j.s.c.JwtAuthenticationFilter                - /api/schoolbus/getCampusList,2022030001,2026-05-21 14:15:18,0.029
2026-05-21 14:15:18,494 [http-nio-22222-exec-1] INFO  c.e.s.j.s.c.JwtAuthenticationFilter                - /api/schoolbus/getMyReservations,2022030001,2026-05-21 14:15:18,0.08
2026-05-21 14:15:18,525 [http-nio-22222-exec-5] INFO  c.e.s.j.s.c.JwtAuthenticationFilter                - /api/schoolbus/getActiveSchedules,2022030001,2026-05-21 14:15:18,0.024
2026-05-21 14:15:18,607 [http-nio-22222-exec-10] INFO  c.e.s.j.s.c.JwtAuthenticationFilter                - /api/schoolbus/getMyReservations,2022030001,2026-05-21 14:15:18,0.075
2026-05-21 14:15:27,394 [http-nio-22222-exec-5] INFO  c.e.s.j.s.c.JwtAuthenticationFilter                - /api/base/getDataBaseUserName,admin,2026-05-21 14:15:27,0.018
2026-05-21 14:15:27,505 [http-nio-22222-exec-10] INFO  c.e.s.j.s.c.JwtAuthenticationFilter                - /api/base/getMenuList,admin,2026-05-21 14:15:27,0.104
2026-05-21 14:15:29,416 [http-nio-22222-exec-7] INFO  c.e.s.j.s.c.JwtAuthenticationFilter                - /api/schoolbus/getCampusList,admin,2026-05-21 14:15:29,0.024
2026-05-21 14:15:29,455 [http-nio-22222-exec-2] INFO  c.e.s.j.s.c.JwtAuthenticationFilter                - /api/schoolbus/getAllSchedules,admin,2026-05-21 14:15:29,0.033
2026-05-21 14:15:29,498 [http-nio-22222-exec-8] INFO  c.e.s.j.s.c.JwtAuthenticationFilter                - /api/schoolbus/getAllSchedules,admin,2026-05-21 14:15:29,0.033
2026-05-21 14:15:34,622 [http-nio-22222-exec-5] INFO  c.e.s.j.s.c.JwtAuthenticationFilter                - /api/schoolbus/getScheduleReservations,admin,2026-05-21 14:15:34,0.023
2026-05-21 14:15:39,630 [http-nio-22222-exec-10] INFO  c.e.s.j.s.c.JwtAuthenticationFilter                - /api/schoolbus/getScheduleReservations,admin,2026-05-21 14:15:39,0.038
2026-05-21 14:24:04,525 [SpringApplicationShutdownHook] INFO  o.s.b.w.embedded.tomcat.GracefulShutdown           - Commencing graceful shutdown. Waiting for active requests to complete
2026-05-21 14:24:04,530 [tomcat-shutdown] INFO  o.s.b.w.embedded.tomcat.GracefulShutdown           - Graceful shutdown complete
2026-05-21 14:24:04,546 [SpringApplicationShutdownHook] INFO  o.s.o.j.LocalContainerEntityManagerFactoryBean     - Closing JPA EntityManagerFactory for persistence unit 'default'
2026-05-21 14:24:04,546 [SpringApplicationShutdownHook] INFO  com.zaxxer.hikari.HikariDataSource                 - HikariPool-1 - Shutdown initiated...
2026-05-21 14:24:04,546 [SpringApplicationShutdownHook] INFO  com.zaxxer.hikari.HikariDataSource                 - HikariPool-1 - Shutdown completed.
2026-05-21 14:26:08,833 [background-preinit] INFO  o.h.validator.internal.util.Version                - HV000001: Hibernate Validator 8.0.2.Final
2026-05-21 14:26:08,862 [main] INFO  c.e.s.j.s.JavaServerApplicationTests               - Starting JavaServerApplicationTests using Java 21.0.5 with PID 13136 (started by 26796 in C:\Users\26796\Desktop\java-server - 副本 (2))
2026-05-21 14:26:08,863 [main] INFO  c.e.s.j.s.JavaServerApplicationTests               - No active profile set, falling back to 1 default profile: "default"
2026-05-21 14:26:09,516 [main] INFO  o.s.d.r.c.RepositoryConfigurationDelegate          - Multiple Spring Data modules found, entering strict repository configuration mode
2026-05-21 14:26:09,518 [main] INFO  o.s.d.r.c.RepositoryConfigurationDelegate          - Bootstrapping Spring Data JPA repositories in DEFAULT mode.
2026-05-21 14:26:09,628 [background-preinit] INFO  o.h.validator.internal.util.Version                - HV000001: Hibernate Validator 8.0.2.Final
2026-05-21 14:26:09,659 [main] INFO  c.e.s.j.s.JavaServerApplicationTests               - Starting JavaServerApplicationTests using Java 21.0.5 with PID 55120 (started by 26796 in C:\Users\26796\Desktop\java-server - 副本 (2))
2026-05-21 14:26:09,660 [main] INFO  c.e.s.j.s.JavaServerApplicationTests               - No active profile set, falling back to 1 default profile: "default"
2026-05-21 14:26:09,697 [main] INFO  o.s.d.r.c.RepositoryConfigurationDelegate          - Finished Spring Data repository scanning in 171 ms. Found 32 JPA repository interfaces.
2026-05-21 14:26:09,722 [main] INFO  o.s.d.r.c.RepositoryConfigurationDelegate          - Multiple Spring Data modules found, entering strict repository configuration mode
2026-05-21 14:26:09,723 [main] INFO  o.s.d.r.c.RepositoryConfigurationDelegate          - Bootstrapping Spring Data Redis repositories in DEFAULT mode.
2026-05-21 14:26:09,745 [main] INFO  o.s.d.r.c.RepositoryConfigurationExtensionSupport  - Spring Data Redis - Could not safely identify store assignment for repository candidate interface cn.edu.sdu.java.server.repositorys.AnswerRepository; If you want this repository to be a Redis repository, consider annotating your entities with one of these annotations: org.springframework.data.redis.core.RedisHash (preferred), or consider extending one of the following types with your repository: org.springframework.data.keyvalue.repository.KeyValueRepository
2026-05-21 14:26:09,746 [main] INFO  o.s.d.r.c.RepositoryConfigurationExtensionSupport  - Spring Data Redis - Could not safely identify store assignment for repository candidate interface cn.edu.sdu.java.server.repositorys.CourseRepository; If you want this repository to be a Redis repository, consider annotating your entities with one of these annotations: org.springframework.data.redis.core.RedisHash (preferred), or consider extending one of the following types with your repository: org.springframework.data.keyvalue.repository.KeyValueRepository
2026-05-21 14:26:09,746 [main] INFO  o.s.d.r.c.RepositoryConfigurationExtensionSupport  - Spring Data Redis - Could not safely identify store assignment for repository candidate interface cn.edu.sdu.java.server.repositorys.DictionaryInfoRepository; If you want this repository to be a Redis repository, consider annotating your entities with one of these annotations: org.springframework.data.redis.core.RedisHash (preferred), or consider extending one of the following types with your repository: org.springframework.data.keyvalue.repository.KeyValueRepository
2026-05-21 14:26:09,746 [main] INFO  o.s.d.r.c.RepositoryConfigurationExtensionSupport  - Spring Data Redis - Could not safely identify store assignment for repository candidate interface cn.edu.sdu.java.server.repositorys.FamilyMemberRepository; If you want this repository to be a Redis repository, consider annotating your entities with one of these annotations: org.springframework.data.redis.core.RedisHash (preferred), or consider extending one of the following types with your repository: org.springframework.data.keyvalue.repository.KeyValueRepository
2026-05-21 14:26:09,747 [main] INFO  o.s.d.r.c.RepositoryConfigurationExtensionSupport  - Spring Data Redis - Could not safely identify store assignment for repository candidate interface cn.edu.sdu.java.server.repositorys.FeeRepository; If you want this repository to be a Redis repository, consider annotating your entities with one of these annotations: org.springframework.data.redis.core.RedisHash (preferred), or consider extending one of the following types with your repository: org.springframework.data.keyvalue.repository.KeyValueRepository
2026-05-21 14:26:09,747 [main] INFO  o.s.d.r.c.RepositoryConfigurationExtensionSupport  - Spring Data Redis - Could not safely identify store assignment for repository candidate interface cn.edu.sdu.java.server.repositorys.KeyTopicRepository; If you want this repository to be a Redis repository, consider annotating your entities with one of these annotations: org.springframework.data.redis.core.RedisHash (preferred), or consider extending one of the following types with your repository: org.springframework.data.keyvalue.repository.KeyValueRepository
2026-05-21 14:26:09,748 [main] INFO  o.s.d.r.c.RepositoryConfigurationExtensionSupport  - Spring Data Redis - Could not safely identify store assignment for repository candidate interface cn.edu.sdu.java.server.repositorys.MenuInfoRepository; If you want this repository to be a Redis repository, consider annotating your entities with one of these annotations: org.springframework.data.redis.core.RedisHash (preferred), or consider extending one of the following types with your repository: org.springframework.data.keyvalue.repository.KeyValueRepository
2026-05-21 14:26:09,748 [main] INFO  o.s.d.r.c.RepositoryConfigurationExtensionSupport  - Spring Data Redis - Could not safely identify store assignment for repository candidate interface cn.edu.sdu.java.server.repositorys.ModifyLogRepository; If you want this repository to be a Redis repository, consider annotating your entities with one of these annotations: org.springframework.data.redis.core.RedisHash (preferred), or consider extending one of the following types with your repository: org.springframework.data.keyvalue.repository.KeyValueRepository
2026-05-21 14:26:09,748 [main] INFO  o.s.d.r.c.RepositoryConfigurationExtensionSupport  - Spring Data Redis - Could not safely identify store assignment for repository candidate interface cn.edu.sdu.java.server.repositorys.NoticeReadRepository; If you want this repository to be a Redis repository, consider annotating your entities with one of these annotations: org.springframework.data.redis.core.RedisHash (preferred), or consider extending one of the following types with your repository: org.springframework.data.keyvalue.repository.KeyValueRepository
2026-05-21 14:26:09,748 [main] INFO  o.s.d.r.c.RepositoryConfigurationExtensionSupport  - Spring Data Redis - Could not safely identify store assignment for repository candidate interface cn.edu.sdu.java.server.repositorys.NoticeRepository; If you want this repository to be a Redis repository, consider annotating your entities with one of these annotations: org.springframework.data.redis.core.RedisHash (preferred), or consider extending one of the following types with your repository: org.springframework.data.keyvalue.repository.KeyValueRepository
2026-05-21 14:26:09,748 [main] INFO  o.s.d.r.c.RepositoryConfigurationExtensionSupport  - Spring Data Redis - Could not safely identify store assignment for repository candidate interface cn.edu.sdu.java.server.repositorys.NoticeTargetRepository; If you want this repository to be a Redis repository, consider annotating your entities with one of these annotations: org.springframework.data.redis.core.RedisHash (preferred), or consider extending one of the following types with your repository: org.springframework.data.keyvalue.repository.KeyValueRepository
2026-05-21 14:26:09,749 [main] INFO  o.s.d.r.c.RepositoryConfigurationExtensionSupport  - Spring Data Redis - Could not safely identify store assignment for repository candidate interface cn.edu.sdu.java.server.repositorys.PersonRepository; If you want this repository to be a Redis repository, consider annotating your entities with one of these annotations: org.springframework.data.redis.core.RedisHash (preferred), or consider extending one of the following types with your repository: org.springframework.data.keyvalue.repository.KeyValueRepository
2026-05-21 14:26:09,749 [main] INFO  o.s.d.r.c.RepositoryConfigurationExtensionSupport  - Spring Data Redis - Could not safely identify store assignment for repository candidate interface cn.edu.sdu.java.server.repositorys.PracticeMemberRepository; If you want this repository to be a Redis repository, consider annotating your entities with one of these annotations: org.springframework.data.redis.core.RedisHash (preferred), or consider extending one of the following types with your repository: org.springframework.data.keyvalue.repository.KeyValueRepository
2026-05-21 14:26:09,750 [main] INFO  o.s.d.r.c.RepositoryConfigurationExtensionSupport  - Spring Data Redis - Could not safely identify store assignment for repository candidate interface cn.edu.sdu.java.server.repositorys.PracticeProjectRepository; If you want this repository to be a Redis repository, consider annotating your entities with one of these annotations: org.springframework.data.redis.core.RedisHash (preferred), or consider extending one of the following types with your repository: org.springframework.data.keyvalue.repository.KeyValueRepository
2026-05-21 14:26:09,750 [main] INFO  o.s.d.r.c.RepositoryConfigurationExtensionSupport  - Spring Data Redis - Could not safely identify store assignment for repository candidate interface cn.edu.sdu.java.server.repositorys.PracticeReviewRepository; If you want this repository to be a Redis repository, consider annotating your entities with one of these annotations: org.springframework.data.redis.core.RedisHash (preferred), or consider extending one of the following types with your repository: org.springframework.data.keyvalue.repository.KeyValueRepository
2026-05-21 14:26:09,750 [main] INFO  o.s.d.r.c.RepositoryConfigurationExtensionSupport  - Spring Data Redis - Could not safely identify store assignment for repository candidate interface cn.edu.sdu.java.server.repositorys.PracticeSummaryRepository; If you want this repository to be a Redis repository, consider annotating your entities with one of these annotations: org.springframework.data.redis.core.RedisHash (preferred), or consider extending one of the following types with your repository: org.springframework.data.keyvalue.repository.KeyValueRepository
2026-05-21 14:26:09,750 [main] INFO  o.s.d.r.c.RepositoryConfigurationExtensionSupport  - Spring Data Redis - Could not safely identify store assignment for repository candidate interface cn.edu.sdu.java.server.repositorys.QuestionnaireRepository; If you want this repository to be a Redis repository, consider annotating your entities with one of these annotations: org.springframework.data.redis.core.RedisHash (preferred), or consider extending one of the following types with your repository: org.springframework.data.keyvalue.repository.KeyValueRepository
2026-05-21 14:26:09,750 [main] INFO  o.s.d.r.c.RepositoryConfigurationExtensionSupport  - Spring Data Redis - Could not safely identify store assignment for repository candidate interface cn.edu.sdu.java.server.repositorys.QuestionOptionRepository; If you want this repository to be a Redis repository, consider annotating your entities with one of these annotations: org.springframework.data.redis.core.RedisHash (preferred), or consider extending one of the following types with your repository: org.springframework.data.keyvalue.repository.KeyValueRepository
2026-05-21 14:26:09,750 [main] INFO  o.s.d.r.c.RepositoryConfigurationExtensionSupport  - Spring Data Redis - Could not safely identify store assignment for repository candidate interface cn.edu.sdu.java.server.repositorys.QuestionRepository; If you want this repository to be a Redis repository, consider annotating your entities with one of these annotations: org.springframework.data.redis.core.RedisHash (preferred), or consider extending one of the following types with your repository: org.springframework.data.keyvalue.repository.KeyValueRepository
2026-05-21 14:26:09,750 [main] INFO  o.s.d.r.c.RepositoryConfigurationExtensionSupport  - Spring Data Redis - Could not safely identify store assignment for repository candidate interface cn.edu.sdu.java.server.repositorys.ResponseRepository; If you want this repository to be a Redis repository, consider annotating your entities with one of these annotations: org.springframework.data.redis.core.RedisHash (preferred), or consider extending one of the following types with your repository: org.springframework.data.keyvalue.repository.KeyValueRepository
2026-05-21 14:26:09,750 [main] INFO  o.s.d.r.c.RepositoryConfigurationExtensionSupport  - Spring Data Redis - Could not safely identify store assignment for repository candidate interface cn.edu.sdu.java.server.repositorys.SchoolBusCampusRepository; If you want this repository to be a Redis repository, consider annotating your entities with one of these annotations: org.springframework.data.redis.core.RedisHash (preferred), or consider extending one of the following types with your repository: org.springframework.data.keyvalue.repository.KeyValueRepository
2026-05-21 14:26:09,750 [main] INFO  o.s.d.r.c.RepositoryConfigurationExtensionSupport  - Spring Data Redis - Could not safely identify store assignment for repository candidate interface cn.edu.sdu.java.server.repositorys.SchoolBusReservationRepository; If you want this repository to be a Redis repository, consider annotating your entities with one of these annotations: org.springframework.data.redis.core.RedisHash (preferred), or consider extending one of the following types with your repository: org.springframework.data.keyvalue.repository.KeyValueRepository
2026-05-21 14:26:09,750 [main] INFO  o.s.d.r.c.RepositoryConfigurationExtensionSupport  - Spring Data Redis - Could not safely identify store assignment for repository candidate interface cn.edu.sdu.java.server.repositorys.SchoolBusScheduleRepository; If you want this repository to be a Redis repository, consider annotating your entities with one of these annotations: org.springframework.data.redis.core.RedisHash (preferred), or consider extending one of the following types with your repository: org.springframework.data.keyvalue.repository.KeyValueRepository
2026-05-21 14:26:09,753 [main] INFO  o.s.d.r.c.RepositoryConfigurationExtensionSupport  - Spring Data Redis - Could not safely identify store assignment for repository candidate interface cn.edu.sdu.java.server.repositorys.ScoreRepository; If you want this repository to be a Redis repository, consider annotating your entities with one of these annotations: org.springframework.data.redis.core.RedisHash (preferred), or consider extending one of the following types with your repository: org.springframework.data.keyvalue.repository.KeyValueRepository
2026-05-21 14:26:09,753 [main] INFO  o.s.d.r.c.RepositoryConfigurationExtensionSupport  - Spring Data Redis - Could not safely identify store assignment for repository candidate interface cn.edu.sdu.java.server.repositorys.StatisticsDayRepository; If you want this repository to be a Redis repository, consider annotating your entities with one of these annotations: org.springframework.data.redis.core.RedisHash (preferred), or consider extending one of the following types with your repository: org.springframework.data.keyvalue.repository.KeyValueRepository
2026-05-21 14:26:09,753 [main] INFO  o.s.d.r.c.RepositoryConfigurationExtensionSupport  - Spring Data Redis - Could not safely identify store assignment for repository candidate interface cn.edu.sdu.java.server.repositorys.StudentLeaveRepository; If you want this repository to be a Redis repository, consider annotating your entities with one of these annotations: org.springframework.data.redis.core.RedisHash (preferred), or consider extending one of the following types with your repository: org.springframework.data.keyvalue.repository.KeyValueRepository
2026-05-21 14:26:09,753 [main] INFO  o.s.d.r.c.RepositoryConfigurationExtensionSupport  - Spring Data Redis - Could not safely identify store assignment for repository candidate interface cn.edu.sdu.java.server.repositorys.StudentRepository; If you want this repository to be a Redis repository, consider annotating your entities with one of these annotations: org.springframework.data.redis.core.RedisHash (preferred), or consider extending one of the following types with your repository: org.springframework.data.keyvalue.repository.KeyValueRepository
2026-05-21 14:26:09,753 [main] INFO  o.s.d.r.c.RepositoryConfigurationExtensionSupport  - Spring Data Redis - Could not safely identify store assignment for repository candidate interface cn.edu.sdu.java.server.repositorys.StudentStatisticsRepository; If you want this repository to be a Redis repository, consider annotating your entities with one of these annotations: org.springframework.data.redis.core.RedisHash (preferred), or consider extending one of the following types with your repository: org.springframework.data.keyvalue.repository.KeyValueRepository
2026-05-21 14:26:09,753 [main] INFO  o.s.d.r.c.RepositoryConfigurationExtensionSupport  - Spring Data Redis - Could not safely identify store assignment for repository candidate interface cn.edu.sdu.java.server.repositorys.SystemInfoRepository; If you want this repository to be a Redis repository, consider annotating your entities with one of these annotations: org.springframework.data.redis.core.RedisHash (preferred), or consider extending one of the following types with your repository: org.springframework.data.keyvalue.repository.KeyValueRepository
2026-05-21 14:26:09,753 [main] INFO  o.s.d.r.c.RepositoryConfigurationExtensionSupport  - Spring Data Redis - Could not safely identify store assignment for repository candidate interface cn.edu.sdu.java.server.repositorys.TeacherRepository; If you want this repository to be a Redis repository, consider annotating your entities with one of these annotations: org.springframework.data.redis.core.RedisHash (preferred), or consider extending one of the following types with your repository: org.springframework.data.keyvalue.repository.KeyValueRepository
2026-05-21 14:26:09,753 [main] INFO  o.s.d.r.c.RepositoryConfigurationExtensionSupport  - Spring Data Redis - Could not safely identify store assignment for repository candidate interface cn.edu.sdu.java.server.repositorys.UserRepository; If you want this repository to be a Redis repository, consider annotating your entities with one of these annotations: org.springframework.data.redis.core.RedisHash (preferred), or consider extending one of the following types with your repository: org.springframework.data.keyvalue.repository.KeyValueRepository
2026-05-21 14:26:09,753 [main] INFO  o.s.d.r.c.RepositoryConfigurationExtensionSupport  - Spring Data Redis - Could not safely identify store assignment for repository candidate interface cn.edu.sdu.java.server.repositorys.UserTypeRepository; If you want this repository to be a Redis repository, consider annotating your entities with one of these annotations: org.springframework.data.redis.core.RedisHash (preferred), or consider extending one of the following types with your repository: org.springframework.data.keyvalue.repository.KeyValueRepository
2026-05-21 14:26:09,753 [main] INFO  o.s.d.r.c.RepositoryConfigurationDelegate          - Finished Spring Data repository scanning in 19 ms. Found 0 Redis repository interfaces.
2026-05-21 14:26:10,362 [main] INFO  o.hibernate.jpa.internal.util.LogHelper            - HHH000204: Processing PersistenceUnitInfo [name: default]
2026-05-21 14:26:10,426 [main] INFO  org.hibernate.Version                              - HHH000412: Hibernate ORM core version 6.6.5.Final
2026-05-21 14:26:10,454 [main] INFO  o.s.d.r.c.RepositoryConfigurationDelegate          - Multiple Spring Data modules found, entering strict repository configuration mode
2026-05-21 14:26:10,456 [main] INFO  o.s.d.r.c.RepositoryConfigurationDelegate          - Bootstrapping Spring Data JPA repositories in DEFAULT mode.
2026-05-21 14:26:10,456 [main] INFO  o.h.c.internal.RegionFactoryInitiator              - HHH000026: Second-level cache disabled
2026-05-21 14:26:10,648 [main] INFO  o.s.d.r.c.RepositoryConfigurationDelegate          - Finished Spring Data repository scanning in 176 ms. Found 32 JPA repository interfaces.
2026-05-21 14:26:10,668 [main] INFO  o.s.d.r.c.RepositoryConfigurationDelegate          - Multiple Spring Data modules found, entering strict repository configuration mode
2026-05-21 14:26:10,669 [main] INFO  o.s.d.r.c.RepositoryConfigurationDelegate          - Bootstrapping Spring Data Redis repositories in DEFAULT mode.
2026-05-21 14:26:10,683 [main] INFO  o.s.d.r.c.RepositoryConfigurationExtensionSupport  - Spring Data Redis - Could not safely identify store assignment for repository candidate interface cn.edu.sdu.java.server.repositorys.AnswerRepository; If you want this repository to be a Redis repository, consider annotating your entities with one of these annotations: org.springframework.data.redis.core.RedisHash (preferred), or consider extending one of the following types with your repository: org.springframework.data.keyvalue.repository.KeyValueRepository
2026-05-21 14:26:10,683 [main] INFO  o.s.d.r.c.RepositoryConfigurationExtensionSupport  - Spring Data Redis - Could not safely identify store assignment for repository candidate interface cn.edu.sdu.java.server.repositorys.CourseRepository; If you want this repository to be a Redis repository, consider annotating your entities with one of these annotations: org.springframework.data.redis.core.RedisHash (preferred), or consider extending one of the following types with your repository: org.springframework.data.keyvalue.repository.KeyValueRepository
2026-05-21 14:26:10,683 [main] INFO  o.s.d.r.c.RepositoryConfigurationExtensionSupport  - Spring Data Redis - Could not safely identify store assignment for repository candidate interface cn.edu.sdu.java.server.repositorys.DictionaryInfoRepository; If you want this repository to be a Redis repository, consider annotating your entities with one of these annotations: org.springframework.data.redis.core.RedisHash (preferred), or consider extending one of the following types with your repository: org.springframework.data.keyvalue.repository.KeyValueRepository
2026-05-21 14:26:10,684 [main] INFO  o.s.d.r.c.RepositoryConfigurationExtensionSupport  - Spring Data Redis - Could not safely identify store assignment for repository candidate interface cn.edu.sdu.java.server.repositorys.FamilyMemberRepository; If you want this repository to be a Redis repository, consider annotating your entities with one of these annotations: org.springframework.data.redis.core.RedisHash (preferred), or consider extending one of the following types with your repository: org.springframework.data.keyvalue.repository.KeyValueRepository
2026-05-21 14:26:10,684 [main] INFO  o.s.d.r.c.RepositoryConfigurationExtensionSupport  - Spring Data Redis - Could not safely identify store assignment for repository candidate interface cn.edu.sdu.java.server.repositorys.FeeRepository; If you want this repository to be a Redis repository, consider annotating your entities with one of these annotations: org.springframework.data.redis.core.RedisHash (preferred), or consider extending one of the following types with your repository: org.springframework.data.keyvalue.repository.KeyValueRepository
2026-05-21 14:26:10,684 [main] INFO  o.s.d.r.c.RepositoryConfigurationExtensionSupport  - Spring Data Redis - Could not safely identify store assignment for repository candidate interface cn.edu.sdu.java.server.repositorys.KeyTopicRepository; If you want this repository to be a Redis repository, consider annotating your entities with one of these annotations: org.springframework.data.redis.core.RedisHash (preferred), or consider extending one of the following types with your repository: org.springframework.data.keyvalue.repository.KeyValueRepository
2026-05-21 14:26:10,684 [main] INFO  o.s.d.r.c.RepositoryConfigurationExtensionSupport  - Spring Data Redis - Could not safely identify store assignment for repository candidate interface cn.edu.sdu.java.server.repositorys.MenuInfoRepository; If you want this repository to be a Redis repository, consider annotating your entities with one of these annotations: org.springframework.data.redis.core.RedisHash (preferred), or consider extending one of the following types with your repository: org.springframework.data.keyvalue.repository.KeyValueRepository
2026-05-21 14:26:10,684 [main] INFO  o.s.d.r.c.RepositoryConfigurationExtensionSupport  - Spring Data Redis - Could not safely identify store assignment for repository candidate interface cn.edu.sdu.java.server.repositorys.ModifyLogRepository; If you want this repository to be a Redis repository, consider annotating your entities with one of these annotations: org.springframework.data.redis.core.RedisHash (preferred), or consider extending one of the following types with your repository: org.springframework.data.keyvalue.repository.KeyValueRepository
2026-05-21 14:26:10,684 [main] INFO  o.s.d.r.c.RepositoryConfigurationExtensionSupport  - Spring Data Redis - Could not safely identify store assignment for repository candidate interface cn.edu.sdu.java.server.repositorys.NoticeReadRepository; If you want this repository to be a Redis repository, consider annotating your entities with one of these annotations: org.springframework.data.redis.core.RedisHash (preferred), or consider extending one of the following types with your repository: org.springframework.data.keyvalue.repository.KeyValueRepository
2026-05-21 14:26:10,684 [main] INFO  o.s.d.r.c.RepositoryConfigurationExtensionSupport  - Spring Data Redis - Could not safely identify store assignment for repository candidate interface cn.edu.sdu.java.server.repositorys.NoticeRepository; If you want this repository to be a Redis repository, consider annotating your entities with one of these annotations: org.springframework.data.redis.core.RedisHash (preferred), or consider extending one of the following types with your repository: org.springframework.data.keyvalue.repository.KeyValueRepository
2026-05-21 14:26:10,684 [main] INFO  o.s.d.r.c.RepositoryConfigurationExtensionSupport  - Spring Data Redis - Could not safely identify store assignment for repository candidate interface cn.edu.sdu.java.server.repositorys.NoticeTargetRepository; If you want this repository to be a Redis repository, consider annotating your entities with one of these annotations: org.springframework.data.redis.core.RedisHash (preferred), or consider extending one of the following types with your repository: org.springframework.data.keyvalue.repository.KeyValueRepository
2026-05-21 14:26:10,685 [main] INFO  o.s.d.r.c.RepositoryConfigurationExtensionSupport  - Spring Data Redis - Could not safely identify store assignment for repository candidate interface cn.edu.sdu.java.server.repositorys.PersonRepository; If you want this repository to be a Redis repository, consider annotating your entities with one of these annotations: org.springframework.data.redis.core.RedisHash (preferred), or consider extending one of the following types with your repository: org.springframework.data.keyvalue.repository.KeyValueRepository
2026-05-21 14:26:10,685 [main] INFO  o.s.d.r.c.RepositoryConfigurationExtensionSupport  - Spring Data Redis - Could not safely identify store assignment for repository candidate interface cn.edu.sdu.java.server.repositorys.PracticeMemberRepository; If you want this repository to be a Redis repository, consider annotating your entities with one of these annotations: org.springframework.data.redis.core.RedisHash (preferred), or consider extending one of the following types with your repository: org.springframework.data.keyvalue.repository.KeyValueRepository
2026-05-21 14:26:10,685 [main] INFO  o.s.d.r.c.RepositoryConfigurationExtensionSupport  - Spring Data Redis - Could not safely identify store assignment for repository candidate interface cn.edu.sdu.java.server.repositorys.PracticeProjectRepository; If you want this repository to be a Redis repository, consider annotating your entities with one of these annotations: org.springframework.data.redis.core.RedisHash (preferred), or consider extending one of the following types with your repository: org.springframework.data.keyvalue.repository.KeyValueRepository
2026-05-21 14:26:10,685 [main] INFO  o.s.d.r.c.RepositoryConfigurationExtensionSupport  - Spring Data Redis - Could not safely identify store assignment for repository candidate interface cn.edu.sdu.java.server.repositorys.PracticeReviewRepository; If you want this repository to be a Redis repository, consider annotating your entities with one of these annotations: org.springframework.data.redis.core.RedisHash (preferred), or consider extending one of the following types with your repository: org.springframework.data.keyvalue.repository.KeyValueRepository
2026-05-21 14:26:10,686 [main] INFO  o.s.d.r.c.RepositoryConfigurationExtensionSupport  - Spring Data Redis - Could not safely identify store assignment for repository candidate interface cn.edu.sdu.java.server.repositorys.PracticeSummaryRepository; If you want this repository to be a Redis repository, consider annotating your entities with one of these annotations: org.springframework.data.redis.core.RedisHash (preferred), or consider extending one of the following types with your repository: org.springframework.data.keyvalue.repository.KeyValueRepository
2026-05-21 14:26:10,686 [main] INFO  o.s.d.r.c.RepositoryConfigurationExtensionSupport  - Spring Data Redis - Could not safely identify store assignment for repository candidate interface cn.edu.sdu.java.server.repositorys.QuestionnaireRepository; If you want this repository to be a Redis repository, consider annotating your entities with one of these annotations: org.springframework.data.redis.core.RedisHash (preferred), or consider extending one of the following types with your repository: org.springframework.data.keyvalue.repository.KeyValueRepository
2026-05-21 14:26:10,686 [main] INFO  o.s.d.r.c.RepositoryConfigurationExtensionSupport  - Spring Data Redis - Could not safely identify store assignment for repository candidate interface cn.edu.sdu.java.server.repositorys.QuestionOptionRepository; If you want this repository to be a Redis repository, consider annotating your entities with one of these annotations: org.springframework.data.redis.core.RedisHash (preferred), or consider extending one of the following types with your repository: org.springframework.data.keyvalue.repository.KeyValueRepository
2026-05-21 14:26:10,686 [main] INFO  o.s.d.r.c.RepositoryConfigurationExtensionSupport  - Spring Data Redis - Could not safely identify store assignment for repository candidate interface cn.edu.sdu.java.server.repositorys.QuestionRepository; If you want this repository to be a Redis repository, consider annotating your entities with one of these annotations: org.springframework.data.redis.core.RedisHash (preferred), or consider extending one of the following types with your repository: org.springframework.data.keyvalue.repository.KeyValueRepository
2026-05-21 14:26:10,686 [main] INFO  o.s.d.r.c.RepositoryConfigurationExtensionSupport  - Spring Data Redis - Could not safely identify store assignment for repository candidate interface cn.edu.sdu.java.server.repositorys.ResponseRepository; If you want this repository to be a Redis repository, consider annotating your entities with one of these annotations: org.springframework.data.redis.core.RedisHash (preferred), or consider extending one of the following types with your repository: org.springframework.data.keyvalue.repository.KeyValueRepository
2026-05-21 14:26:10,686 [main] INFO  o.s.d.r.c.RepositoryConfigurationExtensionSupport  - Spring Data Redis - Could not safely identify store assignment for repository candidate interface cn.edu.sdu.java.server.repositorys.SchoolBusCampusRepository; If you want this repository to be a Redis repository, consider annotating your entities with one of these annotations: org.springframework.data.redis.core.RedisHash (preferred), or consider extending one of the following types with your repository: org.springframework.data.keyvalue.repository.KeyValueRepository
2026-05-21 14:26:10,686 [main] INFO  o.s.d.r.c.RepositoryConfigurationExtensionSupport  - Spring Data Redis - Could not safely identify store assignment for repository candidate interface cn.edu.sdu.java.server.repositorys.SchoolBusReservationRepository; If you want this repository to be a Redis repository, consider annotating your entities with one of these annotations: org.springframework.data.redis.core.RedisHash (preferred), or consider extending one of the following types with your repository: org.springframework.data.keyvalue.repository.KeyValueRepository
2026-05-21 14:26:10,686 [main] INFO  o.s.d.r.c.RepositoryConfigurationExtensionSupport  - Spring Data Redis - Could not safely identify store assignment for repository candidate interface cn.edu.sdu.java.server.repositorys.SchoolBusScheduleRepository; If you want this repository to be a Redis repository, consider annotating your entities with one of these annotations: org.springframework.data.redis.core.RedisHash (preferred), or consider extending one of the following types with your repository: org.springframework.data.keyvalue.repository.KeyValueRepository
2026-05-21 14:26:10,688 [main] INFO  o.s.d.r.c.RepositoryConfigurationExtensionSupport  - Spring Data Redis - Could not safely identify store assignment for repository candidate interface cn.edu.sdu.java.server.repositorys.ScoreRepository; If you want this repository to be a Redis repository, consider annotating your entities with one of these annotations: org.springframework.data.redis.core.RedisHash (preferred), or consider extending one of the following types with your repository: org.springframework.data.keyvalue.repository.KeyValueRepository
2026-05-21 14:26:10,689 [main] INFO  o.s.d.r.c.RepositoryConfigurationExtensionSupport  - Spring Data Redis - Could not safely identify store assignment for repository candidate interface cn.edu.sdu.java.server.repositorys.StatisticsDayRepository; If you want this repository to be a Redis repository, consider annotating your entities with one of these annotations: org.springframework.data.redis.core.RedisHash (preferred), or consider extending one of the following types with your repository: org.springframework.data.keyvalue.repository.KeyValueRepository
2026-05-21 14:26:10,689 [main] INFO  o.s.d.r.c.RepositoryConfigurationExtensionSupport  - Spring Data Redis - Could not safely identify store assignment for repository candidate interface cn.edu.sdu.java.server.repositorys.StudentLeaveRepository; If you want this repository to be a Redis repository, consider annotating your entities with one of these annotations: org.springframework.data.redis.core.RedisHash (preferred), or consider extending one of the following types with your repository: org.springframework.data.keyvalue.repository.KeyValueRepository
2026-05-21 14:26:10,689 [main] INFO  o.s.d.r.c.RepositoryConfigurationExtensionSupport  - Spring Data Redis - Could not safely identify store assignment for repository candidate interface cn.edu.sdu.java.server.repositorys.StudentRepository; If you want this repository to be a Redis repository, consider annotating your entities with one of these annotations: org.springframework.data.redis.core.RedisHash (preferred), or consider extending one of the following types with your repository: org.springframework.data.keyvalue.repository.KeyValueRepository
2026-05-21 14:26:10,689 [main] INFO  o.s.d.r.c.RepositoryConfigurationExtensionSupport  - Spring Data Redis - Could not safely identify store assignment for repository candidate interface cn.edu.sdu.java.server.repositorys.StudentStatisticsRepository; If you want this repository to be a Redis repository, consider annotating your entities with one of these annotations: org.springframework.data.redis.core.RedisHash (preferred), or consider extending one of the following types with your repository: org.springframework.data.keyvalue.repository.KeyValueRepository
2026-05-21 14:26:10,689 [main] INFO  o.s.d.r.c.RepositoryConfigurationExtensionSupport  - Spring Data Redis - Could not safely identify store assignment for repository candidate interface cn.edu.sdu.java.server.repositorys.SystemInfoRepository; If you want this repository to be a Redis repository, consider annotating your entities with one of these annotations: org.springframework.data.redis.core.RedisHash (preferred), or consider extending one of the following types with your repository: org.springframework.data.keyvalue.repository.KeyValueRepository
2026-05-21 14:26:10,689 [main] INFO  o.s.d.r.c.RepositoryConfigurationExtensionSupport  - Spring Data Redis - Could not safely identify store assignment for repository candidate interface cn.edu.sdu.java.server.repositorys.TeacherRepository; If you want this repository to be a Redis repository, consider annotating your entities with one of these annotations: org.springframework.data.redis.core.RedisHash (preferred), or consider extending one of the following types with your repository: org.springframework.data.keyvalue.repository.KeyValueRepository
2026-05-21 14:26:10,690 [main] INFO  o.s.d.r.c.RepositoryConfigurationExtensionSupport  - Spring Data Redis - Could not safely identify store assignment for repository candidate interface cn.edu.sdu.java.server.repositorys.UserRepository; If you want this repository to be a Redis repository, consider annotating your entities with one of these annotations: org.springframework.data.redis.core.RedisHash (preferred), or consider extending one of the following types with your repository: org.springframework.data.keyvalue.repository.KeyValueRepository
2026-05-21 14:26:10,690 [main] INFO  o.s.d.r.c.RepositoryConfigurationExtensionSupport  - Spring Data Redis - Could not safely identify store assignment for repository candidate interface cn.edu.sdu.java.server.repositorys.UserTypeRepository; If you want this repository to be a Redis repository, consider annotating your entities with one of these annotations: org.springframework.data.redis.core.RedisHash (preferred), or consider extending one of the following types with your repository: org.springframework.data.keyvalue.repository.KeyValueRepository
2026-05-21 14:26:10,690 [main] INFO  o.s.d.r.c.RepositoryConfigurationDelegate          - Finished Spring Data repository scanning in 13 ms. Found 0 Redis repository interfaces.
2026-05-21 14:26:10,694 [main] INFO  o.s.o.j.p.SpringPersistenceUnitInfo                - No LoadTimeWeaver setup: ignoring JPA class transformer
2026-05-21 14:26:10,724 [main] INFO  com.zaxxer.hikari.HikariDataSource                 - HikariPool-1 - Starting...
2026-05-21 14:26:10,733 [background-preinit] INFO  o.h.validator.internal.util.Version                - HV000001: Hibernate Validator 8.0.2.Final
2026-05-21 14:26:10,763 [main] INFO  c.e.s.j.s.JavaServerApplicationTests               - Starting JavaServerApplicationTests using Java 21.0.5 with PID 48112 (started by 26796 in C:\Users\26796\Desktop\java-server - 副本 (2))
2026-05-21 14:26:10,764 [main] INFO  c.e.s.j.s.JavaServerApplicationTests               - No active profile set, falling back to 1 default profile: "default"
2026-05-21 14:26:11,231 [main] INFO  o.hibernate.jpa.internal.util.LogHelper            - HHH000204: Processing PersistenceUnitInfo [name: default]
2026-05-21 14:26:11,291 [main] INFO  org.hibernate.Version                              - HHH000412: Hibernate ORM core version 6.6.5.Final
2026-05-21 14:26:11,330 [main] INFO  o.h.c.internal.RegionFactoryInitiator              - HHH000026: Second-level cache disabled
2026-05-21 14:26:11,467 [main] INFO  o.s.d.r.c.RepositoryConfigurationDelegate          - Multiple Spring Data modules found, entering strict repository configuration mode
2026-05-21 14:26:11,469 [main] INFO  o.s.d.r.c.RepositoryConfigurationDelegate          - Bootstrapping Spring Data JPA repositories in DEFAULT mode.
2026-05-21 14:26:11,547 [main] INFO  o.s.o.j.p.SpringPersistenceUnitInfo                - No LoadTimeWeaver setup: ignoring JPA class transformer
2026-05-21 14:26:11,564 [main] INFO  com.zaxxer.hikari.HikariDataSource                 - HikariPool-1 - Starting...
2026-05-21 14:26:11,627 [main] INFO  o.s.d.r.c.RepositoryConfigurationDelegate          - Finished Spring Data repository scanning in 148 ms. Found 32 JPA repository interfaces.
2026-05-21 14:26:11,648 [main] INFO  o.s.d.r.c.RepositoryConfigurationDelegate          - Multiple Spring Data modules found, entering strict repository configuration mode
2026-05-21 14:26:11,649 [main] INFO  o.s.d.r.c.RepositoryConfigurationDelegate          - Bootstrapping Spring Data Redis repositories in DEFAULT mode.
2026-05-21 14:26:11,665 [main] INFO  o.s.d.r.c.RepositoryConfigurationExtensionSupport  - Spring Data Redis - Could not safely identify store assignment for repository candidate interface cn.edu.sdu.java.server.repositorys.AnswerRepository; If you want this repository to be a Redis repository, consider annotating your entities with one of these annotations: org.springframework.data.redis.core.RedisHash (preferred), or consider extending one of the following types with your repository: org.springframework.data.keyvalue.repository.KeyValueRepository
2026-05-21 14:26:11,665 [main] INFO  o.s.d.r.c.RepositoryConfigurationExtensionSupport  - Spring Data Redis - Could not safely identify store assignment for repository candidate interface cn.edu.sdu.java.server.repositorys.CourseRepository; If you want this repository to be a Redis repository, consider annotating your entities with one of these annotations: org.springframework.data.redis.core.RedisHash (preferred), or consider extending one of the following types with your repository: org.springframework.data.keyvalue.repository.KeyValueRepository
2026-05-21 14:26:11,665 [main] INFO  o.s.d.r.c.RepositoryConfigurationExtensionSupport  - Spring Data Redis - Could not safely identify store assignment for repository candidate interface cn.edu.sdu.java.server.repositorys.DictionaryInfoRepository; If you want this repository to be a Redis repository, consider annotating your entities with one of these annotations: org.springframework.data.redis.core.RedisHash (preferred), or consider extending one of the following types with your repository: org.springframework.data.keyvalue.repository.KeyValueRepository
2026-05-21 14:26:11,666 [main] INFO  o.s.d.r.c.RepositoryConfigurationExtensionSupport  - Spring Data Redis - Could not safely identify store assignment for repository candidate interface cn.edu.sdu.java.server.repositorys.FamilyMemberRepository; If you want this repository to be a Redis repository, consider annotating your entities with one of these annotations: org.springframework.data.redis.core.RedisHash (preferred), or consider extending one of the following types with your repository: org.springframework.data.keyvalue.repository.KeyValueRepository
2026-05-21 14:26:11,666 [main] INFO  o.s.d.r.c.RepositoryConfigurationExtensionSupport  - Spring Data Redis - Could not safely identify store assignment for repository candidate interface cn.edu.sdu.java.server.repositorys.FeeRepository; If you want this repository to be a Redis repository, consider annotating your entities with one of these annotations: org.springframework.data.redis.core.RedisHash (preferred), or consider extending one of the following types with your repository: org.springframework.data.keyvalue.repository.KeyValueRepository
2026-05-21 14:26:11,666 [main] INFO  o.s.d.r.c.RepositoryConfigurationExtensionSupport  - Spring Data Redis - Could not safely identify store assignment for repository candidate interface cn.edu.sdu.java.server.repositorys.KeyTopicRepository; If you want this repository to be a Redis repository, consider annotating your entities with one of these annotations: org.springframework.data.redis.core.RedisHash (preferred), or consider extending one of the following types with your repository: org.springframework.data.keyvalue.repository.KeyValueRepository
2026-05-21 14:26:11,666 [main] INFO  o.s.d.r.c.RepositoryConfigurationExtensionSupport  - Spring Data Redis - Could not safely identify store assignment for repository candidate interface cn.edu.sdu.java.server.repositorys.MenuInfoRepository; If you want this repository to be a Redis repository, consider annotating your entities with one of these annotations: org.springframework.data.redis.core.RedisHash (preferred), or consider extending one of the following types with your repository: org.springframework.data.keyvalue.repository.KeyValueRepository
2026-05-21 14:26:11,666 [main] INFO  o.s.d.r.c.RepositoryConfigurationExtensionSupport  - Spring Data Redis - Could not safely identify store assignment for repository candidate interface cn.edu.sdu.java.server.repositorys.ModifyLogRepository; If you want this repository to be a Redis repository, consider annotating your entities with one of these annotations: org.springframework.data.redis.core.RedisHash (preferred), or consider extending one of the following types with your repository: org.springframework.data.keyvalue.repository.KeyValueRepository
2026-05-21 14:26:11,666 [main] INFO  o.s.d.r.c.RepositoryConfigurationExtensionSupport  - Spring Data Redis - Could not safely identify store assignment for repository candidate interface cn.edu.sdu.java.server.repositorys.NoticeReadRepository; If you want this repository to be a Redis repository, consider annotating your entities with one of these annotations: org.springframework.data.redis.core.RedisHash (preferred), or consider extending one of the following types with your repository: org.springframework.data.keyvalue.repository.KeyValueRepository
2026-05-21 14:26:11,666 [main] INFO  o.s.d.r.c.RepositoryConfigurationExtensionSupport  - Spring Data Redis - Could not safely identify store assignment for repository candidate interface cn.edu.sdu.java.server.repositorys.NoticeRepository; If you want this repository to be a Redis repository, consider annotating your entities with one of these annotations: org.springframework.data.redis.core.RedisHash (preferred), or consider extending one of the following types with your repository: org.springframework.data.keyvalue.repository.KeyValueRepository
2026-05-21 14:26:11,666 [main] INFO  o.s.d.r.c.RepositoryConfigurationExtensionSupport  - Spring Data Redis - Could not safely identify store assignment for repository candidate interface cn.edu.sdu.java.server.repositorys.NoticeTargetRepository; If you want this repository to be a Redis repository, consider annotating your entities with one of these annotations: org.springframework.data.redis.core.RedisHash (preferred), or consider extending one of the following types with your repository: org.springframework.data.keyvalue.repository.KeyValueRepository
2026-05-21 14:26:11,667 [main] INFO  o.s.d.r.c.RepositoryConfigurationExtensionSupport  - Spring Data Redis - Could not safely identify store assignment for repository candidate interface cn.edu.sdu.java.server.repositorys.PersonRepository; If you want this repository to be a Redis repository, consider annotating your entities with one of these annotations: org.springframework.data.redis.core.RedisHash (preferred), or consider extending one of the following types with your repository: org.springframework.data.keyvalue.repository.KeyValueRepository
2026-05-21 14:26:11,667 [main] INFO  o.s.d.r.c.RepositoryConfigurationExtensionSupport  - Spring Data Redis - Could not safely identify store assignment for repository candidate interface cn.edu.sdu.java.server.repositorys.PracticeMemberRepository; If you want this repository to be a Redis repository, consider annotating your entities with one of these annotations: org.springframework.data.redis.core.RedisHash (preferred), or consider extending one of the following types with your repository: org.springframework.data.keyvalue.repository.KeyValueRepository
2026-05-21 14:26:11,667 [main] INFO  o.s.d.r.c.RepositoryConfigurationExtensionSupport  - Spring Data Redis - Could not safely identify store assignment for repository candidate interface cn.edu.sdu.java.server.repositorys.PracticeProjectRepository; If you want this repository to be a Redis repository, consider annotating your entities with one of these annotations: org.springframework.data.redis.core.RedisHash (preferred), or consider extending one of the following types with your repository: org.springframework.data.keyvalue.repository.KeyValueRepository
2026-05-21 14:26:11,667 [main] INFO  o.s.d.r.c.RepositoryConfigurationExtensionSupport  - Spring Data Redis - Could not safely identify store assignment for repository candidate interface cn.edu.sdu.java.server.repositorys.PracticeReviewRepository; If you want this repository to be a Redis repository, consider annotating your entities with one of these annotations: org.springframework.data.redis.core.RedisHash (preferred), or consider extending one of the following types with your repository: org.springframework.data.keyvalue.repository.KeyValueRepository
2026-05-21 14:26:11,668 [main] INFO  o.s.d.r.c.RepositoryConfigurationExtensionSupport  - Spring Data Redis - Could not safely identify store assignment for repository candidate interface cn.edu.sdu.java.server.repositorys.PracticeSummaryRepository; If you want this repository to be a Redis repository, consider annotating your entities with one of these annotations: org.springframework.data.redis.core.RedisHash (preferred), or consider extending one of the following types with your repository: org.springframework.data.keyvalue.repository.KeyValueRepository
2026-05-21 14:26:11,668 [main] INFO  o.s.d.r.c.RepositoryConfigurationExtensionSupport  - Spring Data Redis - Could not safely identify store assignment for repository candidate interface cn.edu.sdu.java.server.repositorys.QuestionnaireRepository; If you want this repository to be a Redis repository, consider annotating your entities with one of these annotations: org.springframework.data.redis.core.RedisHash (preferred), or consider extending one of the following types with your repository: org.springframework.data.keyvalue.repository.KeyValueRepository
2026-05-21 14:26:11,668 [main] INFO  o.s.d.r.c.RepositoryConfigurationExtensionSupport  - Spring Data Redis - Could not safely identify store assignment for repository candidate interface cn.edu.sdu.java.server.repositorys.QuestionOptionRepository; If you want this repository to be a Redis repository, consider annotating your entities with one of these annotations: org.springframework.data.redis.core.RedisHash (preferred), or consider extending one of the following types with your repository: org.springframework.data.keyvalue.repository.KeyValueRepository
2026-05-21 14:26:11,668 [main] INFO  o.s.d.r.c.RepositoryConfigurationExtensionSupport  - Spring Data Redis - Could not safely identify store assignment for repository candidate interface cn.edu.sdu.java.server.repositorys.QuestionRepository; If you want this repository to be a Redis repository, consider annotating your entities with one of these annotations: org.springframework.data.redis.core.RedisHash (preferred), or consider extending one of the following types with your repository: org.springframework.data.keyvalue.repository.KeyValueRepository
2026-05-21 14:26:11,668 [main] INFO  o.s.d.r.c.RepositoryConfigurationExtensionSupport  - Spring Data Redis - Could not safely identify store assignment for repository candidate interface cn.edu.sdu.java.server.repositorys.ResponseRepository; If you want this repository to be a Redis repository, consider annotating your entities with one of these annotations: org.springframework.data.redis.core.RedisHash (preferred), or consider extending one of the following types with your repository: org.springframework.data.keyvalue.repository.KeyValueRepository
2026-05-21 14:26:11,668 [main] INFO  o.s.d.r.c.RepositoryConfigurationExtensionSupport  - Spring Data Redis - Could not safely identify store assignment for repository candidate interface cn.edu.sdu.java.server.repositorys.SchoolBusCampusRepository; If you want this repository to be a Redis repository, consider annotating your entities with one of these annotations: org.springframework.data.redis.core.RedisHash (preferred), or consider extending one of the following types with your repository: org.springframework.data.keyvalue.repository.KeyValueRepository
2026-05-21 14:26:11,668 [main] INFO  o.s.d.r.c.RepositoryConfigurationExtensionSupport  - Spring Data Redis - Could not safely identify store assignment for repository candidate interface cn.edu.sdu.java.server.repositorys.SchoolBusReservationRepository; If you want this repository to be a Redis repository, consider annotating your entities with one of these annotations: org.springframework.data.redis.core.RedisHash (preferred), or consider extending one of the following types with your repository: org.springframework.data.keyvalue.repository.KeyValueRepository
2026-05-21 14:26:11,668 [main] INFO  o.s.d.r.c.RepositoryConfigurationExtensionSupport  - Spring Data Redis - Could not safely identify store assignment for repository candidate interface cn.edu.sdu.java.server.repositorys.SchoolBusScheduleRepository; If you want this repository to be a Redis repository, consider annotating your entities with one of these annotations: org.springframework.data.redis.core.RedisHash (preferred), or consider extending one of the following types with your repository: org.springframework.data.keyvalue.repository.KeyValueRepository
2026-05-21 14:26:11,669 [main] INFO  o.s.d.r.c.RepositoryConfigurationExtensionSupport  - Spring Data Redis - Could not safely identify store assignment for repository candidate interface cn.edu.sdu.java.server.repositorys.ScoreRepository; If you want this repository to be a Redis repository, consider annotating your entities with one of these annotations: org.springframework.data.redis.core.RedisHash (preferred), or consider extending one of the following types with your repository: org.springframework.data.keyvalue.repository.KeyValueRepository
2026-05-21 14:26:11,669 [main] INFO  o.s.d.r.c.RepositoryConfigurationExtensionSupport  - Spring Data Redis - Could not safely identify store assignment for repository candidate interface cn.edu.sdu.java.server.repositorys.StatisticsDayRepository; If you want this repository to be a Redis repository, consider annotating your entities with one of these annotations: org.springframework.data.redis.core.RedisHash (preferred), or consider extending one of the following types with your repository: org.springframework.data.keyvalue.repository.KeyValueRepository
2026-05-21 14:26:11,669 [main] INFO  o.s.d.r.c.RepositoryConfigurationExtensionSupport  - Spring Data Redis - Could not safely identify store assignment for repository candidate interface cn.edu.sdu.java.server.repositorys.StudentLeaveRepository; If you want this repository to be a Redis repository, consider annotating your entities with one of these annotations: org.springframework.data.redis.core.RedisHash (preferred), or consider extending one of the following types with your repository: org.springframework.data.keyvalue.repository.KeyValueRepository
2026-05-21 14:26:11,669 [main] INFO  o.s.d.r.c.RepositoryConfigurationExtensionSupport  - Spring Data Redis - Could not safely identify store assignment for repository candidate interface cn.edu.sdu.java.server.repositorys.StudentRepository; If you want this repository to be a Redis repository, consider annotating your entities with one of these annotations: org.springframework.data.redis.core.RedisHash (preferred), or consider extending one of the following types with your repository: org.springframework.data.keyvalue.repository.KeyValueRepository
2026-05-21 14:26:11,669 [main] INFO  o.s.d.r.c.RepositoryConfigurationExtensionSupport  - Spring Data Redis - Could not safely identify store assignment for repository candidate interface cn.edu.sdu.java.server.repositorys.StudentStatisticsRepository; If you want this repository to be a Redis repository, consider annotating your entities with one of these annotations: org.springframework.data.redis.core.RedisHash (preferred), or consider extending one of the following types with your repository: org.springframework.data.keyvalue.repository.KeyValueRepository
2026-05-21 14:26:11,669 [main] INFO  o.s.d.r.c.RepositoryConfigurationExtensionSupport  - Spring Data Redis - Could not safely identify store assignment for repository candidate interface cn.edu.sdu.java.server.repositorys.SystemInfoRepository; If you want this repository to be a Redis repository, consider annotating your entities with one of these annotations: org.springframework.data.redis.core.RedisHash (preferred), or consider extending one of the following types with your repository: org.springframework.data.keyvalue.repository.KeyValueRepository
2026-05-21 14:26:11,669 [main] INFO  o.s.d.r.c.RepositoryConfigurationExtensionSupport  - Spring Data Redis - Could not safely identify store assignment for repository candidate interface cn.edu.sdu.java.server.repositorys.TeacherRepository; If you want this repository to be a Redis repository, consider annotating your entities with one of these annotations: org.springframework.data.redis.core.RedisHash (preferred), or consider extending one of the following types with your repository: org.springframework.data.keyvalue.repository.KeyValueRepository
2026-05-21 14:26:11,669 [main] INFO  o.s.d.r.c.RepositoryConfigurationExtensionSupport  - Spring Data Redis - Could not safely identify store assignment for repository candidate interface cn.edu.sdu.java.server.repositorys.UserRepository; If you want this repository to be a Redis repository, consider annotating your entities with one of these annotations: org.springframework.data.redis.core.RedisHash (preferred), or consider extending one of the following types with your repository: org.springframework.data.keyvalue.repository.KeyValueRepository
2026-05-21 14:26:11,669 [main] INFO  o.s.d.r.c.RepositoryConfigurationExtensionSupport  - Spring Data Redis - Could not safely identify store assignment for repository candidate interface cn.edu.sdu.java.server.repositorys.UserTypeRepository; If you want this repository to be a Redis repository, consider annotating your entities with one of these annotations: org.springframework.data.redis.core.RedisHash (preferred), or consider extending one of the following types with your repository: org.springframework.data.keyvalue.repository.KeyValueRepository
2026-05-21 14:26:11,670 [main] INFO  o.s.d.r.c.RepositoryConfigurationDelegate          - Finished Spring Data repository scanning in 12 ms. Found 0 Redis repository interfaces.
2026-05-21 14:26:12,088 [main] INFO  o.hibernate.jpa.internal.util.LogHelper            - HHH000204: Processing PersistenceUnitInfo [name: default]
2026-05-21 14:26:12,135 [main] INFO  org.hibernate.Version                              - HHH000412: Hibernate ORM core version 6.6.5.Final
2026-05-21 14:26:12,160 [main] INFO  o.h.c.internal.RegionFactoryInitiator              - HHH000026: Second-level cache disabled
2026-05-21 14:26:12,358 [main] INFO  o.s.o.j.p.SpringPersistenceUnitInfo                - No LoadTimeWeaver setup: ignoring JPA class transformer
2026-05-21 14:26:12,375 [main] INFO  com.zaxxer.hikari.HikariDataSource                 - HikariPool-1 - Starting...
2026-05-21 14:26:15,418 [main] INFO  com.zaxxer.hikari.pool.HikariPool                  - HikariPool-1 - Added connection com.mysql.cj.jdbc.ConnectionImpl@3c8758d1
2026-05-21 14:26:15,419 [main] INFO  com.zaxxer.hikari.HikariDataSource                 - HikariPool-1 - Start completed.
2026-05-21 14:26:15,478 [main] INFO  org.hibernate.orm.connections.pooling              - HHH10001005: Database info:
	Database JDBC URL [Connecting through datasource 'HikariDataSource (HikariPool-1)']
	Database driver: undefined/unknown
	Database version: 8.0.35
	Autocommit mode: undefined/unknown
	Isolation level: undefined/unknown
	Minimum pool size: undefined/unknown
	Maximum pool size: undefined/unknown
2026-05-21 14:26:16,228 [main] INFO  com.zaxxer.hikari.pool.HikariPool                  - HikariPool-1 - Added connection com.mysql.cj.jdbc.ConnectionImpl@575d48db
2026-05-21 14:26:16,230 [main] INFO  com.zaxxer.hikari.HikariDataSource                 - HikariPool-1 - Start completed.
2026-05-21 14:26:16,288 [main] INFO  org.hibernate.orm.connections.pooling              - HHH10001005: Database info:
	Database JDBC URL [Connecting through datasource 'HikariDataSource (HikariPool-1)']
	Database driver: undefined/unknown
	Database version: 8.0.35
	Autocommit mode: undefined/unknown
	Isolation level: undefined/unknown
	Minimum pool size: undefined/unknown
	Maximum pool size: undefined/unknown
2026-05-21 14:26:16,348 [main] INFO  o.h.e.t.j.p.i.JtaPlatformInitiator                 - HHH000489: No JTA platform available (set 'hibernate.transaction.jta.platform' to enable JTA platform integration)
2026-05-21 14:26:16,573 [main] INFO  o.s.o.j.LocalContainerEntityManagerFactoryBean     - Initialized JPA EntityManagerFactory for persistence unit 'default'
2026-05-21 14:26:16,854 [main] INFO  o.s.d.j.r.query.QueryEnhancerFactory               - Hibernate is in classpath; If applicable, HQL parser will be used.
2026-05-21 14:26:17,025 [main] INFO  com.zaxxer.hikari.pool.HikariPool                  - HikariPool-1 - Added connection com.mysql.cj.jdbc.ConnectionImpl@5da3f32a
2026-05-21 14:26:17,027 [main] INFO  com.zaxxer.hikari.HikariDataSource                 - HikariPool-1 - Start completed.
2026-05-21 14:26:17,103 [main] INFO  org.hibernate.orm.connections.pooling              - HHH10001005: Database info:
	Database JDBC URL [Connecting through datasource 'HikariDataSource (HikariPool-1)']
	Database driver: undefined/unknown
	Database version: 8.0.35
	Autocommit mode: undefined/unknown
	Isolation level: undefined/unknown
	Minimum pool size: undefined/unknown
	Maximum pool size: undefined/unknown
2026-05-21 14:26:17,236 [main] INFO  o.h.e.t.j.p.i.JtaPlatformInitiator                 - HHH000489: No JTA platform available (set 'hibernate.transaction.jta.platform' to enable JTA platform integration)
2026-05-21 14:26:17,379 [main] WARN  o.s.b.a.o.j.JpaBaseConfiguration$JpaWebConfiguration - spring.jpa.open-in-view is enabled by default. Therefore, database queries may be performed during view rendering. Explicitly configure spring.jpa.open-in-view to disable this warning
2026-05-21 14:26:17,436 [main] INFO  o.s.o.j.LocalContainerEntityManagerFactoryBean     - Initialized JPA EntityManagerFactory for persistence unit 'default'
2026-05-21 14:26:17,780 [main] INFO  o.s.d.j.r.query.QueryEnhancerFactory               - Hibernate is in classpath; If applicable, HQL parser will be used.
2026-05-21 14:26:17,790 [main] INFO  o.s.s.c.a.a.c.InitializeAuthenticationProviderBeanManagerConfigurer$InitializeAuthenticationProviderManagerConfigurer - Global AuthenticationManager configured with AuthenticationProvider bean with name authenticationProvider
2026-05-21 14:26:17,790 [main] WARN  o.s.s.c.a.a.c.InitializeUserDetailsBeanManagerConfigurer$InitializeUserDetailsManagerConfigurer - Global AuthenticationManager configured with an AuthenticationProvider bean. UserDetailsService beans will not be used by Spring Security for automatically configuring username/password login. Consider removing the AuthenticationProvider bean. Alternatively, consider using the UserDetailsService in a manually instantiated DaoAuthenticationProvider. If the current configuration is intentional, to turn off this warning, increase the logging level of 'org.springframework.security.config.annotation.authentication.configuration.InitializeUserDetailsBeanManagerConfigurer' to ERROR
2026-05-21 14:26:18,321 [main] INFO  o.h.e.t.j.p.i.JtaPlatformInitiator                 - HHH000489: No JTA platform available (set 'hibernate.transaction.jta.platform' to enable JTA platform integration)
2026-05-21 14:26:18,406 [main] WARN  o.s.b.a.o.j.JpaBaseConfiguration$JpaWebConfiguration - spring.jpa.open-in-view is enabled by default. Therefore, database queries may be performed during view rendering. Explicitly configure spring.jpa.open-in-view to disable this warning
2026-05-21 14:26:18,554 [main] INFO  o.s.b.a.w.s.WelcomePageHandlerMapping              - Adding welcome page: class path resource [public/index.html]
2026-05-21 14:26:18,564 [main] INFO  o.s.o.j.LocalContainerEntityManagerFactoryBean     - Initialized JPA EntityManagerFactory for persistence unit 'default'
2026-05-21 14:26:18,853 [main] INFO  o.s.s.c.a.a.c.InitializeAuthenticationProviderBeanManagerConfigurer$InitializeAuthenticationProviderManagerConfigurer - Global AuthenticationManager configured with AuthenticationProvider bean with name authenticationProvider
2026-05-21 14:26:18,854 [main] WARN  o.s.s.c.a.a.c.InitializeUserDetailsBeanManagerConfigurer$InitializeUserDetailsManagerConfigurer - Global AuthenticationManager configured with an AuthenticationProvider bean. UserDetailsService beans will not be used by Spring Security for automatically configuring username/password login. Consider removing the AuthenticationProvider bean. Alternatively, consider using the UserDetailsService in a manually instantiated DaoAuthenticationProvider. If the current configuration is intentional, to turn off this warning, increase the logging level of 'org.springframework.security.config.annotation.authentication.configuration.InitializeUserDetailsBeanManagerConfigurer' to ERROR
2026-05-21 14:26:18,941 [main] INFO  o.s.d.j.r.query.QueryEnhancerFactory               - Hibernate is in classpath; If applicable, HQL parser will be used.
2026-05-21 14:26:19,473 [main] INFO  c.e.s.j.s.JavaServerApplicationTests               - Started JavaServerApplicationTests in 10.932 seconds (process running for 11.649)
2026-05-21 14:26:19,477 [main] INFO  c.e.s.j.server.SystemApplicationListener           - org.springframework.boot.context.event.ApplicationReadyEvent[source=org.springframework.boot.SpringApplication@1f06fb09]
2026-05-21 14:26:19,477 [main] INFO  c.e.s.j.server.SystemApplicationListener           - SystemInitStart
2026-05-21 14:26:19,557 [main] WARN  o.s.b.a.o.j.JpaBaseConfiguration$JpaWebConfiguration - spring.jpa.open-in-view is enabled by default. Therefore, database queries may be performed during view rendering. Explicitly configure spring.jpa.open-in-view to disable this warning
2026-05-21 14:26:19,630 [main] INFO  o.s.b.a.w.s.WelcomePageHandlerMapping              - Adding welcome page: class path resource [public/index.html]
2026-05-21 14:26:19,690 [main] INFO  c.e.s.j.server.SystemApplicationListener           - systemInitEnd
2026-05-21 14:26:19,941 [main] INFO  o.s.s.c.a.a.c.InitializeAuthenticationProviderBeanManagerConfigurer$InitializeAuthenticationProviderManagerConfigurer - Global AuthenticationManager configured with AuthenticationProvider bean with name authenticationProvider
2026-05-21 14:26:19,941 [main] WARN  o.s.s.c.a.a.c.InitializeUserDetailsBeanManagerConfigurer$InitializeUserDetailsManagerConfigurer - Global AuthenticationManager configured with an AuthenticationProvider bean. UserDetailsService beans will not be used by Spring Security for automatically configuring username/password login. Consider removing the AuthenticationProvider bean. Alternatively, consider using the UserDetailsService in a manually instantiated DaoAuthenticationProvider. If the current configuration is intentional, to turn off this warning, increase the logging level of 'org.springframework.security.config.annotation.authentication.configuration.InitializeUserDetailsBeanManagerConfigurer' to ERROR
2026-05-21 14:26:20,382 [main] INFO  c.e.s.j.s.JavaServerApplicationTests               - Started JavaServerApplicationTests in 11.071 seconds (process running for 11.809)
2026-05-21 14:26:20,388 [main] INFO  c.e.s.j.server.SystemApplicationListener           - org.springframework.boot.context.event.ApplicationReadyEvent[source=org.springframework.boot.SpringApplication@2f3b4de2]
2026-05-21 14:26:20,388 [main] INFO  c.e.s.j.server.SystemApplicationListener           - SystemInitStart
2026-05-21 14:26:20,558 [main] INFO  c.e.s.j.server.SystemApplicationListener           - systemInitEnd
2026-05-21 14:26:20,625 [main] INFO  o.s.b.a.w.s.WelcomePageHandlerMapping              - Adding welcome page: class path resource [public/index.html]
2026-05-21 14:26:21,243 [main] INFO  c.e.s.j.s.JavaServerApplicationTests               - Started JavaServerApplicationTests in 10.842 seconds (process running for 11.766)
2026-05-21 14:26:21,247 [main] INFO  c.e.s.j.server.SystemApplicationListener           - org.springframework.boot.context.event.ApplicationReadyEvent[source=org.springframework.boot.SpringApplication@40c6afcf]
2026-05-21 14:26:21,247 [main] INFO  c.e.s.j.server.SystemApplicationListener           - SystemInitStart
2026-05-21 14:26:21,400 [main] INFO  c.e.s.j.server.SystemApplicationListener           - systemInitEnd
2026-05-21 14:26:22,868 [SpringApplicationShutdownHook] INFO  o.s.o.j.LocalContainerEntityManagerFactoryBean     - Closing JPA EntityManagerFactory for persistence unit 'default'
2026-05-21 14:26:22,869 [SpringApplicationShutdownHook] INFO  com.zaxxer.hikari.HikariDataSource                 - HikariPool-1 - Shutdown initiated...
2026-05-21 14:26:22,873 [SpringApplicationShutdownHook] INFO  com.zaxxer.hikari.HikariDataSource                 - HikariPool-1 - Shutdown completed.
2026-05-21 14:26:23,889 [SpringApplicationShutdownHook] INFO  o.s.o.j.LocalContainerEntityManagerFactoryBean     - Closing JPA EntityManagerFactory for persistence unit 'default'
2026-05-21 14:26:23,889 [SpringApplicationShutdownHook] INFO  com.zaxxer.hikari.HikariDataSource                 - HikariPool-1 - Shutdown initiated...
2026-05-21 14:26:23,893 [SpringApplicationShutdownHook] INFO  com.zaxxer.hikari.HikariDataSource                 - HikariPool-1 - Shutdown completed.
2026-05-21 14:26:24,011 [SpringApplicationShutdownHook] INFO  o.s.o.j.LocalContainerEntityManagerFactoryBean     - Closing JPA EntityManagerFactory for persistence unit 'default'
2026-05-21 14:26:24,013 [SpringApplicationShutdownHook] INFO  com.zaxxer.hikari.HikariDataSource                 - HikariPool-1 - Shutdown initiated...
2026-05-21 14:26:24,017 [SpringApplicationShutdownHook] INFO  com.zaxxer.hikari.HikariDataSource                 - HikariPool-1 - Shutdown completed.
2026-05-21 14:26:48,236 [background-preinit] INFO  o.h.validator.internal.util.Version                - HV000001: Hibernate Validator 8.0.2.Final
2026-05-21 14:26:48,286 [main] INFO  c.e.s.java.server.JavaServerApplication            - Starting JavaServerApplication using Java 21.0.5 with PID 40180 (C:\Users\26796\Desktop\java-server - 副本 (2)\target\classes started by 26796 in C:\Users\26796\Desktop\java-server - 副本 (2))
2026-05-21 14:26:48,286 [main] INFO  c.e.s.java.server.JavaServerApplication            - No active profile set, falling back to 1 default profile: "default"
2026-05-21 14:26:48,987 [main] INFO  o.s.d.r.c.RepositoryConfigurationDelegate          - Multiple Spring Data modules found, entering strict repository configuration mode
2026-05-21 14:26:48,988 [main] INFO  o.s.d.r.c.RepositoryConfigurationDelegate          - Bootstrapping Spring Data JPA repositories in DEFAULT mode.
2026-05-21 14:26:49,140 [main] INFO  o.s.d.r.c.RepositoryConfigurationDelegate          - Finished Spring Data repository scanning in 142 ms. Found 32 JPA repository interfaces.
2026-05-21 14:26:49,168 [main] INFO  o.s.d.r.c.RepositoryConfigurationDelegate          - Multiple Spring Data modules found, entering strict repository configuration mode
2026-05-21 14:26:49,170 [main] INFO  o.s.d.r.c.RepositoryConfigurationDelegate          - Bootstrapping Spring Data Redis repositories in DEFAULT mode.
2026-05-21 14:26:49,184 [main] INFO  o.s.d.r.c.RepositoryConfigurationExtensionSupport  - Spring Data Redis - Could not safely identify store assignment for repository candidate interface cn.edu.sdu.java.server.repositorys.AnswerRepository; If you want this repository to be a Redis repository, consider annotating your entities with one of these annotations: org.springframework.data.redis.core.RedisHash (preferred), or consider extending one of the following types with your repository: org.springframework.data.keyvalue.repository.KeyValueRepository
2026-05-21 14:26:49,184 [main] INFO  o.s.d.r.c.RepositoryConfigurationExtensionSupport  - Spring Data Redis - Could not safely identify store assignment for repository candidate interface cn.edu.sdu.java.server.repositorys.CourseRepository; If you want this repository to be a Redis repository, consider annotating your entities with one of these annotations: org.springframework.data.redis.core.RedisHash (preferred), or consider extending one of the following types with your repository: org.springframework.data.keyvalue.repository.KeyValueRepository
2026-05-21 14:26:49,184 [main] INFO  o.s.d.r.c.RepositoryConfigurationExtensionSupport  - Spring Data Redis - Could not safely identify store assignment for repository candidate interface cn.edu.sdu.java.server.repositorys.DictionaryInfoRepository; If you want this repository to be a Redis repository, consider annotating your entities with one of these annotations: org.springframework.data.redis.core.RedisHash (preferred), or consider extending one of the following types with your repository: org.springframework.data.keyvalue.repository.KeyValueRepository
2026-05-21 14:26:49,185 [main] INFO  o.s.d.r.c.RepositoryConfigurationExtensionSupport  - Spring Data Redis - Could not safely identify store assignment for repository candidate interface cn.edu.sdu.java.server.repositorys.FamilyMemberRepository; If you want this repository to be a Redis repository, consider annotating your entities with one of these annotations: org.springframework.data.redis.core.RedisHash (preferred), or consider extending one of the following types with your repository: org.springframework.data.keyvalue.repository.KeyValueRepository
2026-05-21 14:26:49,185 [main] INFO  o.s.d.r.c.RepositoryConfigurationExtensionSupport  - Spring Data Redis - Could not safely identify store assignment for repository candidate interface cn.edu.sdu.java.server.repositorys.FeeRepository; If you want this repository to be a Redis repository, consider annotating your entities with one of these annotations: org.springframework.data.redis.core.RedisHash (preferred), or consider extending one of the following types with your repository: org.springframework.data.keyvalue.repository.KeyValueRepository
2026-05-21 14:26:49,185 [main] INFO  o.s.d.r.c.RepositoryConfigurationExtensionSupport  - Spring Data Redis - Could not safely identify store assignment for repository candidate interface cn.edu.sdu.java.server.repositorys.KeyTopicRepository; If you want this repository to be a Redis repository, consider annotating your entities with one of these annotations: org.springframework.data.redis.core.RedisHash (preferred), or consider extending one of the following types with your repository: org.springframework.data.keyvalue.repository.KeyValueRepository
2026-05-21 14:26:49,185 [main] INFO  o.s.d.r.c.RepositoryConfigurationExtensionSupport  - Spring Data Redis - Could not safely identify store assignment for repository candidate interface cn.edu.sdu.java.server.repositorys.MenuInfoRepository; If you want this repository to be a Redis repository, consider annotating your entities with one of these annotations: org.springframework.data.redis.core.RedisHash (preferred), or consider extending one of the following types with your repository: org.springframework.data.keyvalue.repository.KeyValueRepository
2026-05-21 14:26:49,185 [main] INFO  o.s.d.r.c.RepositoryConfigurationExtensionSupport  - Spring Data Redis - Could not safely identify store assignment for repository candidate interface cn.edu.sdu.java.server.repositorys.ModifyLogRepository; If you want this repository to be a Redis repository, consider annotating your entities with one of these annotations: org.springframework.data.redis.core.RedisHash (preferred), or consider extending one of the following types with your repository: org.springframework.data.keyvalue.repository.KeyValueRepository
2026-05-21 14:26:49,185 [main] INFO  o.s.d.r.c.RepositoryConfigurationExtensionSupport  - Spring Data Redis - Could not safely identify store assignment for repository candidate interface cn.edu.sdu.java.server.repositorys.NoticeReadRepository; If you want this repository to be a Redis repository, consider annotating your entities with one of these annotations: org.springframework.data.redis.core.RedisHash (preferred), or consider extending one of the following types with your repository: org.springframework.data.keyvalue.repository.KeyValueRepository
2026-05-21 14:26:49,185 [main] INFO  o.s.d.r.c.RepositoryConfigurationExtensionSupport  - Spring Data Redis - Could not safely identify store assignment for repository candidate interface cn.edu.sdu.java.server.repositorys.NoticeRepository; If you want this repository to be a Redis repository, consider annotating your entities with one of these annotations: org.springframework.data.redis.core.RedisHash (preferred), or consider extending one of the following types with your repository: org.springframework.data.keyvalue.repository.KeyValueRepository
2026-05-21 14:26:49,186 [main] INFO  o.s.d.r.c.RepositoryConfigurationExtensionSupport  - Spring Data Redis - Could not safely identify store assignment for repository candidate interface cn.edu.sdu.java.server.repositorys.NoticeTargetRepository; If you want this repository to be a Redis repository, consider annotating your entities with one of these annotations: org.springframework.data.redis.core.RedisHash (preferred), or consider extending one of the following types with your repository: org.springframework.data.keyvalue.repository.KeyValueRepository
2026-05-21 14:26:49,187 [main] INFO  o.s.d.r.c.RepositoryConfigurationExtensionSupport  - Spring Data Redis - Could not safely identify store assignment for repository candidate interface cn.edu.sdu.java.server.repositorys.PersonRepository; If you want this repository to be a Redis repository, consider annotating your entities with one of these annotations: org.springframework.data.redis.core.RedisHash (preferred), or consider extending one of the following types with your repository: org.springframework.data.keyvalue.repository.KeyValueRepository
2026-05-21 14:26:49,187 [main] INFO  o.s.d.r.c.RepositoryConfigurationExtensionSupport  - Spring Data Redis - Could not safely identify store assignment for repository candidate interface cn.edu.sdu.java.server.repositorys.PracticeMemberRepository; If you want this repository to be a Redis repository, consider annotating your entities with one of these annotations: org.springframework.data.redis.core.RedisHash (preferred), or consider extending one of the following types with your repository: org.springframework.data.keyvalue.repository.KeyValueRepository
2026-05-21 14:26:49,187 [main] INFO  o.s.d.r.c.RepositoryConfigurationExtensionSupport  - Spring Data Redis - Could not safely identify store assignment for repository candidate interface cn.edu.sdu.java.server.repositorys.PracticeProjectRepository; If you want this repository to be a Redis repository, consider annotating your entities with one of these annotations: org.springframework.data.redis.core.RedisHash (preferred), or consider extending one of the following types with your repository: org.springframework.data.keyvalue.repository.KeyValueRepository
2026-05-21 14:26:49,187 [main] INFO  o.s.d.r.c.RepositoryConfigurationExtensionSupport  - Spring Data Redis - Could not safely identify store assignment for repository candidate interface cn.edu.sdu.java.server.repositorys.PracticeReviewRepository; If you want this repository to be a Redis repository, consider annotating your entities with one of these annotations: org.springframework.data.redis.core.RedisHash (preferred), or consider extending one of the following types with your repository: org.springframework.data.keyvalue.repository.KeyValueRepository
2026-05-21 14:26:49,187 [main] INFO  o.s.d.r.c.RepositoryConfigurationExtensionSupport  - Spring Data Redis - Could not safely identify store assignment for repository candidate interface cn.edu.sdu.java.server.repositorys.PracticeSummaryRepository; If you want this repository to be a Redis repository, consider annotating your entities with one of these annotations: org.springframework.data.redis.core.RedisHash (preferred), or consider extending one of the following types with your repository: org.springframework.data.keyvalue.repository.KeyValueRepository
2026-05-21 14:26:49,187 [main] INFO  o.s.d.r.c.RepositoryConfigurationExtensionSupport  - Spring Data Redis - Could not safely identify store assignment for repository candidate interface cn.edu.sdu.java.server.repositorys.QuestionnaireRepository; If you want this repository to be a Redis repository, consider annotating your entities with one of these annotations: org.springframework.data.redis.core.RedisHash (preferred), or consider extending one of the following types with your repository: org.springframework.data.keyvalue.repository.KeyValueRepository
2026-05-21 14:26:49,187 [main] INFO  o.s.d.r.c.RepositoryConfigurationExtensionSupport  - Spring Data Redis - Could not safely identify store assignment for repository candidate interface cn.edu.sdu.java.server.repositorys.QuestionOptionRepository; If you want this repository to be a Redis repository, consider annotating your entities with one of these annotations: org.springframework.data.redis.core.RedisHash (preferred), or consider extending one of the following types with your repository: org.springframework.data.keyvalue.repository.KeyValueRepository
2026-05-21 14:26:49,188 [main] INFO  o.s.d.r.c.RepositoryConfigurationExtensionSupport  - Spring Data Redis - Could not safely identify store assignment for repository candidate interface cn.edu.sdu.java.server.repositorys.QuestionRepository; If you want this repository to be a Redis repository, consider annotating your entities with one of these annotations: org.springframework.data.redis.core.RedisHash (preferred), or consider extending one of the following types with your repository: org.springframework.data.keyvalue.repository.KeyValueRepository
2026-05-21 14:26:49,188 [main] INFO  o.s.d.r.c.RepositoryConfigurationExtensionSupport  - Spring Data Redis - Could not safely identify store assignment for repository candidate interface cn.edu.sdu.java.server.repositorys.ResponseRepository; If you want this repository to be a Redis repository, consider annotating your entities with one of these annotations: org.springframework.data.redis.core.RedisHash (preferred), or consider extending one of the following types with your repository: org.springframework.data.keyvalue.repository.KeyValueRepository
2026-05-21 14:26:49,188 [main] INFO  o.s.d.r.c.RepositoryConfigurationExtensionSupport  - Spring Data Redis - Could not safely identify store assignment for repository candidate interface cn.edu.sdu.java.server.repositorys.SchoolBusCampusRepository; If you want this repository to be a Redis repository, consider annotating your entities with one of these annotations: org.springframework.data.redis.core.RedisHash (preferred), or consider extending one of the following types with your repository: org.springframework.data.keyvalue.repository.KeyValueRepository
2026-05-21 14:26:49,188 [main] INFO  o.s.d.r.c.RepositoryConfigurationExtensionSupport  - Spring Data Redis - Could not safely identify store assignment for repository candidate interface cn.edu.sdu.java.server.repositorys.SchoolBusReservationRepository; If you want this repository to be a Redis repository, consider annotating your entities with one of these annotations: org.springframework.data.redis.core.RedisHash (preferred), or consider extending one of the following types with your repository: org.springframework.data.keyvalue.repository.KeyValueRepository
2026-05-21 14:26:49,188 [main] INFO  o.s.d.r.c.RepositoryConfigurationExtensionSupport  - Spring Data Redis - Could not safely identify store assignment for repository candidate interface cn.edu.sdu.java.server.repositorys.SchoolBusScheduleRepository; If you want this repository to be a Redis repository, consider annotating your entities with one of these annotations: org.springframework.data.redis.core.RedisHash (preferred), or consider extending one of the following types with your repository: org.springframework.data.keyvalue.repository.KeyValueRepository
2026-05-21 14:26:49,190 [main] INFO  o.s.d.r.c.RepositoryConfigurationExtensionSupport  - Spring Data Redis - Could not safely identify store assignment for repository candidate interface cn.edu.sdu.java.server.repositorys.ScoreRepository; If you want this repository to be a Redis repository, consider annotating your entities with one of these annotations: org.springframework.data.redis.core.RedisHash (preferred), or consider extending one of the following types with your repository: org.springframework.data.keyvalue.repository.KeyValueRepository
2026-05-21 14:26:49,190 [main] INFO  o.s.d.r.c.RepositoryConfigurationExtensionSupport  - Spring Data Redis - Could not safely identify store assignment for repository candidate interface cn.edu.sdu.java.server.repositorys.StatisticsDayRepository; If you want this repository to be a Redis repository, consider annotating your entities with one of these annotations: org.springframework.data.redis.core.RedisHash (preferred), or consider extending one of the following types with your repository: org.springframework.data.keyvalue.repository.KeyValueRepository
2026-05-21 14:26:49,190 [main] INFO  o.s.d.r.c.RepositoryConfigurationExtensionSupport  - Spring Data Redis - Could not safely identify store assignment for repository candidate interface cn.edu.sdu.java.server.repositorys.StudentLeaveRepository; If you want this repository to be a Redis repository, consider annotating your entities with one of these annotations: org.springframework.data.redis.core.RedisHash (preferred), or consider extending one of the following types with your repository: org.springframework.data.keyvalue.repository.KeyValueRepository
2026-05-21 14:26:49,191 [main] INFO  o.s.d.r.c.RepositoryConfigurationExtensionSupport  - Spring Data Redis - Could not safely identify store assignment for repository candidate interface cn.edu.sdu.java.server.repositorys.StudentRepository; If you want this repository to be a Redis repository, consider annotating your entities with one of these annotations: org.springframework.data.redis.core.RedisHash (preferred), or consider extending one of the following types with your repository: org.springframework.data.keyvalue.repository.KeyValueRepository
2026-05-21 14:26:49,191 [main] INFO  o.s.d.r.c.RepositoryConfigurationExtensionSupport  - Spring Data Redis - Could not safely identify store assignment for repository candidate interface cn.edu.sdu.java.server.repositorys.StudentStatisticsRepository; If you want this repository to be a Redis repository, consider annotating your entities with one of these annotations: org.springframework.data.redis.core.RedisHash (preferred), or consider extending one of the following types with your repository: org.springframework.data.keyvalue.repository.KeyValueRepository
2026-05-21 14:26:49,191 [main] INFO  o.s.d.r.c.RepositoryConfigurationExtensionSupport  - Spring Data Redis - Could not safely identify store assignment for repository candidate interface cn.edu.sdu.java.server.repositorys.SystemInfoRepository; If you want this repository to be a Redis repository, consider annotating your entities with one of these annotations: org.springframework.data.redis.core.RedisHash (preferred), or consider extending one of the following types with your repository: org.springframework.data.keyvalue.repository.KeyValueRepository
2026-05-21 14:26:49,191 [main] INFO  o.s.d.r.c.RepositoryConfigurationExtensionSupport  - Spring Data Redis - Could not safely identify store assignment for repository candidate interface cn.edu.sdu.java.server.repositorys.TeacherRepository; If you want this repository to be a Redis repository, consider annotating your entities with one of these annotations: org.springframework.data.redis.core.RedisHash (preferred), or consider extending one of the following types with your repository: org.springframework.data.keyvalue.repository.KeyValueRepository
2026-05-21 14:26:49,191 [main] INFO  o.s.d.r.c.RepositoryConfigurationExtensionSupport  - Spring Data Redis - Could not safely identify store assignment for repository candidate interface cn.edu.sdu.java.server.repositorys.UserRepository; If you want this repository to be a Redis repository, consider annotating your entities with one of these annotations: org.springframework.data.redis.core.RedisHash (preferred), or consider extending one of the following types with your repository: org.springframework.data.keyvalue.repository.KeyValueRepository
2026-05-21 14:26:49,191 [main] INFO  o.s.d.r.c.RepositoryConfigurationExtensionSupport  - Spring Data Redis - Could not safely identify store assignment for repository candidate interface cn.edu.sdu.java.server.repositorys.UserTypeRepository; If you want this repository to be a Redis repository, consider annotating your entities with one of these annotations: org.springframework.data.redis.core.RedisHash (preferred), or consider extending one of the following types with your repository: org.springframework.data.keyvalue.repository.KeyValueRepository
2026-05-21 14:26:49,191 [main] INFO  o.s.d.r.c.RepositoryConfigurationDelegate          - Finished Spring Data repository scanning in 15 ms. Found 0 Redis repository interfaces.
2026-05-21 14:26:49,799 [main] INFO  o.s.b.w.embedded.tomcat.TomcatWebServer            - Tomcat initialized with port 22222 (http)
2026-05-21 14:26:49,808 [main] INFO  o.apache.coyote.http11.Http11NioProtocol           - Initializing ProtocolHandler ["http-nio-22222"]
2026-05-21 14:26:49,811 [main] INFO  o.apache.catalina.core.StandardService             - Starting service [Tomcat]
2026-05-21 14:26:49,811 [main] INFO  org.apache.catalina.core.StandardEngine            - Starting Servlet engine: [Apache Tomcat/10.1.34]
2026-05-21 14:26:49,878 [main] INFO  o.a.c.c.C.[Tomcat].[localhost].[/]                 - Initializing Spring embedded WebApplicationContext
2026-05-21 14:26:49,878 [main] INFO  o.s.b.w.s.c.ServletWebServerApplicationContext     - Root WebApplicationContext: initialization completed in 1558 ms
2026-05-21 14:26:50,047 [main] INFO  o.hibernate.jpa.internal.util.LogHelper            - HHH000204: Processing PersistenceUnitInfo [name: default]
2026-05-21 14:26:50,101 [main] INFO  org.hibernate.Version                              - HHH000412: Hibernate ORM core version 6.6.5.Final
2026-05-21 14:26:50,134 [main] INFO  o.h.c.internal.RegionFactoryInitiator              - HHH000026: Second-level cache disabled
2026-05-21 14:26:50,314 [main] INFO  o.s.o.j.p.SpringPersistenceUnitInfo                - No LoadTimeWeaver setup: ignoring JPA class transformer
2026-05-21 14:26:50,330 [main] INFO  com.zaxxer.hikari.HikariDataSource                 - HikariPool-1 - Starting...
2026-05-21 14:26:54,983 [main] INFO  com.zaxxer.hikari.pool.HikariPool                  - HikariPool-1 - Added connection com.mysql.cj.jdbc.ConnectionImpl@5600a278
2026-05-21 14:26:54,984 [main] INFO  com.zaxxer.hikari.HikariDataSource                 - HikariPool-1 - Start completed.
2026-05-21 14:26:55,044 [main] INFO  org.hibernate.orm.connections.pooling              - HHH10001005: Database info:
	Database JDBC URL [Connecting through datasource 'HikariDataSource (HikariPool-1)']
	Database driver: undefined/unknown
	Database version: 8.0.35
	Autocommit mode: undefined/unknown
	Isolation level: undefined/unknown
	Minimum pool size: undefined/unknown
	Maximum pool size: undefined/unknown
2026-05-21 14:26:55,965 [main] INFO  o.h.e.t.j.p.i.JtaPlatformInitiator                 - HHH000489: No JTA platform available (set 'hibernate.transaction.jta.platform' to enable JTA platform integration)
2026-05-21 14:26:56,198 [main] INFO  o.s.o.j.LocalContainerEntityManagerFactoryBean     - Initialized JPA EntityManagerFactory for persistence unit 'default'
2026-05-21 14:26:56,504 [main] INFO  o.s.d.j.r.query.QueryEnhancerFactory               - Hibernate is in classpath; If applicable, HQL parser will be used.
2026-05-21 14:26:57,034 [main] WARN  o.s.b.a.o.j.JpaBaseConfiguration$JpaWebConfiguration - spring.jpa.open-in-view is enabled by default. Therefore, database queries may be performed during view rendering. Explicitly configure spring.jpa.open-in-view to disable this warning
2026-05-21 14:26:57,345 [main] INFO  o.s.s.c.a.a.c.InitializeAuthenticationProviderBeanManagerConfigurer$InitializeAuthenticationProviderManagerConfigurer - Global AuthenticationManager configured with AuthenticationProvider bean with name authenticationProvider
2026-05-21 14:26:57,345 [main] WARN  o.s.s.c.a.a.c.InitializeUserDetailsBeanManagerConfigurer$InitializeUserDetailsManagerConfigurer - Global AuthenticationManager configured with an AuthenticationProvider bean. UserDetailsService beans will not be used by Spring Security for automatically configuring username/password login. Consider removing the AuthenticationProvider bean. Alternatively, consider using the UserDetailsService in a manually instantiated DaoAuthenticationProvider. If the current configuration is intentional, to turn off this warning, increase the logging level of 'org.springframework.security.config.annotation.authentication.configuration.InitializeUserDetailsBeanManagerConfigurer' to ERROR
2026-05-21 14:26:58,057 [main] INFO  o.s.b.a.w.s.WelcomePageHandlerMapping              - Adding welcome page: class path resource [public/index.html]
2026-05-21 14:26:58,669 [main] INFO  o.apache.coyote.http11.Http11NioProtocol           - Starting ProtocolHandler ["http-nio-22222"]
2026-05-21 14:26:58,687 [main] INFO  o.s.b.w.embedded.tomcat.TomcatWebServer            - Tomcat started on port 22222 (http) with context path '/'
2026-05-21 14:26:58,693 [main] INFO  c.e.s.java.server.JavaServerApplication            - Started JavaServerApplication in 10.807 seconds (process running for 11.07)
2026-05-21 14:26:58,697 [main] INFO  c.e.s.j.server.SystemApplicationListener           - org.springframework.boot.context.event.ApplicationReadyEvent[source=org.springframework.boot.SpringApplication@5fdebcdb]
2026-05-21 14:26:58,699 [main] INFO  c.e.s.j.server.SystemApplicationListener           - SystemInitStart
2026-05-21 14:26:58,858 [main] INFO  c.e.s.j.server.SystemApplicationListener           - systemInitEnd
2026-05-21 14:32:22,064 [http-nio-22222-exec-1] INFO  o.a.c.c.C.[Tomcat].[localhost].[/]                 - Initializing Spring DispatcherServlet 'dispatcherServlet'
2026-05-21 14:32:22,065 [http-nio-22222-exec-1] INFO  o.s.web.servlet.DispatcherServlet                  - Initializing Servlet 'dispatcherServlet'
2026-05-21 14:32:22,066 [http-nio-22222-exec-1] INFO  o.s.web.servlet.DispatcherServlet                  - Completed initialization in 1 ms
2026-05-21 14:32:22,499 [http-nio-22222-exec-2] INFO  c.e.s.j.s.c.JwtAuthenticationFilter                - /api/base/getDataBaseUserName,admin,2026-05-21 14:32:22,0.048
2026-05-21 14:32:22,673 [http-nio-22222-exec-3] INFO  c.e.s.j.s.c.JwtAuthenticationFilter                - /api/base/getMenuList,admin,2026-05-21 14:32:22,0.168
2026-05-21 14:32:24,392 [http-nio-22222-exec-5] INFO  c.e.s.j.s.c.JwtAuthenticationFilter                - /api/schoolbus/getCampusList,admin,2026-05-21 14:32:24,0.041
2026-05-21 14:32:24,443 [http-nio-22222-exec-8] INFO  c.e.s.j.s.c.JwtAuthenticationFilter                - /api/schoolbus/getAllSchedules,admin,2026-05-21 14:32:24,0.045
2026-05-21 14:32:24,497 [http-nio-22222-exec-4] INFO  c.e.s.j.s.c.JwtAuthenticationFilter                - /api/schoolbus/getAllSchedules,admin,2026-05-21 14:32:24,0.044
2026-05-21 14:32:27,554 [http-nio-22222-exec-2] INFO  c.e.s.j.s.c.JwtAuthenticationFilter                - /api/schoolbus/getScheduleReservations,admin,2026-05-21 14:32:27,0.08
2026-05-21 14:32:34,598 [http-nio-22222-exec-3] INFO  c.e.s.j.s.c.JwtAuthenticationFilter                - /api/schoolbus/getScheduleReservations,admin,2026-05-21 14:32:34,0.075
2026-05-21 14:32:41,718 [http-nio-22222-exec-8] INFO  c.e.s.j.s.c.JwtAuthenticationFilter                - /api/base/getDataBaseUserName,2022030001,2026-05-21 14:32:41,0.062
2026-05-21 14:32:42,084 [http-nio-22222-exec-4] INFO  c.e.s.j.s.c.JwtAuthenticationFilter                - /api/base/getMenuList,2022030001,2026-05-21 14:32:41,0.362
2026-05-21 14:32:51,085 [http-nio-22222-exec-1] INFO  c.e.s.j.s.c.JwtAuthenticationFilter                - /api/base/getDataBaseUserName,2022030001,2026-05-21 14:32:51,0.04
2026-05-21 14:32:51,244 [http-nio-22222-exec-6] INFO  c.e.s.j.s.c.JwtAuthenticationFilter                - /api/base/getMenuList,2022030001,2026-05-21 14:32:51,0.154
2026-05-21 14:32:58,506 [http-nio-22222-exec-4] INFO  c.e.s.j.s.c.JwtAuthenticationFilter                - /api/schoolbus/getCampusList,2022030001,2026-05-21 14:32:58,0.033
2026-05-21 14:32:58,651 [http-nio-22222-exec-7] INFO  c.e.s.j.s.c.JwtAuthenticationFilter                - /api/schoolbus/getMyReservations,2022030001,2026-05-21 14:32:58,0.139
2026-05-21 14:32:58,815 [http-nio-22222-exec-1] INFO  c.e.s.j.s.c.JwtAuthenticationFilter                - /api/schoolbus/getMyReservations,2022030001,2026-05-21 14:32:58,0.155
2026-05-21 14:32:59,053 [http-nio-22222-exec-9] INFO  c.e.s.j.s.c.JwtAuthenticationFilter                - /api/schoolbus/getCampusList,2022030001,2026-05-21 14:32:58,0.071
2026-05-21 14:32:59,119 [http-nio-22222-exec-10] INFO  c.e.s.j.s.c.JwtAuthenticationFilter                - /api/schoolbus/getActiveSchedules,2022030001,2026-05-21 14:32:59,0.059
2026-05-21 14:32:59,262 [http-nio-22222-exec-8] INFO  c.e.s.j.s.c.JwtAuthenticationFilter                - /api/schoolbus/getMyReservations,2022030001,2026-05-21 14:32:59,0.136
2026-05-21 14:32:59,323 [http-nio-22222-exec-5] INFO  c.e.s.j.s.c.JwtAuthenticationFilter                - /api/schoolbus/getActiveSchedules,2022030001,2026-05-21 14:32:59,0.054
2026-05-21 14:33:00,548 [http-nio-22222-exec-2] INFO  c.e.s.j.s.c.JwtAuthenticationFilter                - /api/schoolbus/getActiveSchedules,2022030001,2026-05-21 14:33:00,0.033
2026-05-21 14:33:00,649 [http-nio-22222-exec-3] INFO  c.e.s.j.s.c.JwtAuthenticationFilter                - /api/schoolbus/getMyReservations,2022030001,2026-05-21 14:33:00,0.097
2026-05-21 14:33:14,196 [http-nio-22222-exec-8] INFO  c.e.s.j.s.c.JwtAuthenticationFilter                - /api/schoolbus/getMyReservations,2022030001,2026-05-21 14:33:14,0.091
2026-05-21 14:55:08,676 [http-nio-22222-exec-4] INFO  c.e.s.j.s.c.JwtAuthenticationFilter                - /api/base/getDataBaseUserName,admin,2026-05-21 14:55:08,0.022
2026-05-21 14:55:08,816 [http-nio-22222-exec-6] INFO  c.e.s.j.s.c.JwtAuthenticationFilter                - /api/base/getMenuList,admin,2026-05-21 14:55:08,0.133
2026-05-21 14:55:11,182 [http-nio-22222-exec-2] INFO  c.e.s.j.s.c.JwtAuthenticationFilter                - /api/schoolbus/getCampusList,admin,2026-05-21 14:55:11,0.032
2026-05-21 14:55:11,225 [http-nio-22222-exec-3] INFO  c.e.s.j.s.c.JwtAuthenticationFilter                - /api/schoolbus/getAllSchedules,admin,2026-05-21 14:55:11,0.039
2026-05-21 14:55:11,359 [http-nio-22222-exec-10] INFO  c.e.s.j.s.c.JwtAuthenticationFilter                - /api/schoolbus/getAllSchedules,admin,2026-05-21 14:55:11,0.124
2026-05-21 14:55:14,438 [http-nio-22222-exec-4] INFO  c.e.s.j.s.c.JwtAuthenticationFilter                - /api/schoolbus/getScheduleReservations,admin,2026-05-21 14:55:14,0.064
2026-05-21 14:55:19,651 [http-nio-22222-exec-2] INFO  c.e.s.j.s.c.JwtAuthenticationFilter                - /api/base/getDataBaseUserName,2022030001,2026-05-21 14:55:19,0.018
2026-05-21 14:55:19,752 [http-nio-22222-exec-3] INFO  c.e.s.j.s.c.JwtAuthenticationFilter                - /api/base/getMenuList,2022030001,2026-05-21 14:55:19,0.096
2026-05-21 14:55:23,216 [http-nio-22222-exec-10] INFO  c.e.s.j.s.c.JwtAuthenticationFilter                - /api/schoolbus/getCampusList,2022030001,2026-05-21 14:55:23,0.027
2026-05-21 14:55:23,323 [http-nio-22222-exec-8] INFO  c.e.s.j.s.c.JwtAuthenticationFilter                - /api/schoolbus/getMyReservations,2022030001,2026-05-21 14:55:23,0.099
2026-05-21 14:55:23,417 [http-nio-22222-exec-9] INFO  c.e.s.j.s.c.JwtAuthenticationFilter                - /api/schoolbus/getMyReservations,2022030001,2026-05-21 14:55:23,0.087
2026-05-21 14:55:28,530 [http-nio-22222-exec-3] INFO  c.e.s.j.s.c.JwtAuthenticationFilter                - /api/schoolbus/cancelReservation,2022030001,2026-05-21 14:55:28,0.263
2026-05-21 14:55:28,637 [http-nio-22222-exec-10] INFO  c.e.s.j.s.c.JwtAuthenticationFilter                - /api/schoolbus/getMyReservations,2022030001,2026-05-21 14:55:28,0.089
2026-05-21 14:55:32,195 [http-nio-22222-exec-8] INFO  c.e.s.j.s.c.JwtAuthenticationFilter                - /api/schoolbus/getMyReservations,2022030001,2026-05-21 14:55:32,0.097
2026-05-21 14:55:33,229 [http-nio-22222-exec-9] INFO  c.e.s.j.s.c.JwtAuthenticationFilter                - /api/schoolbus/getMyReservations,2022030001,2026-05-21 14:55:33,0.087
2026-05-21 14:55:33,920 [http-nio-22222-exec-6] INFO  c.e.s.j.s.c.JwtAuthenticationFilter                - /api/schoolbus/getMyReservations,2022030001,2026-05-21 14:55:33,0.097
2026-05-21 14:55:34,186 [http-nio-22222-exec-1] INFO  c.e.s.j.s.c.JwtAuthenticationFilter                - /api/schoolbus/getMyReservations,2022030001,2026-05-21 14:55:34,0.084
2026-05-21 14:55:36,152 [http-nio-22222-exec-4] INFO  c.e.s.j.s.c.JwtAuthenticationFilter                - /api/schoolbus/getMyReservations,2022030001,2026-05-21 14:55:36,0.107
2026-05-21 14:55:36,703 [http-nio-22222-exec-5] INFO  c.e.s.j.s.c.JwtAuthenticationFilter                - /api/schoolbus/getMyReservations,2022030001,2026-05-21 14:55:36,0.095
2026-05-21 14:55:43,012 [http-nio-22222-exec-2] INFO  c.e.s.j.s.c.JwtAuthenticationFilter                - /api/base/getDataBaseUserName,admin,2026-05-21 14:55:42,0.024
2026-05-21 14:55:43,134 [http-nio-22222-exec-3] INFO  c.e.s.j.s.c.JwtAuthenticationFilter                - /api/base/getMenuList,admin,2026-05-21 14:55:43,0.117
2026-05-21 14:55:45,893 [http-nio-22222-exec-6] INFO  c.e.s.j.s.c.JwtAuthenticationFilter                - /api/schoolbus/getCampusList,admin,2026-05-21 14:55:45,0.03
2026-05-21 14:55:45,938 [http-nio-22222-exec-8] INFO  c.e.s.j.s.c.JwtAuthenticationFilter                - /api/schoolbus/getAllSchedules,admin,2026-05-21 14:55:45,0.039
2026-05-21 14:55:45,988 [http-nio-22222-exec-5] INFO  c.e.s.j.s.c.JwtAuthenticationFilter                - /api/schoolbus/getAllSchedules,admin,2026-05-21 14:55:45,0.043
2026-05-21 14:55:50,936 [http-nio-22222-exec-2] INFO  c.e.s.j.s.c.JwtAuthenticationFilter                - /api/schoolbus/getScheduleReservations,admin,2026-05-21 14:55:50,0.06
2026-05-21 14:56:01,775 [http-nio-22222-exec-3] INFO  c.e.s.j.s.c.JwtAuthenticationFilter                - /api/schoolbus/getScheduleReservations,admin,2026-05-21 14:56:01,0.03
2026-05-21 14:56:07,397 [http-nio-22222-exec-4] INFO  c.e.s.j.s.c.JwtAuthenticationFilter                - /api/schoolbus/getScheduleReservations,admin,2026-05-21 14:56:07,0.031
2026-05-21 14:56:10,497 [http-nio-22222-exec-10] INFO  c.e.s.j.s.c.JwtAuthenticationFilter                - /api/schoolbus/getScheduleReservations,admin,2026-05-21 14:56:10,0.043
2026-05-21 14:56:13,646 [http-nio-22222-exec-8] INFO  c.e.s.j.s.c.JwtAuthenticationFilter                - /api/schoolbus/getScheduleReservations,admin,2026-05-21 14:56:13,0.068
2026-05-21 14:57:03,403 [http-nio-22222-exec-4] INFO  c.e.s.j.s.c.JwtAuthenticationFilter                - /api/base/getDataBaseUserName,22,2026-05-21 14:57:03,0.018
2026-05-21 14:57:03,506 [http-nio-22222-exec-10] INFO  c.e.s.j.s.c.JwtAuthenticationFilter                - /api/base/getMenuList,22,2026-05-21 14:57:03,0.099
2026-05-21 14:57:05,802 [http-nio-22222-exec-5] INFO  c.e.s.j.s.c.JwtAuthenticationFilter                - /api/schoolbus/getCampusList,22,2026-05-21 14:57:05,0.029
2026-05-21 14:57:05,836 [http-nio-22222-exec-9] INFO  c.e.s.j.s.c.JwtAuthenticationFilter                - /api/schoolbus/getActiveSchedules,22,2026-05-21 14:57:05,0.027
2026-05-21 14:57:05,875 [http-nio-22222-exec-7] INFO  c.e.s.j.s.c.JwtAuthenticationFilter                - /api/schoolbus/getActiveSchedules,22,2026-05-21 14:57:05,0.032
2026-05-21 14:57:27,321 [http-nio-22222-exec-4] INFO  c.e.s.j.s.c.JwtAuthenticationFilter                - /api/schoolbus/reserveSeat,22,2026-05-21 14:57:26,0.333
2026-05-21 14:57:27,370 [http-nio-22222-exec-10] INFO  c.e.s.j.s.c.JwtAuthenticationFilter                - /api/schoolbus/getActiveSchedules,22,2026-05-21 14:57:27,0.03
2026-05-21 14:57:34,441 [http-nio-22222-exec-6] INFO  c.e.s.j.s.c.JwtAuthenticationFilter                - /api/schoolbus/getCampusList,22,2026-05-21 14:57:34,0.038
2026-05-21 14:57:34,497 [http-nio-22222-exec-8] INFO  c.e.s.j.s.c.JwtAuthenticationFilter                - /api/schoolbus/getMyReservations,22,2026-05-21 14:57:34,0.052
2026-05-21 14:57:34,527 [http-nio-22222-exec-5] INFO  c.e.s.j.s.c.JwtAuthenticationFilter                - /api/schoolbus/getActiveSchedules,22,2026-05-21 14:57:34,0.021
2026-05-21 14:57:34,589 [http-nio-22222-exec-9] INFO  c.e.s.j.s.c.JwtAuthenticationFilter                - /api/schoolbus/getMyReservations,22,2026-05-21 14:57:34,0.056
2026-05-21 14:57:44,365 [http-nio-22222-exec-5] INFO  c.e.s.j.s.c.JwtAuthenticationFilter                - /api/base/getDataBaseUserName,admin,2026-05-21 14:57:44,0.029
2026-05-21 14:57:44,514 [http-nio-22222-exec-9] INFO  c.e.s.j.s.c.JwtAuthenticationFilter                - /api/base/getMenuList,admin,2026-05-21 14:57:44,0.142
2026-05-21 14:57:47,076 [http-nio-22222-exec-1] INFO  c.e.s.j.s.c.JwtAuthenticationFilter                - /api/schoolbus/getCampusList,admin,2026-05-21 14:57:47,0.033
2026-05-21 14:57:47,125 [http-nio-22222-exec-2] INFO  c.e.s.j.s.c.JwtAuthenticationFilter                - /api/schoolbus/getAllSchedules,admin,2026-05-21 14:57:47,0.045
2026-05-21 14:57:47,176 [http-nio-22222-exec-7] INFO  c.e.s.j.s.c.JwtAuthenticationFilter                - /api/schoolbus/getAllSchedules,admin,2026-05-21 14:57:47,0.046
2026-05-21 14:57:51,235 [http-nio-22222-exec-5] INFO  c.e.s.j.s.c.JwtAuthenticationFilter                - /api/schoolbus/getScheduleReservations,admin,2026-05-21 14:57:51,0.099
2026-05-21 15:13:37,637 [http-nio-22222-exec-7] INFO  c.e.s.j.s.c.JwtAuthenticationFilter                - /api/base/getDataBaseUserName,admin,2026-05-21 15:13:37,0.021
2026-05-21 15:13:37,767 [http-nio-22222-exec-4] INFO  c.e.s.j.s.c.JwtAuthenticationFilter                - /api/base/getMenuList,admin,2026-05-21 15:13:37,0.123
2026-05-21 15:13:42,454 [http-nio-22222-exec-8] INFO  c.e.s.j.s.c.JwtAuthenticationFilter                - /api/schoolbus/getCampusList,admin,2026-05-21 15:13:42,0.033
2026-05-21 15:13:42,505 [http-nio-22222-exec-3] INFO  c.e.s.j.s.c.JwtAuthenticationFilter                - /api/schoolbus/getAllSchedules,admin,2026-05-21 15:13:42,0.045
2026-05-21 15:13:42,550 [http-nio-22222-exec-10] INFO  c.e.s.j.s.c.JwtAuthenticationFilter                - /api/schoolbus/getAllSchedules,admin,2026-05-21 15:13:42,0.033
2026-05-21 15:13:53,270 [http-nio-22222-exec-4] INFO  c.e.s.j.s.c.JwtAuthenticationFilter                - /api/base/getDataBaseUserName,2022030001,2026-05-21 15:13:53,0.029
2026-05-21 15:13:53,376 [http-nio-22222-exec-8] INFO  c.e.s.j.s.c.JwtAuthenticationFilter                - /api/base/getMenuList,2022030001,2026-05-21 15:13:53,0.101
2026-05-21 15:13:55,563 [http-nio-22222-exec-3] INFO  c.e.s.j.s.c.JwtAuthenticationFilter                - /api/schoolbus/getCampusList,2022030001,2026-05-21 15:13:55,0.032
2026-05-21 15:13:55,594 [http-nio-22222-exec-10] INFO  c.e.s.j.s.c.JwtAuthenticationFilter                - /api/schoolbus/getActiveSchedules,2022030001,2026-05-21 15:13:55,0.024
2026-05-21 15:13:55,626 [http-nio-22222-exec-2] INFO  c.e.s.j.s.c.JwtAuthenticationFilter                - /api/schoolbus/getActiveSchedules,2022030001,2026-05-21 15:13:55,0.026
2026-05-21 15:14:00,938 [http-nio-22222-exec-8] INFO  c.e.s.j.s.c.JwtAuthenticationFilter                - /api/base/getDataBaseUserName,22,2026-05-21 15:14:00,0.027
2026-05-21 15:14:01,077 [http-nio-22222-exec-3] INFO  c.e.s.j.s.c.JwtAuthenticationFilter                - /api/base/getMenuList,22,2026-05-21 15:14:00,0.134
2026-05-21 15:14:02,785 [http-nio-22222-exec-10] INFO  c.e.s.j.s.c.JwtAuthenticationFilter                - /api/schoolbus/getCampusList,22,2026-05-21 15:14:02,0.036
2026-05-21 15:14:02,826 [http-nio-22222-exec-2] INFO  c.e.s.j.s.c.JwtAuthenticationFilter                - /api/schoolbus/getActiveSchedules,22,2026-05-21 15:14:02,0.034
2026-05-21 15:14:02,860 [http-nio-22222-exec-1] INFO  c.e.s.j.s.c.JwtAuthenticationFilter                - /api/schoolbus/getActiveSchedules,22,2026-05-21 15:14:02,0.027
2026-05-21 15:14:06,692 [http-nio-22222-exec-8] INFO  c.e.s.j.s.c.JwtAuthenticationFilter                - /api/schoolbus/getCampusList,22,2026-05-21 15:14:06,0.033
2026-05-21 15:14:06,769 [http-nio-22222-exec-3] INFO  c.e.s.j.s.c.JwtAuthenticationFilter                - /api/schoolbus/getMyReservations,22,2026-05-21 15:14:06,0.068
2026-05-21 15:14:06,803 [http-nio-22222-exec-10] INFO  c.e.s.j.s.c.JwtAuthenticationFilter                - /api/schoolbus/getActiveSchedules,22,2026-05-21 15:14:06,0.027
2026-05-21 15:14:06,866 [http-nio-22222-exec-2] INFO  c.e.s.j.s.c.JwtAuthenticationFilter                - /api/schoolbus/getMyReservations,22,2026-05-21 15:14:06,0.057
2026-05-21 15:22:38,708 [SpringApplicationShutdownHook] INFO  o.s.b.w.embedded.tomcat.GracefulShutdown           - Commencing graceful shutdown. Waiting for active requests to complete
2026-05-21 15:22:38,712 [tomcat-shutdown] INFO  o.s.b.w.embedded.tomcat.GracefulShutdown           - Graceful shutdown complete
2026-05-21 15:22:38,723 [SpringApplicationShutdownHook] INFO  o.s.o.j.LocalContainerEntityManagerFactoryBean     - Closing JPA EntityManagerFactory for persistence unit 'default'
2026-05-21 15:22:38,724 [SpringApplicationShutdownHook] INFO  com.zaxxer.hikari.HikariDataSource                 - HikariPool-1 - Shutdown initiated...
2026-05-21 15:22:38,725 [SpringApplicationShutdownHook] INFO  com.zaxxer.hikari.HikariDataSource                 - HikariPool-1 - Shutdown completed.
2026-05-21 15:26:07,393 [background-preinit] INFO  o.h.validator.internal.util.Version                - HV000001: Hibernate Validator 8.0.2.Final
2026-05-21 15:26:07,436 [main] INFO  c.e.s.java.server.JavaServerApplication            - Starting JavaServerApplication using Java 21.0.5 with PID 37524 (C:\Users\26796\Desktop\java-server - 副本 (2)\target\classes started by 26796 in C:\Users\26796\Desktop\java-server - 副本 (2))
2026-05-21 15:26:07,437 [main] INFO  c.e.s.java.server.JavaServerApplication            - No active profile set, falling back to 1 default profile: "default"
2026-05-21 15:26:08,319 [main] INFO  o.s.d.r.c.RepositoryConfigurationDelegate          - Multiple Spring Data modules found, entering strict repository configuration mode
2026-05-21 15:26:08,320 [main] INFO  o.s.d.r.c.RepositoryConfigurationDelegate          - Bootstrapping Spring Data JPA repositories in DEFAULT mode.
2026-05-21 15:26:08,487 [main] INFO  o.s.d.r.c.RepositoryConfigurationDelegate          - Finished Spring Data repository scanning in 158 ms. Found 32 JPA repository interfaces.
2026-05-21 15:26:08,516 [main] INFO  o.s.d.r.c.RepositoryConfigurationDelegate          - Multiple Spring Data modules found, entering strict repository configuration mode
2026-05-21 15:26:08,517 [main] INFO  o.s.d.r.c.RepositoryConfigurationDelegate          - Bootstrapping Spring Data Redis repositories in DEFAULT mode.
2026-05-21 15:26:08,536 [main] INFO  o.s.d.r.c.RepositoryConfigurationExtensionSupport  - Spring Data Redis - Could not safely identify store assignment for repository candidate interface cn.edu.sdu.java.server.repositorys.AnswerRepository; If you want this repository to be a Redis repository, consider annotating your entities with one of these annotations: org.springframework.data.redis.core.RedisHash (preferred), or consider extending one of the following types with your repository: org.springframework.data.keyvalue.repository.KeyValueRepository
2026-05-21 15:26:08,537 [main] INFO  o.s.d.r.c.RepositoryConfigurationExtensionSupport  - Spring Data Redis - Could not safely identify store assignment for repository candidate interface cn.edu.sdu.java.server.repositorys.CourseRepository; If you want this repository to be a Redis repository, consider annotating your entities with one of these annotations: org.springframework.data.redis.core.RedisHash (preferred), or consider extending one of the following types with your repository: org.springframework.data.keyvalue.repository.KeyValueRepository
2026-05-21 15:26:08,537 [main] INFO  o.s.d.r.c.RepositoryConfigurationExtensionSupport  - Spring Data Redis - Could not safely identify store assignment for repository candidate interface cn.edu.sdu.java.server.repositorys.DictionaryInfoRepository; If you want this repository to be a Redis repository, consider annotating your entities with one of these annotations: org.springframework.data.redis.core.RedisHash (preferred), or consider extending one of the following types with your repository: org.springframework.data.keyvalue.repository.KeyValueRepository
2026-05-21 15:26:08,538 [main] INFO  o.s.d.r.c.RepositoryConfigurationExtensionSupport  - Spring Data Redis - Could not safely identify store assignment for repository candidate interface cn.edu.sdu.java.server.repositorys.FamilyMemberRepository; If you want this repository to be a Redis repository, consider annotating your entities with one of these annotations: org.springframework.data.redis.core.RedisHash (preferred), or consider extending one of the following types with your repository: org.springframework.data.keyvalue.repository.KeyValueRepository
2026-05-21 15:26:08,538 [main] INFO  o.s.d.r.c.RepositoryConfigurationExtensionSupport  - Spring Data Redis - Could not safely identify store assignment for repository candidate interface cn.edu.sdu.java.server.repositorys.FeeRepository; If you want this repository to be a Redis repository, consider annotating your entities with one of these annotations: org.springframework.data.redis.core.RedisHash (preferred), or consider extending one of the following types with your repository: org.springframework.data.keyvalue.repository.KeyValueRepository
2026-05-21 15:26:08,539 [main] INFO  o.s.d.r.c.RepositoryConfigurationExtensionSupport  - Spring Data Redis - Could not safely identify store assignment for repository candidate interface cn.edu.sdu.java.server.repositorys.KeyTopicRepository; If you want this repository to be a Redis repository, consider annotating your entities with one of these annotations: org.springframework.data.redis.core.RedisHash (preferred), or consider extending one of the following types with your repository: org.springframework.data.keyvalue.repository.KeyValueRepository
2026-05-21 15:26:08,539 [main] INFO  o.s.d.r.c.RepositoryConfigurationExtensionSupport  - Spring Data Redis - Could not safely identify store assignment for repository candidate interface cn.edu.sdu.java.server.repositorys.MenuInfoRepository; If you want this repository to be a Redis repository, consider annotating your entities with one of these annotations: org.springframework.data.redis.core.RedisHash (preferred), or consider extending one of the following types with your repository: org.springframework.data.keyvalue.repository.KeyValueRepository
2026-05-21 15:26:08,539 [main] INFO  o.s.d.r.c.RepositoryConfigurationExtensionSupport  - Spring Data Redis - Could not safely identify store assignment for repository candidate interface cn.edu.sdu.java.server.repositorys.ModifyLogRepository; If you want this repository to be a Redis repository, consider annotating your entities with one of these annotations: org.springframework.data.redis.core.RedisHash (preferred), or consider extending one of the following types with your repository: org.springframework.data.keyvalue.repository.KeyValueRepository
2026-05-21 15:26:08,539 [main] INFO  o.s.d.r.c.RepositoryConfigurationExtensionSupport  - Spring Data Redis - Could not safely identify store assignment for repository candidate interface cn.edu.sdu.java.server.repositorys.NoticeReadRepository; If you want this repository to be a Redis repository, consider annotating your entities with one of these annotations: org.springframework.data.redis.core.RedisHash (preferred), or consider extending one of the following types with your repository: org.springframework.data.keyvalue.repository.KeyValueRepository
2026-05-21 15:26:08,539 [main] INFO  o.s.d.r.c.RepositoryConfigurationExtensionSupport  - Spring Data Redis - Could not safely identify store assignment for repository candidate interface cn.edu.sdu.java.server.repositorys.NoticeRepository; If you want this repository to be a Redis repository, consider annotating your entities with one of these annotations: org.springframework.data.redis.core.RedisHash (preferred), or consider extending one of the following types with your repository: org.springframework.data.keyvalue.repository.KeyValueRepository
2026-05-21 15:26:08,540 [main] INFO  o.s.d.r.c.RepositoryConfigurationExtensionSupport  - Spring Data Redis - Could not safely identify store assignment for repository candidate interface cn.edu.sdu.java.server.repositorys.NoticeTargetRepository; If you want this repository to be a Redis repository, consider annotating your entities with one of these annotations: org.springframework.data.redis.core.RedisHash (preferred), or consider extending one of the following types with your repository: org.springframework.data.keyvalue.repository.KeyValueRepository
2026-05-21 15:26:08,541 [main] INFO  o.s.d.r.c.RepositoryConfigurationExtensionSupport  - Spring Data Redis - Could not safely identify store assignment for repository candidate interface cn.edu.sdu.java.server.repositorys.PersonRepository; If you want this repository to be a Redis repository, consider annotating your entities with one of these annotations: org.springframework.data.redis.core.RedisHash (preferred), or consider extending one of the following types with your repository: org.springframework.data.keyvalue.repository.KeyValueRepository
2026-05-21 15:26:08,541 [main] INFO  o.s.d.r.c.RepositoryConfigurationExtensionSupport  - Spring Data Redis - Could not safely identify store assignment for repository candidate interface cn.edu.sdu.java.server.repositorys.PracticeMemberRepository; If you want this repository to be a Redis repository, consider annotating your entities with one of these annotations: org.springframework.data.redis.core.RedisHash (preferred), or consider extending one of the following types with your repository: org.springframework.data.keyvalue.repository.KeyValueRepository
2026-05-21 15:26:08,542 [main] INFO  o.s.d.r.c.RepositoryConfigurationExtensionSupport  - Spring Data Redis - Could not safely identify store assignment for repository candidate interface cn.edu.sdu.java.server.repositorys.PracticeProjectRepository; If you want this repository to be a Redis repository, consider annotating your entities with one of these annotations: org.springframework.data.redis.core.RedisHash (preferred), or consider extending one of the following types with your repository: org.springframework.data.keyvalue.repository.KeyValueRepository
2026-05-21 15:26:08,542 [main] INFO  o.s.d.r.c.RepositoryConfigurationExtensionSupport  - Spring Data Redis - Could not safely identify store assignment for repository candidate interface cn.edu.sdu.java.server.repositorys.PracticeReviewRepository; If you want this repository to be a Redis repository, consider annotating your entities with one of these annotations: org.springframework.data.redis.core.RedisHash (preferred), or consider extending one of the following types with your repository: org.springframework.data.keyvalue.repository.KeyValueRepository
2026-05-21 15:26:08,542 [main] INFO  o.s.d.r.c.RepositoryConfigurationExtensionSupport  - Spring Data Redis - Could not safely identify store assignment for repository candidate interface cn.edu.sdu.java.server.repositorys.PracticeSummaryRepository; If you want this repository to be a Redis repository, consider annotating your entities with one of these annotations: org.springframework.data.redis.core.RedisHash (preferred), or consider extending one of the following types with your repository: org.springframework.data.keyvalue.repository.KeyValueRepository
2026-05-21 15:26:08,542 [main] INFO  o.s.d.r.c.RepositoryConfigurationExtensionSupport  - Spring Data Redis - Could not safely identify store assignment for repository candidate interface cn.edu.sdu.java.server.repositorys.QuestionnaireRepository; If you want this repository to be a Redis repository, consider annotating your entities with one of these annotations: org.springframework.data.redis.core.RedisHash (preferred), or consider extending one of the following types with your repository: org.springframework.data.keyvalue.repository.KeyValueRepository
2026-05-21 15:26:08,542 [main] INFO  o.s.d.r.c.RepositoryConfigurationExtensionSupport  - Spring Data Redis - Could not safely identify store assignment for repository candidate interface cn.edu.sdu.java.server.repositorys.QuestionOptionRepository; If you want this repository to be a Redis repository, consider annotating your entities with one of these annotations: org.springframework.data.redis.core.RedisHash (preferred), or consider extending one of the following types with your repository: org.springframework.data.keyvalue.repository.KeyValueRepository
2026-05-21 15:26:08,542 [main] INFO  o.s.d.r.c.RepositoryConfigurationExtensionSupport  - Spring Data Redis - Could not safely identify store assignment for repository candidate interface cn.edu.sdu.java.server.repositorys.QuestionRepository; If you want this repository to be a Redis repository, consider annotating your entities with one of these annotations: org.springframework.data.redis.core.RedisHash (preferred), or consider extending one of the following types with your repository: org.springframework.data.keyvalue.repository.KeyValueRepository
2026-05-21 15:26:08,542 [main] INFO  o.s.d.r.c.RepositoryConfigurationExtensionSupport  - Spring Data Redis - Could not safely identify store assignment for repository candidate interface cn.edu.sdu.java.server.repositorys.ResponseRepository; If you want this repository to be a Redis repository, consider annotating your entities with one of these annotations: org.springframework.data.redis.core.RedisHash (preferred), or consider extending one of the following types with your repository: org.springframework.data.keyvalue.repository.KeyValueRepository
2026-05-21 15:26:08,542 [main] INFO  o.s.d.r.c.RepositoryConfigurationExtensionSupport  - Spring Data Redis - Could not safely identify store assignment for repository candidate interface cn.edu.sdu.java.server.repositorys.SchoolBusCampusRepository; If you want this repository to be a Redis repository, consider annotating your entities with one of these annotations: org.springframework.data.redis.core.RedisHash (preferred), or consider extending one of the following types with your repository: org.springframework.data.keyvalue.repository.KeyValueRepository
2026-05-21 15:26:08,542 [main] INFO  o.s.d.r.c.RepositoryConfigurationExtensionSupport  - Spring Data Redis - Could not safely identify store assignment for repository candidate interface cn.edu.sdu.java.server.repositorys.SchoolBusReservationRepository; If you want this repository to be a Redis repository, consider annotating your entities with one of these annotations: org.springframework.data.redis.core.RedisHash (preferred), or consider extending one of the following types with your repository: org.springframework.data.keyvalue.repository.KeyValueRepository
2026-05-21 15:26:08,543 [main] INFO  o.s.d.r.c.RepositoryConfigurationExtensionSupport  - Spring Data Redis - Could not safely identify store assignment for repository candidate interface cn.edu.sdu.java.server.repositorys.SchoolBusScheduleRepository; If you want this repository to be a Redis repository, consider annotating your entities with one of these annotations: org.springframework.data.redis.core.RedisHash (preferred), or consider extending one of the following types with your repository: org.springframework.data.keyvalue.repository.KeyValueRepository
2026-05-21 15:26:08,545 [main] INFO  o.s.d.r.c.RepositoryConfigurationExtensionSupport  - Spring Data Redis - Could not safely identify store assignment for repository candidate interface cn.edu.sdu.java.server.repositorys.ScoreRepository; If you want this repository to be a Redis repository, consider annotating your entities with one of these annotations: org.springframework.data.redis.core.RedisHash (preferred), or consider extending one of the following types with your repository: org.springframework.data.keyvalue.repository.KeyValueRepository
2026-05-21 15:26:08,545 [main] INFO  o.s.d.r.c.RepositoryConfigurationExtensionSupport  - Spring Data Redis - Could not safely identify store assignment for repository candidate interface cn.edu.sdu.java.server.repositorys.StatisticsDayRepository; If you want this repository to be a Redis repository, consider annotating your entities with one of these annotations: org.springframework.data.redis.core.RedisHash (preferred), or consider extending one of the following types with your repository: org.springframework.data.keyvalue.repository.KeyValueRepository
2026-05-21 15:26:08,545 [main] INFO  o.s.d.r.c.RepositoryConfigurationExtensionSupport  - Spring Data Redis - Could not safely identify store assignment for repository candidate interface cn.edu.sdu.java.server.repositorys.StudentLeaveRepository; If you want this repository to be a Redis repository, consider annotating your entities with one of these annotations: org.springframework.data.redis.core.RedisHash (preferred), or consider extending one of the following types with your repository: org.springframework.data.keyvalue.repository.KeyValueRepository
2026-05-21 15:26:08,545 [main] INFO  o.s.d.r.c.RepositoryConfigurationExtensionSupport  - Spring Data Redis - Could not safely identify store assignment for repository candidate interface cn.edu.sdu.java.server.repositorys.StudentRepository; If you want this repository to be a Redis repository, consider annotating your entities with one of these annotations: org.springframework.data.redis.core.RedisHash (preferred), or consider extending one of the following types with your repository: org.springframework.data.keyvalue.repository.KeyValueRepository
2026-05-21 15:26:08,545 [main] INFO  o.s.d.r.c.RepositoryConfigurationExtensionSupport  - Spring Data Redis - Could not safely identify store assignment for repository candidate interface cn.edu.sdu.java.server.repositorys.StudentStatisticsRepository; If you want this repository to be a Redis repository, consider annotating your entities with one of these annotations: org.springframework.data.redis.core.RedisHash (preferred), or consider extending one of the following types with your repository: org.springframework.data.keyvalue.repository.KeyValueRepository
2026-05-21 15:26:08,546 [main] INFO  o.s.d.r.c.RepositoryConfigurationExtensionSupport  - Spring Data Redis - Could not safely identify store assignment for repository candidate interface cn.edu.sdu.java.server.repositorys.SystemInfoRepository; If you want this repository to be a Redis repository, consider annotating your entities with one of these annotations: org.springframework.data.redis.core.RedisHash (preferred), or consider extending one of the following types with your repository: org.springframework.data.keyvalue.repository.KeyValueRepository
2026-05-21 15:26:08,546 [main] INFO  o.s.d.r.c.RepositoryConfigurationExtensionSupport  - Spring Data Redis - Could not safely identify store assignment for repository candidate interface cn.edu.sdu.java.server.repositorys.TeacherRepository; If you want this repository to be a Redis repository, consider annotating your entities with one of these annotations: org.springframework.data.redis.core.RedisHash (preferred), or consider extending one of the following types with your repository: org.springframework.data.keyvalue.repository.KeyValueRepository
2026-05-21 15:26:08,546 [main] INFO  o.s.d.r.c.RepositoryConfigurationExtensionSupport  - Spring Data Redis - Could not safely identify store assignment for repository candidate interface cn.edu.sdu.java.server.repositorys.UserRepository; If you want this repository to be a Redis repository, consider annotating your entities with one of these annotations: org.springframework.data.redis.core.RedisHash (preferred), or consider extending one of the following types with your repository: org.springframework.data.keyvalue.repository.KeyValueRepository
2026-05-21 15:26:08,546 [main] INFO  o.s.d.r.c.RepositoryConfigurationExtensionSupport  - Spring Data Redis - Could not safely identify store assignment for repository candidate interface cn.edu.sdu.java.server.repositorys.UserTypeRepository; If you want this repository to be a Redis repository, consider annotating your entities with one of these annotations: org.springframework.data.redis.core.RedisHash (preferred), or consider extending one of the following types with your repository: org.springframework.data.keyvalue.repository.KeyValueRepository
2026-05-21 15:26:08,546 [main] INFO  o.s.d.r.c.RepositoryConfigurationDelegate          - Finished Spring Data repository scanning in 20 ms. Found 0 Redis repository interfaces.
2026-05-21 15:26:09,374 [main] INFO  o.s.b.w.embedded.tomcat.TomcatWebServer            - Tomcat initialized with port 22222 (http)
2026-05-21 15:26:09,385 [main] INFO  o.apache.coyote.http11.Http11NioProtocol           - Initializing ProtocolHandler ["http-nio-22222"]
2026-05-21 15:26:09,387 [main] INFO  o.apache.catalina.core.StandardService             - Starting service [Tomcat]
2026-05-21 15:26:09,387 [main] INFO  org.apache.catalina.core.StandardEngine            - Starting Servlet engine: [Apache Tomcat/10.1.34]
2026-05-21 15:26:09,446 [main] INFO  o.a.c.c.C.[Tomcat].[localhost].[/]                 - Initializing Spring embedded WebApplicationContext
2026-05-21 15:26:09,447 [main] INFO  o.s.b.w.s.c.ServletWebServerApplicationContext     - Root WebApplicationContext: initialization completed in 1974 ms
2026-05-21 15:26:09,641 [main] INFO  o.hibernate.jpa.internal.util.LogHelper            - HHH000204: Processing PersistenceUnitInfo [name: default]
2026-05-21 15:26:09,749 [main] INFO  org.hibernate.Version                              - HHH000412: Hibernate ORM core version 6.6.5.Final
2026-05-21 15:26:09,787 [main] INFO  o.h.c.internal.RegionFactoryInitiator              - HHH000026: Second-level cache disabled
2026-05-21 15:26:10,021 [main] INFO  o.s.o.j.p.SpringPersistenceUnitInfo                - No LoadTimeWeaver setup: ignoring JPA class transformer
2026-05-21 15:26:10,061 [main] INFO  com.zaxxer.hikari.HikariDataSource                 - HikariPool-1 - Starting...
2026-05-21 15:26:14,745 [main] INFO  com.zaxxer.hikari.pool.HikariPool                  - HikariPool-1 - Added connection com.mysql.cj.jdbc.ConnectionImpl@41026e5c
2026-05-21 15:26:14,746 [main] INFO  com.zaxxer.hikari.HikariDataSource                 - HikariPool-1 - Start completed.
2026-05-21 15:26:14,803 [main] INFO  org.hibernate.orm.connections.pooling              - HHH10001005: Database info:
	Database JDBC URL [Connecting through datasource 'HikariDataSource (HikariPool-1)']
	Database driver: undefined/unknown
	Database version: 8.0.35
	Autocommit mode: undefined/unknown
	Isolation level: undefined/unknown
	Minimum pool size: undefined/unknown
	Maximum pool size: undefined/unknown
2026-05-21 15:26:15,769 [main] INFO  o.h.e.t.j.p.i.JtaPlatformInitiator                 - HHH000489: No JTA platform available (set 'hibernate.transaction.jta.platform' to enable JTA platform integration)
2026-05-21 15:26:15,985 [main] INFO  o.s.o.j.LocalContainerEntityManagerFactoryBean     - Initialized JPA EntityManagerFactory for persistence unit 'default'
2026-05-21 15:26:16,161 [main] INFO  o.s.d.j.r.query.QueryEnhancerFactory               - Hibernate is in classpath; If applicable, HQL parser will be used.
2026-05-21 15:26:16,779 [main] WARN  o.s.b.a.o.j.JpaBaseConfiguration$JpaWebConfiguration - spring.jpa.open-in-view is enabled by default. Therefore, database queries may be performed during view rendering. Explicitly configure spring.jpa.open-in-view to disable this warning
2026-05-21 15:26:17,299 [main] INFO  o.s.s.c.a.a.c.InitializeAuthenticationProviderBeanManagerConfigurer$InitializeAuthenticationProviderManagerConfigurer - Global AuthenticationManager configured with AuthenticationProvider bean with name authenticationProvider
2026-05-21 15:26:17,299 [main] WARN  o.s.s.c.a.a.c.InitializeUserDetailsBeanManagerConfigurer$InitializeUserDetailsManagerConfigurer - Global AuthenticationManager configured with an AuthenticationProvider bean. UserDetailsService beans will not be used by Spring Security for automatically configuring username/password login. Consider removing the AuthenticationProvider bean. Alternatively, consider using the UserDetailsService in a manually instantiated DaoAuthenticationProvider. If the current configuration is intentional, to turn off this warning, increase the logging level of 'org.springframework.security.config.annotation.authentication.configuration.InitializeUserDetailsBeanManagerConfigurer' to ERROR
2026-05-21 15:26:17,996 [main] INFO  o.s.b.a.w.s.WelcomePageHandlerMapping              - Adding welcome page: class path resource [public/index.html]
2026-05-21 15:26:18,913 [main] INFO  o.apache.coyote.http11.Http11NioProtocol           - Starting ProtocolHandler ["http-nio-22222"]
2026-05-21 15:26:18,953 [main] INFO  o.s.b.w.embedded.tomcat.TomcatWebServer            - Tomcat started on port 22222 (http) with context path '/'
2026-05-21 15:26:18,966 [main] INFO  c.e.s.java.server.JavaServerApplication            - Started JavaServerApplication in 11.983 seconds (process running for 12.258)
2026-05-21 15:26:18,972 [main] INFO  c.e.s.j.server.SystemApplicationListener           - org.springframework.boot.context.event.ApplicationReadyEvent[source=org.springframework.boot.SpringApplication@4c06f69f]
2026-05-21 15:26:18,972 [main] INFO  c.e.s.j.server.SystemApplicationListener           - SystemInitStart
2026-05-21 15:26:19,152 [main] INFO  c.e.s.j.server.SystemApplicationListener           - systemInitEnd
2026-05-21 15:27:38,076 [http-nio-22222-exec-1] INFO  o.a.c.c.C.[Tomcat].[localhost].[/]                 - Initializing Spring DispatcherServlet 'dispatcherServlet'
2026-05-21 15:27:38,076 [http-nio-22222-exec-1] INFO  o.s.web.servlet.DispatcherServlet                  - Initializing Servlet 'dispatcherServlet'
2026-05-21 15:27:38,077 [http-nio-22222-exec-1] INFO  o.s.web.servlet.DispatcherServlet                  - Completed initialization in 1 ms
2026-05-21 15:27:38,490 [http-nio-22222-exec-2] INFO  c.e.s.j.s.c.JwtAuthenticationFilter                - /api/base/getDataBaseUserName,admin,2026-05-21 15:27:38,0.04
2026-05-21 15:27:38,624 [http-nio-22222-exec-3] INFO  c.e.s.j.s.c.JwtAuthenticationFilter                - /api/base/getMenuList,admin,2026-05-21 15:27:38,0.128
2026-05-21 15:27:41,269 [http-nio-22222-exec-4] INFO  c.e.s.j.s.c.JwtAuthenticationFilter                - /api/schoolbus/getCampusList,admin,2026-05-21 15:27:41,0.041
2026-05-21 15:27:41,321 [http-nio-22222-exec-5] INFO  c.e.s.j.s.c.JwtAuthenticationFilter                - /api/schoolbus/getAllSchedules,admin,2026-05-21 15:27:41,0.045
2026-05-21 15:27:41,372 [http-nio-22222-exec-6] INFO  c.e.s.j.s.c.JwtAuthenticationFilter                - /api/schoolbus/getAllSchedules,admin,2026-05-21 15:27:41,0.04
2026-05-21 15:27:57,944 [http-nio-22222-exec-3] INFO  c.e.s.j.s.c.JwtAuthenticationFilter                - /api/base/getDataBaseUserName,2022030001,2026-05-21 15:27:57,0.022
2026-05-21 15:27:58,042 [http-nio-22222-exec-4] INFO  c.e.s.j.s.c.JwtAuthenticationFilter                - /api/base/getMenuList,2022030001,2026-05-21 15:27:57,0.092
2026-05-21 15:27:59,440 [http-nio-22222-exec-5] INFO  c.e.s.j.s.c.JwtAuthenticationFilter                - /api/schoolbus/getCampusList,2022030001,2026-05-21 15:27:59,0.039
2026-05-21 15:27:59,479 [http-nio-22222-exec-6] INFO  c.e.s.j.s.c.JwtAuthenticationFilter                - /api/schoolbus/getActiveSchedules,2022030001,2026-05-21 15:27:59,0.032
2026-05-21 15:27:59,515 [http-nio-22222-exec-9] INFO  c.e.s.j.s.c.JwtAuthenticationFilter                - /api/schoolbus/getActiveSchedules,2022030001,2026-05-21 15:27:59,0.028
2026-05-21 15:28:04,416 [http-nio-22222-exec-3] INFO  c.e.s.j.s.c.JwtAuthenticationFilter                - /api/schoolbus/getSchedulesByRoute,2022030001,2026-05-21 15:28:04,0.073
2026-05-21 15:28:09,866 [http-nio-22222-exec-5] INFO  c.e.s.j.s.c.JwtAuthenticationFilter                - /api/base/getDataBaseUserName,admin,2026-05-21 15:28:09,0.025
2026-05-21 15:28:10,101 [http-nio-22222-exec-6] INFO  c.e.s.j.s.c.JwtAuthenticationFilter                - /api/base/getMenuList,admin,2026-05-21 15:28:09,0.229
2026-05-21 15:28:13,851 [http-nio-22222-exec-7] INFO  c.e.s.j.s.c.JwtAuthenticationFilter                - /api/schoolbus/getCampusList,admin,2026-05-21 15:28:13,0.043
2026-05-21 15:28:13,905 [http-nio-22222-exec-10] INFO  c.e.s.j.s.c.JwtAuthenticationFilter                - /api/schoolbus/getAllSchedules,admin,2026-05-21 15:28:13,0.047
2026-05-21 15:28:13,959 [http-nio-22222-exec-1] INFO  c.e.s.j.s.c.JwtAuthenticationFilter                - /api/schoolbus/getAllSchedules,admin,2026-05-21 15:28:13,0.047
2026-05-21 15:28:38,632 [http-nio-22222-exec-6] WARN  o.s.w.s.m.s.DefaultHandlerExceptionResolver        - Resolved [org.springframework.web.bind.MethodArgumentNotValidException: Validation failed for argument [0] in public cn.edu.sdu.java.server.payload.response.DataResponse cn.edu.sdu.java.server.controllers.SchoolBusController.saveSchedule(cn.edu.sdu.java.server.payload.request.SchoolBusScheduleRequest) with 4 errors: [Field error in object 'schoolBusScheduleRequest' on field 'arrivalCampus': rejected value [null]; codes [NotBlank.schoolBusScheduleRequest.arrivalCampus,NotBlank.arrivalCampus,NotBlank.java.lang.String,NotBlank]; arguments [org.springframework.context.support.DefaultMessageSourceResolvable: codes [schoolBusScheduleRequest.arrivalCampus,arrivalCampus]; arguments []; default message [arrivalCampus]]; default message [终点校区不能为空]] [Field error in object 'schoolBusScheduleRequest' on field 'totalSeats': rejected value [null]; codes [NotNull.schoolBusScheduleRequest.totalSeats,NotNull.totalSeats,NotNull.java.lang.Integer,NotNull]; arguments [org.springframework.context.support.DefaultMessageSourceResolvable: codes [schoolBusScheduleRequest.totalSeats,totalSeats]; arguments []; default message [totalSeats]]; default message [座位总数不能为空]] [Field error in object 'schoolBusScheduleRequest' on field 'departureTime': rejected value [null]; codes [NotBlank.schoolBusScheduleRequest.departureTime,NotBlank.departureTime,NotBlank.java.lang.String,NotBlank]; arguments [org.springframework.context.support.DefaultMessageSourceResolvable: codes [schoolBusScheduleRequest.departureTime,departureTime]; arguments []; default message [departureTime]]; default message [发车时间不能为空]] [Field error in object 'schoolBusScheduleRequest' on field 'departureCampus': rejected value [null]; codes [NotBlank.schoolBusScheduleRequest.departureCampus,NotBlank.departureCampus,NotBlank.java.lang.String,NotBlank]; arguments [org.springframework.context.support.DefaultMessageSourceResolvable: codes [schoolBusScheduleRequest.departureCampus,departureCampus]; arguments []; default message [departureCampus]]; default message [起点校区不能为空]] ]
2026-05-21 15:28:38,633 [http-nio-22222-exec-6] INFO  c.e.s.j.s.c.JwtAuthenticationFilter                - /api/schoolbus/saveSchedule,admin,2026-05-21 15:28:38,0.04
2026-05-21 15:29:15,009 [http-nio-22222-exec-9] WARN  o.s.w.s.m.s.DefaultHandlerExceptionResolver        - Resolved [org.springframework.web.bind.MethodArgumentNotValidException: Validation failed for argument [0] in public cn.edu.sdu.java.server.payload.response.DataResponse cn.edu.sdu.java.server.controllers.SchoolBusController.saveSchedule(cn.edu.sdu.java.server.payload.request.SchoolBusScheduleRequest) with 4 errors: [Field error in object 'schoolBusScheduleRequest' on field 'arrivalCampus': rejected value [null]; codes [NotBlank.schoolBusScheduleRequest.arrivalCampus,NotBlank.arrivalCampus,NotBlank.java.lang.String,NotBlank]; arguments [org.springframework.context.support.DefaultMessageSourceResolvable: codes [schoolBusScheduleRequest.arrivalCampus,arrivalCampus]; arguments []; default message [arrivalCampus]]; default message [终点校区不能为空]] [Field error in object 'schoolBusScheduleRequest' on field 'totalSeats': rejected value [null]; codes [NotNull.schoolBusScheduleRequest.totalSeats,NotNull.totalSeats,NotNull.java.lang.Integer,NotNull]; arguments [org.springframework.context.support.DefaultMessageSourceResolvable: codes [schoolBusScheduleRequest.totalSeats,totalSeats]; arguments []; default message [totalSeats]]; default message [座位总数不能为空]] [Field error in object 'schoolBusScheduleRequest' on field 'departureTime': rejected value [null]; codes [NotBlank.schoolBusScheduleRequest.departureTime,NotBlank.departureTime,NotBlank.java.lang.String,NotBlank]; arguments [org.springframework.context.support.DefaultMessageSourceResolvable: codes [schoolBusScheduleRequest.departureTime,departureTime]; arguments []; default message [departureTime]]; default message [发车时间不能为空]] [Field error in object 'schoolBusScheduleRequest' on field 'departureCampus': rejected value [null]; codes [NotBlank.schoolBusScheduleRequest.departureCampus,NotBlank.departureCampus,NotBlank.java.lang.String,NotBlank]; arguments [org.springframework.context.support.DefaultMessageSourceResolvable: codes [schoolBusScheduleRequest.departureCampus,departureCampus]; arguments []; default message [departureCampus]]; default message [起点校区不能为空]] ]
2026-05-21 15:29:15,010 [http-nio-22222-exec-9] INFO  c.e.s.j.s.c.JwtAuthenticationFilter                - /api/schoolbus/saveSchedule,admin,2026-05-21 15:29:14,0.031
2026-05-21 15:32:38,607 [http-nio-22222-exec-7] INFO  c.e.s.j.s.c.JwtAuthenticationFilter                - /api/base/getDataBaseUserName,admin,2026-05-21 15:32:38,0.021
2026-05-21 15:32:38,757 [http-nio-22222-exec-10] INFO  c.e.s.j.s.c.JwtAuthenticationFilter                - /api/base/getMenuList,admin,2026-05-21 15:32:38,0.145
2026-05-21 15:32:41,099 [http-nio-22222-exec-1] INFO  c.e.s.j.s.c.JwtAuthenticationFilter                - /api/schoolbus/getCampusList,admin,2026-05-21 15:32:41,0.031
2026-05-21 15:32:41,142 [http-nio-22222-exec-4] INFO  c.e.s.j.s.c.JwtAuthenticationFilter                - /api/schoolbus/getAllSchedules,admin,2026-05-21 15:32:41,0.037
2026-05-21 15:32:41,192 [http-nio-22222-exec-5] INFO  c.e.s.j.s.c.JwtAuthenticationFilter                - /api/schoolbus/getAllSchedules,admin,2026-05-21 15:32:41,0.04
2026-05-21 15:32:56,307 [http-nio-22222-exec-7] WARN  o.s.w.s.m.s.DefaultHandlerExceptionResolver        - Resolved [org.springframework.web.bind.MethodArgumentNotValidException: Validation failed for argument [0] in public cn.edu.sdu.java.server.payload.response.DataResponse cn.edu.sdu.java.server.controllers.SchoolBusController.saveSchedule(cn.edu.sdu.java.server.payload.request.SchoolBusScheduleRequest) with 4 errors: [Field error in object 'schoolBusScheduleRequest' on field 'departureCampus': rejected value [null]; codes [NotBlank.schoolBusScheduleRequest.departureCampus,NotBlank.departureCampus,NotBlank.java.lang.String,NotBlank]; arguments [org.springframework.context.support.DefaultMessageSourceResolvable: codes [schoolBusScheduleRequest.departureCampus,departureCampus]; arguments []; default message [departureCampus]]; default message [起点校区不能为空]] [Field error in object 'schoolBusScheduleRequest' on field 'arrivalCampus': rejected value [null]; codes [NotBlank.schoolBusScheduleRequest.arrivalCampus,NotBlank.arrivalCampus,NotBlank.java.lang.String,NotBlank]; arguments [org.springframework.context.support.DefaultMessageSourceResolvable: codes [schoolBusScheduleRequest.arrivalCampus,arrivalCampus]; arguments []; default message [arrivalCampus]]; default message [终点校区不能为空]] [Field error in object 'schoolBusScheduleRequest' on field 'totalSeats': rejected value [null]; codes [NotNull.schoolBusScheduleRequest.totalSeats,NotNull.totalSeats,NotNull.java.lang.Integer,NotNull]; arguments [org.springframework.context.support.DefaultMessageSourceResolvable: codes [schoolBusScheduleRequest.totalSeats,totalSeats]; arguments []; default message [totalSeats]]; default message [座位总数不能为空]] [Field error in object 'schoolBusScheduleRequest' on field 'departureTime': rejected value [null]; codes [NotBlank.schoolBusScheduleRequest.departureTime,NotBlank.departureTime,NotBlank.java.lang.String,NotBlank]; arguments [org.springframework.context.support.DefaultMessageSourceResolvable: codes [schoolBusScheduleRequest.departureTime,departureTime]; arguments []; default message [departureTime]]; default message [发车时间不能为空]] ]
2026-05-21 15:32:56,307 [http-nio-22222-exec-7] INFO  c.e.s.j.s.c.JwtAuthenticationFilter                - /api/schoolbus/saveSchedule,admin,2026-05-21 15:32:56,0.051
2026-05-21 15:33:58,007 [http-nio-22222-exec-1] WARN  o.s.w.s.m.s.DefaultHandlerExceptionResolver        - Resolved [org.springframework.web.bind.MethodArgumentNotValidException: Validation failed for argument [0] in public cn.edu.sdu.java.server.payload.response.DataResponse cn.edu.sdu.java.server.controllers.SchoolBusController.saveSchedule(cn.edu.sdu.java.server.payload.request.SchoolBusScheduleRequest) with 4 errors: [Field error in object 'schoolBusScheduleRequest' on field 'departureTime': rejected value [null]; codes [NotBlank.schoolBusScheduleRequest.departureTime,NotBlank.departureTime,NotBlank.java.lang.String,NotBlank]; arguments [org.springframework.context.support.DefaultMessageSourceResolvable: codes [schoolBusScheduleRequest.departureTime,departureTime]; arguments []; default message [departureTime]]; default message [发车时间不能为空]] [Field error in object 'schoolBusScheduleRequest' on field 'departureCampus': rejected value [null]; codes [NotBlank.schoolBusScheduleRequest.departureCampus,NotBlank.departureCampus,NotBlank.java.lang.String,NotBlank]; arguments [org.springframework.context.support.DefaultMessageSourceResolvable: codes [schoolBusScheduleRequest.departureCampus,departureCampus]; arguments []; default message [departureCampus]]; default message [起点校区不能为空]] [Field error in object 'schoolBusScheduleRequest' on field 'arrivalCampus': rejected value [null]; codes [NotBlank.schoolBusScheduleRequest.arrivalCampus,NotBlank.arrivalCampus,NotBlank.java.lang.String,NotBlank]; arguments [org.springframework.context.support.DefaultMessageSourceResolvable: codes [schoolBusScheduleRequest.arrivalCampus,arrivalCampus]; arguments []; default message [arrivalCampus]]; default message [终点校区不能为空]] [Field error in object 'schoolBusScheduleRequest' on field 'totalSeats': rejected value [null]; codes [NotNull.schoolBusScheduleRequest.totalSeats,NotNull.totalSeats,NotNull.java.lang.Integer,NotNull]; arguments [org.springframework.context.support.DefaultMessageSourceResolvable: codes [schoolBusScheduleRequest.totalSeats,totalSeats]; arguments []; default message [totalSeats]]; default message [座位总数不能为空]] ]
2026-05-21 15:33:58,008 [http-nio-22222-exec-1] INFO  c.e.s.j.s.c.JwtAuthenticationFilter                - /api/schoolbus/saveSchedule,admin,2026-05-21 15:33:57,0.055
2026-05-21 15:35:38,656 [http-nio-22222-exec-5] INFO  c.e.s.j.s.c.JwtAuthenticationFilter                - /api/base/getDataBaseUserName,admin,2026-05-21 15:35:38,0.024
2026-05-21 15:35:38,776 [http-nio-22222-exec-3] INFO  c.e.s.j.s.c.JwtAuthenticationFilter                - /api/base/getMenuList,admin,2026-05-21 15:35:38,0.114
2026-05-21 15:35:41,193 [http-nio-22222-exec-6] INFO  c.e.s.j.s.c.JwtAuthenticationFilter                - /api/schoolbus/getCampusList,admin,2026-05-21 15:35:41,0.035
2026-05-21 15:35:41,239 [http-nio-22222-exec-9] INFO  c.e.s.j.s.c.JwtAuthenticationFilter                - /api/schoolbus/getAllSchedules,admin,2026-05-21 15:35:41,0.04
2026-05-21 15:35:41,320 [http-nio-22222-exec-8] INFO  c.e.s.j.s.c.JwtAuthenticationFilter                - /api/schoolbus/getAllSchedules,admin,2026-05-21 15:35:41,0.06
2026-05-21 15:35:59,358 [http-nio-22222-exec-4] INFO  c.e.s.j.s.c.JwtAuthenticationFilter                - /api/schoolbus/saveSchedule,admin,2026-05-21 15:35:59,0.145
2026-05-21 15:35:59,471 [http-nio-22222-exec-5] INFO  c.e.s.j.s.c.JwtAuthenticationFilter                - /api/schoolbus/getAllSchedules,admin,2026-05-21 15:35:59,0.08
2026-05-21 15:36:06,070 [http-nio-22222-exec-3] INFO  c.e.s.j.s.c.JwtAuthenticationFilter                - /api/schoolbus/getAllSchedules,admin,2026-05-21 15:36:06,0.045
2026-05-21 15:36:09,254 [http-nio-22222-exec-9] INFO  c.e.s.j.s.c.JwtAuthenticationFilter                - /api/course/getCourseList,admin,2026-05-21 15:36:09,0.036
2026-05-21 15:36:09,290 [http-nio-22222-exec-1] INFO  c.e.s.j.s.c.JwtAuthenticationFilter                - /api/course/getCourseList,admin,2026-05-21 15:36:09,0.028
2026-05-21 15:36:11,240 [http-nio-22222-exec-2] INFO  c.e.s.j.s.c.JwtAuthenticationFilter                - /api/schoolbus/getAllSchedules,admin,2026-05-21 15:36:11,0.052
2026-05-21 15:36:24,972 [http-nio-22222-exec-4] INFO  c.e.s.j.s.c.JwtAuthenticationFilter                - /api/schoolbus/deleteSchedule,admin,2026-05-21 15:36:24,0.152
2026-05-21 15:36:25,033 [http-nio-22222-exec-5] INFO  c.e.s.j.s.c.JwtAuthenticationFilter                - /api/schoolbus/getAllSchedules,admin,2026-05-21 15:36:24,0.042
2026-05-21 15:37:42,970 [http-nio-22222-exec-2] INFO  c.e.s.j.s.c.JwtAuthenticationFilter                - /api/schoolbus/saveSchedule,admin,2026-05-21 15:37:42,0.145
2026-05-21 15:37:43,033 [http-nio-22222-exec-8] INFO  c.e.s.j.s.c.JwtAuthenticationFilter                - /api/schoolbus/getAllSchedules,admin,2026-05-21 15:37:42,0.042
2026-05-21 15:37:48,381 [http-nio-22222-exec-3] INFO  c.e.s.j.s.c.JwtAuthenticationFilter                - /api/base/getDataBaseUserName,2022030001,2026-05-21 15:37:48,0.02
2026-05-21 15:37:48,473 [http-nio-22222-exec-9] INFO  c.e.s.j.s.c.JwtAuthenticationFilter                - /api/base/getMenuList,2022030001,2026-05-21 15:37:48,0.087
2026-05-21 15:37:52,544 [http-nio-22222-exec-1] INFO  c.e.s.j.s.c.JwtAuthenticationFilter                - /api/schoolbus/getCampusList,2022030001,2026-05-21 15:37:52,0.043
2026-05-21 15:37:52,587 [http-nio-22222-exec-7] INFO  c.e.s.j.s.c.JwtAuthenticationFilter                - /api/schoolbus/getActiveSchedules,2022030001,2026-05-21 15:37:52,0.038
2026-05-21 15:37:52,623 [http-nio-22222-exec-10] INFO  c.e.s.j.s.c.JwtAuthenticationFilter                - /api/schoolbus/getActiveSchedules,2022030001,2026-05-21 15:37:52,0.03
2026-05-21 15:38:08,312 [http-nio-22222-exec-3] INFO  c.e.s.j.s.c.JwtAuthenticationFilter                - /api/schoolbus/reserveSeat,2022030001,2026-05-21 15:38:08,0.257
2026-05-21 15:38:08,359 [http-nio-22222-exec-9] INFO  c.e.s.j.s.c.JwtAuthenticationFilter                - /api/schoolbus/getActiveSchedules,2022030001,2026-05-21 15:38:08,0.026
2026-05-21 15:38:13,989 [http-nio-22222-exec-1] INFO  c.e.s.j.s.c.JwtAuthenticationFilter                - /api/schoolbus/getActiveSchedules,2022030001,2026-05-21 15:38:13,0.037
2026-05-21 15:38:16,335 [http-nio-22222-exec-7] INFO  c.e.s.j.s.c.JwtAuthenticationFilter                - /api/schoolbus/getCampusList,2022030001,2026-05-21 15:38:16,0.038
2026-05-21 15:38:16,451 [http-nio-22222-exec-10] INFO  c.e.s.j.s.c.JwtAuthenticationFilter                - /api/schoolbus/getMyReservations,2022030001,2026-05-21 15:38:16,0.112
2026-05-21 15:38:16,570 [http-nio-22222-exec-5] INFO  c.e.s.j.s.c.JwtAuthenticationFilter                - /api/schoolbus/getMyReservations,2022030001,2026-05-21 15:38:16,0.112
2026-05-21 15:38:20,935 [http-nio-22222-exec-1] INFO  c.e.s.j.s.c.JwtAuthenticationFilter                - /api/schoolbus/getMyReservations,2022030001,2026-05-21 15:38:20,0.152
2026-05-21 15:38:20,978 [http-nio-22222-exec-7] INFO  c.e.s.j.s.c.JwtAuthenticationFilter                - /api/schoolbus/getActiveSchedules,2022030001,2026-05-21 15:38:20,0.036
2026-05-21 15:38:27,195 [http-nio-22222-exec-5] INFO  c.e.s.j.s.c.JwtAuthenticationFilter                - /api/schoolbus/getSchedulesByRoute,2022030001,2026-05-21 15:38:27,0.036
2026-05-21 15:38:31,069 [http-nio-22222-exec-6] INFO  c.e.s.j.s.c.JwtAuthenticationFilter                - /api/schoolbus/getSchedulesByRoute,2022030001,2026-05-21 15:38:31,0.037
2026-05-21 15:38:34,430 [http-nio-22222-exec-9] INFO  c.e.s.j.s.c.JwtAuthenticationFilter                - /api/schoolbus/getSchedulesByRoute,2022030001,2026-05-21 15:38:34,0.069
2026-05-21 15:38:39,221 [http-nio-22222-exec-3] INFO  c.e.s.j.s.c.JwtAuthenticationFilter                - /api/schoolbus/getSchedulesByRoute,2022030001,2026-05-21 15:38:39,0.025
2026-05-21 15:38:49,148 [http-nio-22222-exec-7] INFO  c.e.s.j.s.c.JwtAuthenticationFilter                - /api/base/getDataBaseUserName,22,2026-05-21 15:38:49,0.02
2026-05-21 15:38:49,251 [http-nio-22222-exec-10] INFO  c.e.s.j.s.c.JwtAuthenticationFilter                - /api/base/getMenuList,22,2026-05-21 15:38:49,0.098
2026-05-21 15:38:51,257 [http-nio-22222-exec-5] INFO  c.e.s.j.s.c.JwtAuthenticationFilter                - /api/schoolbus/getCampusList,22,2026-05-21 15:38:51,0.032
2026-05-21 15:38:51,289 [http-nio-22222-exec-2] INFO  c.e.s.j.s.c.JwtAuthenticationFilter                - /api/schoolbus/getActiveSchedules,22,2026-05-21 15:38:51,0.026
2026-05-21 15:38:51,323 [http-nio-22222-exec-8] INFO  c.e.s.j.s.c.JwtAuthenticationFilter                - /api/schoolbus/getActiveSchedules,22,2026-05-21 15:38:51,0.026
2026-05-21 15:38:59,538 [http-nio-22222-exec-2] INFO  c.e.s.j.s.c.JwtAuthenticationFilter                - /api/schoolbus/reserveSeat,22,2026-05-21 15:38:59,0.271
2026-05-21 15:38:59,581 [http-nio-22222-exec-8] INFO  c.e.s.j.s.c.JwtAuthenticationFilter                - /api/schoolbus/getActiveSchedules,22,2026-05-21 15:38:59,0.027
2026-05-21 15:39:05,835 [http-nio-22222-exec-5] INFO  c.e.s.j.s.c.JwtAuthenticationFilter                - /api/base/getDataBaseUserName,admin,2026-05-21 15:39:05,0.02
2026-05-21 15:39:05,955 [http-nio-22222-exec-9] INFO  c.e.s.j.s.c.JwtAuthenticationFilter                - /api/base/getMenuList,admin,2026-05-21 15:39:05,0.116
2026-05-21 15:39:08,414 [http-nio-22222-exec-7] INFO  c.e.s.j.s.c.JwtAuthenticationFilter                - /api/schoolbus/getCampusList,admin,2026-05-21 15:39:08,0.039
2026-05-21 15:39:08,465 [http-nio-22222-exec-4] INFO  c.e.s.j.s.c.JwtAuthenticationFilter                - /api/schoolbus/getAllSchedules,admin,2026-05-21 15:39:08,0.046
2026-05-21 15:39:08,521 [http-nio-22222-exec-1] INFO  c.e.s.j.s.c.JwtAuthenticationFilter                - /api/schoolbus/getAllSchedules,admin,2026-05-21 15:39:08,0.049
2026-05-21 15:39:12,771 [http-nio-22222-exec-7] INFO  c.e.s.j.s.c.JwtAuthenticationFilter                - /api/schoolbus/getScheduleReservations,admin,2026-05-21 15:39:12,0.112
2026-05-26 23:06:20,674 [background-preinit] INFO  o.h.validator.internal.util.Version                - HV000001: Hibernate Validator 8.0.2.Final
2026-05-26 23:06:20,736 [main] INFO  c.e.s.java.server.JavaServerApplication            - Starting JavaServerApplication using Java 21.0.10 with PID 21780 (C:\Users\浣熊\Downloads\java-fx\java-server\target\classes started by 浣熊 in C:\Users\浣熊\Downloads\java-fx\java-server)
2026-05-26 23:06:20,737 [main] INFO  c.e.s.java.server.JavaServerApplication            - No active profile set, falling back to 1 default profile: "default"
2026-05-26 23:06:21,515 [main] INFO  o.s.d.r.c.RepositoryConfigurationDelegate          - Multiple Spring Data modules found, entering strict repository configuration mode
2026-05-26 23:06:21,517 [main] INFO  o.s.d.r.c.RepositoryConfigurationDelegate          - Bootstrapping Spring Data JPA repositories in DEFAULT mode.
2026-05-26 23:06:21,701 [main] INFO  o.s.d.r.c.RepositoryConfigurationDelegate          - Finished Spring Data repository scanning in 178 ms. Found 33 JPA repository interfaces.
2026-05-26 23:06:21,718 [main] INFO  o.s.d.r.c.RepositoryConfigurationDelegate          - Multiple Spring Data modules found, entering strict repository configuration mode
2026-05-26 23:06:21,719 [main] INFO  o.s.d.r.c.RepositoryConfigurationDelegate          - Bootstrapping Spring Data Redis repositories in DEFAULT mode.
2026-05-26 23:06:21,737 [main] INFO  o.s.d.r.c.RepositoryConfigurationExtensionSupport  - Spring Data Redis - Could not safely identify store assignment for repository candidate interface cn.edu.sdu.java.server.repositorys.AnswerRepository; If you want this repository to be a Redis repository, consider annotating your entities with one of these annotations: org.springframework.data.redis.core.RedisHash (preferred), or consider extending one of the following types with your repository: org.springframework.data.keyvalue.repository.KeyValueRepository
2026-05-26 23:06:21,738 [main] INFO  o.s.d.r.c.RepositoryConfigurationExtensionSupport  - Spring Data Redis - Could not safely identify store assignment for repository candidate interface cn.edu.sdu.java.server.repositorys.CourseRepository; If you want this repository to be a Redis repository, consider annotating your entities with one of these annotations: org.springframework.data.redis.core.RedisHash (preferred), or consider extending one of the following types with your repository: org.springframework.data.keyvalue.repository.KeyValueRepository
2026-05-26 23:06:21,738 [main] INFO  o.s.d.r.c.RepositoryConfigurationExtensionSupport  - Spring Data Redis - Could not safely identify store assignment for repository candidate interface cn.edu.sdu.java.server.repositorys.CoursewareRepository; If you want this repository to be a Redis repository, consider annotating your entities with one of these annotations: org.springframework.data.redis.core.RedisHash (preferred), or consider extending one of the following types with your repository: org.springframework.data.keyvalue.repository.KeyValueRepository
2026-05-26 23:06:21,738 [main] INFO  o.s.d.r.c.RepositoryConfigurationExtensionSupport  - Spring Data Redis - Could not safely identify store assignment for repository candidate interface cn.edu.sdu.java.server.repositorys.DictionaryInfoRepository; If you want this repository to be a Redis repository, consider annotating your entities with one of these annotations: org.springframework.data.redis.core.RedisHash (preferred), or consider extending one of the following types with your repository: org.springframework.data.keyvalue.repository.KeyValueRepository
2026-05-26 23:06:21,739 [main] INFO  o.s.d.r.c.RepositoryConfigurationExtensionSupport  - Spring Data Redis - Could not safely identify store assignment for repository candidate interface cn.edu.sdu.java.server.repositorys.FamilyMemberRepository; If you want this repository to be a Redis repository, consider annotating your entities with one of these annotations: org.springframework.data.redis.core.RedisHash (preferred), or consider extending one of the following types with your repository: org.springframework.data.keyvalue.repository.KeyValueRepository
2026-05-26 23:06:21,739 [main] INFO  o.s.d.r.c.RepositoryConfigurationExtensionSupport  - Spring Data Redis - Could not safely identify store assignment for repository candidate interface cn.edu.sdu.java.server.repositorys.FeeRepository; If you want this repository to be a Redis repository, consider annotating your entities with one of these annotations: org.springframework.data.redis.core.RedisHash (preferred), or consider extending one of the following types with your repository: org.springframework.data.keyvalue.repository.KeyValueRepository
2026-05-26 23:06:21,739 [main] INFO  o.s.d.r.c.RepositoryConfigurationExtensionSupport  - Spring Data Redis - Could not safely identify store assignment for repository candidate interface cn.edu.sdu.java.server.repositorys.KeyTopicRepository; If you want this repository to be a Redis repository, consider annotating your entities with one of these annotations: org.springframework.data.redis.core.RedisHash (preferred), or consider extending one of the following types with your repository: org.springframework.data.keyvalue.repository.KeyValueRepository
2026-05-26 23:06:21,739 [main] INFO  o.s.d.r.c.RepositoryConfigurationExtensionSupport  - Spring Data Redis - Could not safely identify store assignment for repository candidate interface cn.edu.sdu.java.server.repositorys.MenuInfoRepository; If you want this repository to be a Redis repository, consider annotating your entities with one of these annotations: org.springframework.data.redis.core.RedisHash (preferred), or consider extending one of the following types with your repository: org.springframework.data.keyvalue.repository.KeyValueRepository
2026-05-26 23:06:21,740 [main] INFO  o.s.d.r.c.RepositoryConfigurationExtensionSupport  - Spring Data Redis - Could not safely identify store assignment for repository candidate interface cn.edu.sdu.java.server.repositorys.ModifyLogRepository; If you want this repository to be a Redis repository, consider annotating your entities with one of these annotations: org.springframework.data.redis.core.RedisHash (preferred), or consider extending one of the following types with your repository: org.springframework.data.keyvalue.repository.KeyValueRepository
2026-05-26 23:06:21,740 [main] INFO  o.s.d.r.c.RepositoryConfigurationExtensionSupport  - Spring Data Redis - Could not safely identify store assignment for repository candidate interface cn.edu.sdu.java.server.repositorys.NoticeReadRepository; If you want this repository to be a Redis repository, consider annotating your entities with one of these annotations: org.springframework.data.redis.core.RedisHash (preferred), or consider extending one of the following types with your repository: org.springframework.data.keyvalue.repository.KeyValueRepository
2026-05-26 23:06:21,740 [main] INFO  o.s.d.r.c.RepositoryConfigurationExtensionSupport  - Spring Data Redis - Could not safely identify store assignment for repository candidate interface cn.edu.sdu.java.server.repositorys.NoticeRepository; If you want this repository to be a Redis repository, consider annotating your entities with one of these annotations: org.springframework.data.redis.core.RedisHash (preferred), or consider extending one of the following types with your repository: org.springframework.data.keyvalue.repository.KeyValueRepository
2026-05-26 23:06:21,740 [main] INFO  o.s.d.r.c.RepositoryConfigurationExtensionSupport  - Spring Data Redis - Could not safely identify store assignment for repository candidate interface cn.edu.sdu.java.server.repositorys.NoticeTargetRepository; If you want this repository to be a Redis repository, consider annotating your entities with one of these annotations: org.springframework.data.redis.core.RedisHash (preferred), or consider extending one of the following types with your repository: org.springframework.data.keyvalue.repository.KeyValueRepository
2026-05-26 23:06:21,741 [main] INFO  o.s.d.r.c.RepositoryConfigurationExtensionSupport  - Spring Data Redis - Could not safely identify store assignment for repository candidate interface cn.edu.sdu.java.server.repositorys.PersonRepository; If you want this repository to be a Redis repository, consider annotating your entities with one of these annotations: org.springframework.data.redis.core.RedisHash (preferred), or consider extending one of the following types with your repository: org.springframework.data.keyvalue.repository.KeyValueRepository
2026-05-26 23:06:21,742 [main] INFO  o.s.d.r.c.RepositoryConfigurationExtensionSupport  - Spring Data Redis - Could not safely identify store assignment for repository candidate interface cn.edu.sdu.java.server.repositorys.PracticeMemberRepository; If you want this repository to be a Redis repository, consider annotating your entities with one of these annotations: org.springframework.data.redis.core.RedisHash (preferred), or consider extending one of the following types with your repository: org.springframework.data.keyvalue.repository.KeyValueRepository
2026-05-26 23:06:21,742 [main] INFO  o.s.d.r.c.RepositoryConfigurationExtensionSupport  - Spring Data Redis - Could not safely identify store assignment for repository candidate interface cn.edu.sdu.java.server.repositorys.PracticeProjectRepository; If you want this repository to be a Redis repository, consider annotating your entities with one of these annotations: org.springframework.data.redis.core.RedisHash (preferred), or consider extending one of the following types with your repository: org.springframework.data.keyvalue.repository.KeyValueRepository
2026-05-26 23:06:21,742 [main] INFO  o.s.d.r.c.RepositoryConfigurationExtensionSupport  - Spring Data Redis - Could not safely identify store assignment for repository candidate interface cn.edu.sdu.java.server.repositorys.PracticeReviewRepository; If you want this repository to be a Redis repository, consider annotating your entities with one of these annotations: org.springframework.data.redis.core.RedisHash (preferred), or consider extending one of the following types with your repository: org.springframework.data.keyvalue.repository.KeyValueRepository
2026-05-26 23:06:21,742 [main] INFO  o.s.d.r.c.RepositoryConfigurationExtensionSupport  - Spring Data Redis - Could not safely identify store assignment for repository candidate interface cn.edu.sdu.java.server.repositorys.PracticeSummaryRepository; If you want this repository to be a Redis repository, consider annotating your entities with one of these annotations: org.springframework.data.redis.core.RedisHash (preferred), or consider extending one of the following types with your repository: org.springframework.data.keyvalue.repository.KeyValueRepository
2026-05-26 23:06:21,742 [main] INFO  o.s.d.r.c.RepositoryConfigurationExtensionSupport  - Spring Data Redis - Could not safely identify store assignment for repository candidate interface cn.edu.sdu.java.server.repositorys.QuestionnaireRepository; If you want this repository to be a Redis repository, consider annotating your entities with one of these annotations: org.springframework.data.redis.core.RedisHash (preferred), or consider extending one of the following types with your repository: org.springframework.data.keyvalue.repository.KeyValueRepository
2026-05-26 23:06:21,742 [main] INFO  o.s.d.r.c.RepositoryConfigurationExtensionSupport  - Spring Data Redis - Could not safely identify store assignment for repository candidate interface cn.edu.sdu.java.server.repositorys.QuestionOptionRepository; If you want this repository to be a Redis repository, consider annotating your entities with one of these annotations: org.springframework.data.redis.core.RedisHash (preferred), or consider extending one of the following types with your repository: org.springframework.data.keyvalue.repository.KeyValueRepository
2026-05-26 23:06:21,743 [main] INFO  o.s.d.r.c.RepositoryConfigurationExtensionSupport  - Spring Data Redis - Could not safely identify store assignment for repository candidate interface cn.edu.sdu.java.server.repositorys.QuestionRepository; If you want this repository to be a Redis repository, consider annotating your entities with one of these annotations: org.springframework.data.redis.core.RedisHash (preferred), or consider extending one of the following types with your repository: org.springframework.data.keyvalue.repository.KeyValueRepository
2026-05-26 23:06:21,743 [main] INFO  o.s.d.r.c.RepositoryConfigurationExtensionSupport  - Spring Data Redis - Could not safely identify store assignment for repository candidate interface cn.edu.sdu.java.server.repositorys.ResponseRepository; If you want this repository to be a Redis repository, consider annotating your entities with one of these annotations: org.springframework.data.redis.core.RedisHash (preferred), or consider extending one of the following types with your repository: org.springframework.data.keyvalue.repository.KeyValueRepository
2026-05-26 23:06:21,743 [main] INFO  o.s.d.r.c.RepositoryConfigurationExtensionSupport  - Spring Data Redis - Could not safely identify store assignment for repository candidate interface cn.edu.sdu.java.server.repositorys.SchoolBusCampusRepository; If you want this repository to be a Redis repository, consider annotating your entities with one of these annotations: org.springframework.data.redis.core.RedisHash (preferred), or consider extending one of the following types with your repository: org.springframework.data.keyvalue.repository.KeyValueRepository
2026-05-26 23:06:21,743 [main] INFO  o.s.d.r.c.RepositoryConfigurationExtensionSupport  - Spring Data Redis - Could not safely identify store assignment for repository candidate interface cn.edu.sdu.java.server.repositorys.SchoolBusReservationRepository; If you want this repository to be a Redis repository, consider annotating your entities with one of these annotations: org.springframework.data.redis.core.RedisHash (preferred), or consider extending one of the following types with your repository: org.springframework.data.keyvalue.repository.KeyValueRepository
2026-05-26 23:06:21,743 [main] INFO  o.s.d.r.c.RepositoryConfigurationExtensionSupport  - Spring Data Redis - Could not safely identify store assignment for repository candidate interface cn.edu.sdu.java.server.repositorys.SchoolBusScheduleRepository; If you want this repository to be a Redis repository, consider annotating your entities with one of these annotations: org.springframework.data.redis.core.RedisHash (preferred), or consider extending one of the following types with your repository: org.springframework.data.keyvalue.repository.KeyValueRepository
2026-05-26 23:06:21,745 [main] INFO  o.s.d.r.c.RepositoryConfigurationExtensionSupport  - Spring Data Redis - Could not safely identify store assignment for repository candidate interface cn.edu.sdu.java.server.repositorys.ScoreRepository; If you want this repository to be a Redis repository, consider annotating your entities with one of these annotations: org.springframework.data.redis.core.RedisHash (preferred), or consider extending one of the following types with your repository: org.springframework.data.keyvalue.repository.KeyValueRepository
2026-05-26 23:06:21,746 [main] INFO  o.s.d.r.c.RepositoryConfigurationExtensionSupport  - Spring Data Redis - Could not safely identify store assignment for repository candidate interface cn.edu.sdu.java.server.repositorys.StatisticsDayRepository; If you want this repository to be a Redis repository, consider annotating your entities with one of these annotations: org.springframework.data.redis.core.RedisHash (preferred), or consider extending one of the following types with your repository: org.springframework.data.keyvalue.repository.KeyValueRepository
2026-05-26 23:06:21,746 [main] INFO  o.s.d.r.c.RepositoryConfigurationExtensionSupport  - Spring Data Redis - Could not safely identify store assignment for repository candidate interface cn.edu.sdu.java.server.repositorys.StudentLeaveRepository; If you want this repository to be a Redis repository, consider annotating your entities with one of these annotations: org.springframework.data.redis.core.RedisHash (preferred), or consider extending one of the following types with your repository: org.springframework.data.keyvalue.repository.KeyValueRepository
2026-05-26 23:06:21,746 [main] INFO  o.s.d.r.c.RepositoryConfigurationExtensionSupport  - Spring Data Redis - Could not safely identify store assignment for repository candidate interface cn.edu.sdu.java.server.repositorys.StudentRepository; If you want this repository to be a Redis repository, consider annotating your entities with one of these annotations: org.springframework.data.redis.core.RedisHash (preferred), or consider extending one of the following types with your repository: org.springframework.data.keyvalue.repository.KeyValueRepository
2026-05-26 23:06:21,747 [main] INFO  o.s.d.r.c.RepositoryConfigurationExtensionSupport  - Spring Data Redis - Could not safely identify store assignment for repository candidate interface cn.edu.sdu.java.server.repositorys.StudentStatisticsRepository; If you want this repository to be a Redis repository, consider annotating your entities with one of these annotations: org.springframework.data.redis.core.RedisHash (preferred), or consider extending one of the following types with your repository: org.springframework.data.keyvalue.repository.KeyValueRepository
2026-05-26 23:06:21,747 [main] INFO  o.s.d.r.c.RepositoryConfigurationExtensionSupport  - Spring Data Redis - Could not safely identify store assignment for repository candidate interface cn.edu.sdu.java.server.repositorys.SystemInfoRepository; If you want this repository to be a Redis repository, consider annotating your entities with one of these annotations: org.springframework.data.redis.core.RedisHash (preferred), or consider extending one of the following types with your repository: org.springframework.data.keyvalue.repository.KeyValueRepository
2026-05-26 23:06:21,748 [main] INFO  o.s.d.r.c.RepositoryConfigurationExtensionSupport  - Spring Data Redis - Could not safely identify store assignment for repository candidate interface cn.edu.sdu.java.server.repositorys.TeacherRepository; If you want this repository to be a Redis repository, consider annotating your entities with one of these annotations: org.springframework.data.redis.core.RedisHash (preferred), or consider extending one of the following types with your repository: org.springframework.data.keyvalue.repository.KeyValueRepository
2026-05-26 23:06:21,748 [main] INFO  o.s.d.r.c.RepositoryConfigurationExtensionSupport  - Spring Data Redis - Could not safely identify store assignment for repository candidate interface cn.edu.sdu.java.server.repositorys.UserRepository; If you want this repository to be a Redis repository, consider annotating your entities with one of these annotations: org.springframework.data.redis.core.RedisHash (preferred), or consider extending one of the following types with your repository: org.springframework.data.keyvalue.repository.KeyValueRepository
2026-05-26 23:06:21,748 [main] INFO  o.s.d.r.c.RepositoryConfigurationExtensionSupport  - Spring Data Redis - Could not safely identify store assignment for repository candidate interface cn.edu.sdu.java.server.repositorys.UserTypeRepository; If you want this repository to be a Redis repository, consider annotating your entities with one of these annotations: org.springframework.data.redis.core.RedisHash (preferred), or consider extending one of the following types with your repository: org.springframework.data.keyvalue.repository.KeyValueRepository
2026-05-26 23:06:21,748 [main] INFO  o.s.d.r.c.RepositoryConfigurationDelegate          - Finished Spring Data repository scanning in 20 ms. Found 0 Redis repository interfaces.
2026-05-26 23:06:22,311 [main] INFO  o.s.b.w.embedded.tomcat.TomcatWebServer            - Tomcat initialized with port 22222 (http)
2026-05-26 23:06:22,322 [main] INFO  o.apache.coyote.http11.Http11NioProtocol           - Initializing ProtocolHandler ["http-nio-22222"]
2026-05-26 23:06:22,323 [main] INFO  o.apache.catalina.core.StandardService             - Starting service [Tomcat]
2026-05-26 23:06:22,324 [main] INFO  org.apache.catalina.core.StandardEngine            - Starting Servlet engine: [Apache Tomcat/10.1.34]
2026-05-26 23:06:22,396 [main] INFO  o.a.c.c.C.[Tomcat].[localhost].[/]                 - Initializing Spring embedded WebApplicationContext
2026-05-26 23:06:22,397 [main] INFO  o.s.b.w.s.c.ServletWebServerApplicationContext     - Root WebApplicationContext: initialization completed in 1599 ms
2026-05-26 23:06:22,499 [main] INFO  o.hibernate.jpa.internal.util.LogHelper            - HHH000204: Processing PersistenceUnitInfo [name: default]
2026-05-26 23:06:22,566 [main] INFO  org.hibernate.Version                              - HHH000412: Hibernate ORM core version 6.6.5.Final
2026-05-26 23:06:22,607 [main] INFO  o.h.c.internal.RegionFactoryInitiator              - HHH000026: Second-level cache disabled
2026-05-26 23:06:22,863 [main] INFO  o.s.o.j.p.SpringPersistenceUnitInfo                - No LoadTimeWeaver setup: ignoring JPA class transformer
2026-05-26 23:06:22,889 [main] INFO  com.zaxxer.hikari.HikariDataSource                 - HikariPool-1 - Starting...
2026-05-26 23:06:32,594 [main] INFO  com.zaxxer.hikari.pool.HikariPool                  - HikariPool-1 - Added connection com.mysql.cj.jdbc.ConnectionImpl@6b86826a
2026-05-26 23:06:32,595 [main] INFO  com.zaxxer.hikari.HikariDataSource                 - HikariPool-1 - Start completed.
2026-05-26 23:06:32,670 [main] INFO  org.hibernate.orm.connections.pooling              - HHH10001005: Database info:
	Database JDBC URL [Connecting through datasource 'HikariDataSource (HikariPool-1)']
	Database driver: undefined/unknown
	Database version: 8.0.35
	Autocommit mode: undefined/unknown
	Isolation level: undefined/unknown
	Minimum pool size: undefined/unknown
	Maximum pool size: undefined/unknown
2026-05-26 23:06:33,619 [main] INFO  o.h.e.t.j.p.i.JtaPlatformInitiator                 - HHH000489: No JTA platform available (set 'hibernate.transaction.jta.platform' to enable JTA platform integration)
2026-05-26 23:06:33,952 [main] INFO  o.s.o.j.LocalContainerEntityManagerFactoryBean     - Initialized JPA EntityManagerFactory for persistence unit 'default'
2026-05-26 23:06:34,132 [main] INFO  o.s.d.j.r.query.QueryEnhancerFactory               - Hibernate is in classpath; If applicable, HQL parser will be used.
2026-05-26 23:06:34,527 [main] WARN  o.s.b.a.o.j.JpaBaseConfiguration$JpaWebConfiguration - spring.jpa.open-in-view is enabled by default. Therefore, database queries may be performed during view rendering. Explicitly configure spring.jpa.open-in-view to disable this warning
2026-05-26 23:06:34,815 [main] INFO  o.s.s.c.a.a.c.InitializeAuthenticationProviderBeanManagerConfigurer$InitializeAuthenticationProviderManagerConfigurer - Global AuthenticationManager configured with AuthenticationProvider bean with name authenticationProvider
2026-05-26 23:06:34,815 [main] WARN  o.s.s.c.a.a.c.InitializeUserDetailsBeanManagerConfigurer$InitializeUserDetailsManagerConfigurer - Global AuthenticationManager configured with an AuthenticationProvider bean. UserDetailsService beans will not be used by Spring Security for automatically configuring username/password login. Consider removing the AuthenticationProvider bean. Alternatively, consider using the UserDetailsService in a manually instantiated DaoAuthenticationProvider. If the current configuration is intentional, to turn off this warning, increase the logging level of 'org.springframework.security.config.annotation.authentication.configuration.InitializeUserDetailsBeanManagerConfigurer' to ERROR
2026-05-26 23:06:35,492 [main] INFO  o.s.b.a.w.s.WelcomePageHandlerMapping              - Adding welcome page: class path resource [public/index.html]
2026-05-26 23:06:35,834 [main] INFO  o.apache.coyote.http11.Http11NioProtocol           - Starting ProtocolHandler ["http-nio-22222"]
2026-05-26 23:06:35,850 [main] INFO  o.s.b.w.embedded.tomcat.TomcatWebServer            - Tomcat started on port 22222 (http) with context path '/'
2026-05-26 23:06:35,855 [main] INFO  c.e.s.java.server.JavaServerApplication            - Started JavaServerApplication in 15.771 seconds (process running for 16.323)
2026-05-26 23:06:35,857 [main] INFO  c.e.s.j.server.SystemApplicationListener           - org.springframework.boot.context.event.ApplicationReadyEvent[source=org.springframework.boot.SpringApplication@49899a52]
2026-05-26 23:06:35,857 [main] INFO  c.e.s.j.server.SystemApplicationListener           - SystemInitStart
2026-05-26 23:06:36,015 [main] INFO  c.e.s.j.server.SystemApplicationListener           - systemInitEnd
2026-05-26 23:07:54,876 [http-nio-22222-exec-1] INFO  o.a.c.c.C.[Tomcat].[localhost].[/]                 - Initializing Spring DispatcherServlet 'dispatcherServlet'
2026-05-26 23:07:54,876 [http-nio-22222-exec-1] INFO  o.s.web.servlet.DispatcherServlet                  - Initializing Servlet 'dispatcherServlet'
2026-05-26 23:07:54,877 [http-nio-22222-exec-1] INFO  o.s.web.servlet.DispatcherServlet                  - Completed initialization in 1 ms
2026-05-26 23:07:55,519 [http-nio-22222-exec-5] INFO  c.e.s.j.s.c.JwtAuthenticationFilter                - /api/base/getDataBaseUserName,admin,2026-05-26 23:07:55,0.061
2026-05-26 23:07:55,718 [http-nio-22222-exec-3] INFO  c.e.s.j.s.c.JwtAuthenticationFilter                - /api/base/getMenuList,admin,2026-05-26 23:07:55,0.192
2026-05-26 23:07:58,287 [http-nio-22222-exec-4] INFO  c.e.s.j.s.c.JwtAuthenticationFilter                - /api/course/getCourseList,admin,2026-05-26 23:07:58,0.096
2026-05-26 23:07:58,361 [http-nio-22222-exec-6] INFO  c.e.s.j.s.c.JwtAuthenticationFilter                - /api/courseware/getCoursewareList,admin,2026-05-26 23:07:58,0.055
2026-05-26 23:07:58,429 [http-nio-22222-exec-7] INFO  c.e.s.j.s.c.JwtAuthenticationFilter                - /api/courseware/getCoursewareList,admin,2026-05-26 23:07:58,0.049
2026-05-26 23:08:16,667 [http-nio-22222-exec-5] INFO  c.e.s.j.s.c.JwtAuthenticationFilter                - /api/courseware/upload,admin,2026-05-26 23:08:16,0.447
2026-05-26 23:08:16,772 [http-nio-22222-exec-3] INFO  c.e.s.j.s.c.JwtAuthenticationFilter                - /api/courseware/getCoursewareList,admin,2026-05-26 23:08:16,0.06
2026-05-26 23:08:19,672 [http-nio-22222-exec-4] INFO  c.e.s.j.s.c.JwtAuthenticationFilter                - /api/courseware/download/9,admin,2026-05-26 23:08:19,0.26
2026-05-26 23:08:29,257 [http-nio-22222-exec-2] INFO  c.e.s.j.s.c.JwtAuthenticationFilter                - /api/courseware/delete,admin,2026-05-26 23:08:28,0.324
2026-05-26 23:08:29,413 [http-nio-22222-exec-9] INFO  c.e.s.j.s.c.JwtAuthenticationFilter                - /api/courseware/getCoursewareList,admin,2026-05-26 23:08:29,0.076
2026-05-26 23:08:32,265 [http-nio-22222-exec-10] INFO  c.e.s.j.s.c.JwtAuthenticationFilter                - /api/courseware/download/6,admin,2026-05-26 23:08:32,0.222
2026-05-26 23:12:34,858 [SpringApplicationShutdownHook] INFO  o.s.b.w.embedded.tomcat.GracefulShutdown           - Commencing graceful shutdown. Waiting for active requests to complete
2026-05-26 23:12:34,866 [tomcat-shutdown] INFO  o.s.b.w.embedded.tomcat.GracefulShutdown           - Graceful shutdown complete
2026-05-26 23:12:34,895 [SpringApplicationShutdownHook] INFO  o.s.o.j.LocalContainerEntityManagerFactoryBean     - Closing JPA EntityManagerFactory for persistence unit 'default'
2026-05-26 23:12:34,897 [SpringApplicationShutdownHook] INFO  com.zaxxer.hikari.HikariDataSource                 - HikariPool-1 - Shutdown initiated...
2026-05-26 23:12:34,903 [SpringApplicationShutdownHook] INFO  com.zaxxer.hikari.HikariDataSource                 - HikariPool-1 - Shutdown completed.
2026-05-26 23:12:42,080 [background-preinit] INFO  o.h.validator.internal.util.Version                - HV000001: Hibernate Validator 8.0.2.Final
2026-05-26 23:12:42,154 [main] INFO  c.e.s.java.server.JavaServerApplication            - Starting JavaServerApplication using Java 21.0.10 with PID 20052 (C:\Users\浣熊\Downloads\java-fx\java-server\target\classes started by 浣熊 in C:\Users\浣熊\Downloads\java-fx\java-server)
2026-05-26 23:12:42,155 [main] INFO  c.e.s.java.server.JavaServerApplication            - No active profile set, falling back to 1 default profile: "default"
2026-05-26 23:12:42,944 [main] INFO  o.s.d.r.c.RepositoryConfigurationDelegate          - Multiple Spring Data modules found, entering strict repository configuration mode
2026-05-26 23:12:42,945 [main] INFO  o.s.d.r.c.RepositoryConfigurationDelegate          - Bootstrapping Spring Data JPA repositories in DEFAULT mode.
2026-05-26 23:12:43,131 [main] INFO  o.s.d.r.c.RepositoryConfigurationDelegate          - Finished Spring Data repository scanning in 178 ms. Found 33 JPA repository interfaces.
2026-05-26 23:12:43,148 [main] INFO  o.s.d.r.c.RepositoryConfigurationDelegate          - Multiple Spring Data modules found, entering strict repository configuration mode
2026-05-26 23:12:43,150 [main] INFO  o.s.d.r.c.RepositoryConfigurationDelegate          - Bootstrapping Spring Data Redis repositories in DEFAULT mode.
2026-05-26 23:12:43,167 [main] INFO  o.s.d.r.c.RepositoryConfigurationExtensionSupport  - Spring Data Redis - Could not safely identify store assignment for repository candidate interface cn.edu.sdu.java.server.repositorys.AnswerRepository; If you want this repository to be a Redis repository, consider annotating your entities with one of these annotations: org.springframework.data.redis.core.RedisHash (preferred), or consider extending one of the following types with your repository: org.springframework.data.keyvalue.repository.KeyValueRepository
2026-05-26 23:12:43,167 [main] INFO  o.s.d.r.c.RepositoryConfigurationExtensionSupport  - Spring Data Redis - Could not safely identify store assignment for repository candidate interface cn.edu.sdu.java.server.repositorys.CourseRepository; If you want this repository to be a Redis repository, consider annotating your entities with one of these annotations: org.springframework.data.redis.core.RedisHash (preferred), or consider extending one of the following types with your repository: org.springframework.data.keyvalue.repository.KeyValueRepository
2026-05-26 23:12:43,167 [main] INFO  o.s.d.r.c.RepositoryConfigurationExtensionSupport  - Spring Data Redis - Could not safely identify store assignment for repository candidate interface cn.edu.sdu.java.server.repositorys.CoursewareRepository; If you want this repository to be a Redis repository, consider annotating your entities with one of these annotations: org.springframework.data.redis.core.RedisHash (preferred), or consider extending one of the following types with your repository: org.springframework.data.keyvalue.repository.KeyValueRepository
2026-05-26 23:12:43,168 [main] INFO  o.s.d.r.c.RepositoryConfigurationExtensionSupport  - Spring Data Redis - Could not safely identify store assignment for repository candidate interface cn.edu.sdu.java.server.repositorys.DictionaryInfoRepository; If you want this repository to be a Redis repository, consider annotating your entities with one of these annotations: org.springframework.data.redis.core.RedisHash (preferred), or consider extending one of the following types with your repository: org.springframework.data.keyvalue.repository.KeyValueRepository
2026-05-26 23:12:43,168 [main] INFO  o.s.d.r.c.RepositoryConfigurationExtensionSupport  - Spring Data Redis - Could not safely identify store assignment for repository candidate interface cn.edu.sdu.java.server.repositorys.FamilyMemberRepository; If you want this repository to be a Redis repository, consider annotating your entities with one of these annotations: org.springframework.data.redis.core.RedisHash (preferred), or consider extending one of the following types with your repository: org.springframework.data.keyvalue.repository.KeyValueRepository
2026-05-26 23:12:43,168 [main] INFO  o.s.d.r.c.RepositoryConfigurationExtensionSupport  - Spring Data Redis - Could not safely identify store assignment for repository candidate interface cn.edu.sdu.java.server.repositorys.FeeRepository; If you want this repository to be a Redis repository, consider annotating your entities with one of these annotations: org.springframework.data.redis.core.RedisHash (preferred), or consider extending one of the following types with your repository: org.springframework.data.keyvalue.repository.KeyValueRepository
2026-05-26 23:12:43,168 [main] INFO  o.s.d.r.c.RepositoryConfigurationExtensionSupport  - Spring Data Redis - Could not safely identify store assignment for repository candidate interface cn.edu.sdu.java.server.repositorys.KeyTopicRepository; If you want this repository to be a Redis repository, consider annotating your entities with one of these annotations: org.springframework.data.redis.core.RedisHash (preferred), or consider extending one of the following types with your repository: org.springframework.data.keyvalue.repository.KeyValueRepository
2026-05-26 23:12:43,168 [main] INFO  o.s.d.r.c.RepositoryConfigurationExtensionSupport  - Spring Data Redis - Could not safely identify store assignment for repository candidate interface cn.edu.sdu.java.server.repositorys.MenuInfoRepository; If you want this repository to be a Redis repository, consider annotating your entities with one of these annotations: org.springframework.data.redis.core.RedisHash (preferred), or consider extending one of the following types with your repository: org.springframework.data.keyvalue.repository.KeyValueRepository
2026-05-26 23:12:43,169 [main] INFO  o.s.d.r.c.RepositoryConfigurationExtensionSupport  - Spring Data Redis - Could not safely identify store assignment for repository candidate interface cn.edu.sdu.java.server.repositorys.ModifyLogRepository; If you want this repository to be a Redis repository, consider annotating your entities with one of these annotations: org.springframework.data.redis.core.RedisHash (preferred), or consider extending one of the following types with your repository: org.springframework.data.keyvalue.repository.KeyValueRepository
2026-05-26 23:12:43,169 [main] INFO  o.s.d.r.c.RepositoryConfigurationExtensionSupport  - Spring Data Redis - Could not safely identify store assignment for repository candidate interface cn.edu.sdu.java.server.repositorys.NoticeReadRepository; If you want this repository to be a Redis repository, consider annotating your entities with one of these annotations: org.springframework.data.redis.core.RedisHash (preferred), or consider extending one of the following types with your repository: org.springframework.data.keyvalue.repository.KeyValueRepository
2026-05-26 23:12:43,169 [main] INFO  o.s.d.r.c.RepositoryConfigurationExtensionSupport  - Spring Data Redis - Could not safely identify store assignment for repository candidate interface cn.edu.sdu.java.server.repositorys.NoticeRepository; If you want this repository to be a Redis repository, consider annotating your entities with one of these annotations: org.springframework.data.redis.core.RedisHash (preferred), or consider extending one of the following types with your repository: org.springframework.data.keyvalue.repository.KeyValueRepository
2026-05-26 23:12:43,169 [main] INFO  o.s.d.r.c.RepositoryConfigurationExtensionSupport  - Spring Data Redis - Could not safely identify store assignment for repository candidate interface cn.edu.sdu.java.server.repositorys.NoticeTargetRepository; If you want this repository to be a Redis repository, consider annotating your entities with one of these annotations: org.springframework.data.redis.core.RedisHash (preferred), or consider extending one of the following types with your repository: org.springframework.data.keyvalue.repository.KeyValueRepository
2026-05-26 23:12:43,171 [main] INFO  o.s.d.r.c.RepositoryConfigurationExtensionSupport  - Spring Data Redis - Could not safely identify store assignment for repository candidate interface cn.edu.sdu.java.server.repositorys.PersonRepository; If you want this repository to be a Redis repository, consider annotating your entities with one of these annotations: org.springframework.data.redis.core.RedisHash (preferred), or consider extending one of the following types with your repository: org.springframework.data.keyvalue.repository.KeyValueRepository
2026-05-26 23:12:43,172 [main] INFO  o.s.d.r.c.RepositoryConfigurationExtensionSupport  - Spring Data Redis - Could not safely identify store assignment for repository candidate interface cn.edu.sdu.java.server.repositorys.PracticeMemberRepository; If you want this repository to be a Redis repository, consider annotating your entities with one of these annotations: org.springframework.data.redis.core.RedisHash (preferred), or consider extending one of the following types with your repository: org.springframework.data.keyvalue.repository.KeyValueRepository
2026-05-26 23:12:43,172 [main] INFO  o.s.d.r.c.RepositoryConfigurationExtensionSupport  - Spring Data Redis - Could not safely identify store assignment for repository candidate interface cn.edu.sdu.java.server.repositorys.PracticeProjectRepository; If you want this repository to be a Redis repository, consider annotating your entities with one of these annotations: org.springframework.data.redis.core.RedisHash (preferred), or consider extending one of the following types with your repository: org.springframework.data.keyvalue.repository.KeyValueRepository
2026-05-26 23:12:43,172 [main] INFO  o.s.d.r.c.RepositoryConfigurationExtensionSupport  - Spring Data Redis - Could not safely identify store assignment for repository candidate interface cn.edu.sdu.java.server.repositorys.PracticeReviewRepository; If you want this repository to be a Redis repository, consider annotating your entities with one of these annotations: org.springframework.data.redis.core.RedisHash (preferred), or consider extending one of the following types with your repository: org.springframework.data.keyvalue.repository.KeyValueRepository
2026-05-26 23:12:43,172 [main] INFO  o.s.d.r.c.RepositoryConfigurationExtensionSupport  - Spring Data Redis - Could not safely identify store assignment for repository candidate interface cn.edu.sdu.java.server.repositorys.PracticeSummaryRepository; If you want this repository to be a Redis repository, consider annotating your entities with one of these annotations: org.springframework.data.redis.core.RedisHash (preferred), or consider extending one of the following types with your repository: org.springframework.data.keyvalue.repository.KeyValueRepository
2026-05-26 23:12:43,172 [main] INFO  o.s.d.r.c.RepositoryConfigurationExtensionSupport  - Spring Data Redis - Could not safely identify store assignment for repository candidate interface cn.edu.sdu.java.server.repositorys.QuestionnaireRepository; If you want this repository to be a Redis repository, consider annotating your entities with one of these annotations: org.springframework.data.redis.core.RedisHash (preferred), or consider extending one of the following types with your repository: org.springframework.data.keyvalue.repository.KeyValueRepository
2026-05-26 23:12:43,172 [main] INFO  o.s.d.r.c.RepositoryConfigurationExtensionSupport  - Spring Data Redis - Could not safely identify store assignment for repository candidate interface cn.edu.sdu.java.server.repositorys.QuestionOptionRepository; If you want this repository to be a Redis repository, consider annotating your entities with one of these annotations: org.springframework.data.redis.core.RedisHash (preferred), or consider extending one of the following types with your repository: org.springframework.data.keyvalue.repository.KeyValueRepository
2026-05-26 23:12:43,173 [main] INFO  o.s.d.r.c.RepositoryConfigurationExtensionSupport  - Spring Data Redis - Could not safely identify store assignment for repository candidate interface cn.edu.sdu.java.server.repositorys.QuestionRepository; If you want this repository to be a Redis repository, consider annotating your entities with one of these annotations: org.springframework.data.redis.core.RedisHash (preferred), or consider extending one of the following types with your repository: org.springframework.data.keyvalue.repository.KeyValueRepository
2026-05-26 23:12:43,173 [main] INFO  o.s.d.r.c.RepositoryConfigurationExtensionSupport  - Spring Data Redis - Could not safely identify store assignment for repository candidate interface cn.edu.sdu.java.server.repositorys.ResponseRepository; If you want this repository to be a Redis repository, consider annotating your entities with one of these annotations: org.springframework.data.redis.core.RedisHash (preferred), or consider extending one of the following types with your repository: org.springframework.data.keyvalue.repository.KeyValueRepository
2026-05-26 23:12:43,173 [main] INFO  o.s.d.r.c.RepositoryConfigurationExtensionSupport  - Spring Data Redis - Could not safely identify store assignment for repository candidate interface cn.edu.sdu.java.server.repositorys.SchoolBusCampusRepository; If you want this repository to be a Redis repository, consider annotating your entities with one of these annotations: org.springframework.data.redis.core.RedisHash (preferred), or consider extending one of the following types with your repository: org.springframework.data.keyvalue.repository.KeyValueRepository
2026-05-26 23:12:43,173 [main] INFO  o.s.d.r.c.RepositoryConfigurationExtensionSupport  - Spring Data Redis - Could not safely identify store assignment for repository candidate interface cn.edu.sdu.java.server.repositorys.SchoolBusReservationRepository; If you want this repository to be a Redis repository, consider annotating your entities with one of these annotations: org.springframework.data.redis.core.RedisHash (preferred), or consider extending one of the following types with your repository: org.springframework.data.keyvalue.repository.KeyValueRepository
2026-05-26 23:12:43,173 [main] INFO  o.s.d.r.c.RepositoryConfigurationExtensionSupport  - Spring Data Redis - Could not safely identify store assignment for repository candidate interface cn.edu.sdu.java.server.repositorys.SchoolBusScheduleRepository; If you want this repository to be a Redis repository, consider annotating your entities with one of these annotations: org.springframework.data.redis.core.RedisHash (preferred), or consider extending one of the following types with your repository: org.springframework.data.keyvalue.repository.KeyValueRepository
2026-05-26 23:12:43,175 [main] INFO  o.s.d.r.c.RepositoryConfigurationExtensionSupport  - Spring Data Redis - Could not safely identify store assignment for repository candidate interface cn.edu.sdu.java.server.repositorys.ScoreRepository; If you want this repository to be a Redis repository, consider annotating your entities with one of these annotations: org.springframework.data.redis.core.RedisHash (preferred), or consider extending one of the following types with your repository: org.springframework.data.keyvalue.repository.KeyValueRepository
2026-05-26 23:12:43,175 [main] INFO  o.s.d.r.c.RepositoryConfigurationExtensionSupport  - Spring Data Redis - Could not safely identify store assignment for repository candidate interface cn.edu.sdu.java.server.repositorys.StatisticsDayRepository; If you want this repository to be a Redis repository, consider annotating your entities with one of these annotations: org.springframework.data.redis.core.RedisHash (preferred), or consider extending one of the following types with your repository: org.springframework.data.keyvalue.repository.KeyValueRepository
2026-05-26 23:12:43,175 [main] INFO  o.s.d.r.c.RepositoryConfigurationExtensionSupport  - Spring Data Redis - Could not safely identify store assignment for repository candidate interface cn.edu.sdu.java.server.repositorys.StudentLeaveRepository; If you want this repository to be a Redis repository, consider annotating your entities with one of these annotations: org.springframework.data.redis.core.RedisHash (preferred), or consider extending one of the following types with your repository: org.springframework.data.keyvalue.repository.KeyValueRepository
2026-05-26 23:12:43,175 [main] INFO  o.s.d.r.c.RepositoryConfigurationExtensionSupport  - Spring Data Redis - Could not safely identify store assignment for repository candidate interface cn.edu.sdu.java.server.repositorys.StudentRepository; If you want this repository to be a Redis repository, consider annotating your entities with one of these annotations: org.springframework.data.redis.core.RedisHash (preferred), or consider extending one of the following types with your repository: org.springframework.data.keyvalue.repository.KeyValueRepository
2026-05-26 23:12:43,175 [main] INFO  o.s.d.r.c.RepositoryConfigurationExtensionSupport  - Spring Data Redis - Could not safely identify store assignment for repository candidate interface cn.edu.sdu.java.server.repositorys.StudentStatisticsRepository; If you want this repository to be a Redis repository, consider annotating your entities with one of these annotations: org.springframework.data.redis.core.RedisHash (preferred), or consider extending one of the following types with your repository: org.springframework.data.keyvalue.repository.KeyValueRepository
2026-05-26 23:12:43,175 [main] INFO  o.s.d.r.c.RepositoryConfigurationExtensionSupport  - Spring Data Redis - Could not safely identify store assignment for repository candidate interface cn.edu.sdu.java.server.repositorys.SystemInfoRepository; If you want this repository to be a Redis repository, consider annotating your entities with one of these annotations: org.springframework.data.redis.core.RedisHash (preferred), or consider extending one of the following types with your repository: org.springframework.data.keyvalue.repository.KeyValueRepository
2026-05-26 23:12:43,175 [main] INFO  o.s.d.r.c.RepositoryConfigurationExtensionSupport  - Spring Data Redis - Could not safely identify store assignment for repository candidate interface cn.edu.sdu.java.server.repositorys.TeacherRepository; If you want this repository to be a Redis repository, consider annotating your entities with one of these annotations: org.springframework.data.redis.core.RedisHash (preferred), or consider extending one of the following types with your repository: org.springframework.data.keyvalue.repository.KeyValueRepository
2026-05-26 23:12:43,175 [main] INFO  o.s.d.r.c.RepositoryConfigurationExtensionSupport  - Spring Data Redis - Could not safely identify store assignment for repository candidate interface cn.edu.sdu.java.server.repositorys.UserRepository; If you want this repository to be a Redis repository, consider annotating your entities with one of these annotations: org.springframework.data.redis.core.RedisHash (preferred), or consider extending one of the following types with your repository: org.springframework.data.keyvalue.repository.KeyValueRepository
2026-05-26 23:12:43,175 [main] INFO  o.s.d.r.c.RepositoryConfigurationExtensionSupport  - Spring Data Redis - Could not safely identify store assignment for repository candidate interface cn.edu.sdu.java.server.repositorys.UserTypeRepository; If you want this repository to be a Redis repository, consider annotating your entities with one of these annotations: org.springframework.data.redis.core.RedisHash (preferred), or consider extending one of the following types with your repository: org.springframework.data.keyvalue.repository.KeyValueRepository
2026-05-26 23:12:43,175 [main] INFO  o.s.d.r.c.RepositoryConfigurationDelegate          - Finished Spring Data repository scanning in 17 ms. Found 0 Redis repository interfaces.
2026-05-26 23:12:43,689 [main] INFO  o.s.b.w.embedded.tomcat.TomcatWebServer            - Tomcat initialized with port 22222 (http)
2026-05-26 23:12:43,701 [main] INFO  o.apache.coyote.http11.Http11NioProtocol           - Initializing ProtocolHandler ["http-nio-22222"]
2026-05-26 23:12:43,703 [main] INFO  o.apache.catalina.core.StandardService             - Starting service [Tomcat]
2026-05-26 23:12:43,703 [main] INFO  org.apache.catalina.core.StandardEngine            - Starting Servlet engine: [Apache Tomcat/10.1.34]
2026-05-26 23:12:43,772 [main] INFO  o.a.c.c.C.[Tomcat].[localhost].[/]                 - Initializing Spring embedded WebApplicationContext
2026-05-26 23:12:43,773 [main] INFO  o.s.b.w.s.c.ServletWebServerApplicationContext     - Root WebApplicationContext: initialization completed in 1557 ms
2026-05-26 23:12:43,884 [main] INFO  o.hibernate.jpa.internal.util.LogHelper            - HHH000204: Processing PersistenceUnitInfo [name: default]
2026-05-26 23:12:43,939 [main] INFO  org.hibernate.Version                              - HHH000412: Hibernate ORM core version 6.6.5.Final
2026-05-26 23:12:43,974 [main] INFO  o.h.c.internal.RegionFactoryInitiator              - HHH000026: Second-level cache disabled
2026-05-26 23:12:44,250 [main] INFO  o.s.o.j.p.SpringPersistenceUnitInfo                - No LoadTimeWeaver setup: ignoring JPA class transformer
2026-05-26 23:12:44,278 [main] INFO  com.zaxxer.hikari.HikariDataSource                 - HikariPool-1 - Starting...
2026-05-26 23:12:53,916 [main] INFO  com.zaxxer.hikari.pool.HikariPool                  - HikariPool-1 - Added connection com.mysql.cj.jdbc.ConnectionImpl@60e67c06
2026-05-26 23:12:53,919 [main] INFO  com.zaxxer.hikari.HikariDataSource                 - HikariPool-1 - Start completed.
2026-05-26 23:12:53,993 [main] INFO  org.hibernate.orm.connections.pooling              - HHH10001005: Database info:
	Database JDBC URL [Connecting through datasource 'HikariDataSource (HikariPool-1)']
	Database driver: undefined/unknown
	Database version: 8.0.35
	Autocommit mode: undefined/unknown
	Isolation level: undefined/unknown
	Minimum pool size: undefined/unknown
	Maximum pool size: undefined/unknown
2026-05-26 23:12:54,814 [main] INFO  o.h.e.t.j.p.i.JtaPlatformInitiator                 - HHH000489: No JTA platform available (set 'hibernate.transaction.jta.platform' to enable JTA platform integration)
2026-05-26 23:12:55,110 [main] INFO  o.s.o.j.LocalContainerEntityManagerFactoryBean     - Initialized JPA EntityManagerFactory for persistence unit 'default'
2026-05-26 23:12:55,283 [main] INFO  o.s.d.j.r.query.QueryEnhancerFactory               - Hibernate is in classpath; If applicable, HQL parser will be used.
2026-05-26 23:12:55,675 [main] WARN  o.s.b.a.o.j.JpaBaseConfiguration$JpaWebConfiguration - spring.jpa.open-in-view is enabled by default. Therefore, database queries may be performed during view rendering. Explicitly configure spring.jpa.open-in-view to disable this warning
2026-05-26 23:12:55,963 [main] INFO  o.s.s.c.a.a.c.InitializeAuthenticationProviderBeanManagerConfigurer$InitializeAuthenticationProviderManagerConfigurer - Global AuthenticationManager configured with AuthenticationProvider bean with name authenticationProvider
2026-05-26 23:12:55,963 [main] WARN  o.s.s.c.a.a.c.InitializeUserDetailsBeanManagerConfigurer$InitializeUserDetailsManagerConfigurer - Global AuthenticationManager configured with an AuthenticationProvider bean. UserDetailsService beans will not be used by Spring Security for automatically configuring username/password login. Consider removing the AuthenticationProvider bean. Alternatively, consider using the UserDetailsService in a manually instantiated DaoAuthenticationProvider. If the current configuration is intentional, to turn off this warning, increase the logging level of 'org.springframework.security.config.annotation.authentication.configuration.InitializeUserDetailsBeanManagerConfigurer' to ERROR
2026-05-26 23:12:56,758 [main] INFO  o.s.b.a.w.s.WelcomePageHandlerMapping              - Adding welcome page: class path resource [public/index.html]
2026-05-26 23:12:57,233 [main] INFO  o.apache.coyote.http11.Http11NioProtocol           - Starting ProtocolHandler ["http-nio-22222"]
2026-05-26 23:12:57,251 [main] INFO  o.s.b.w.embedded.tomcat.TomcatWebServer            - Tomcat started on port 22222 (http) with context path '/'
2026-05-26 23:12:57,257 [main] INFO  c.e.s.java.server.JavaServerApplication            - Started JavaServerApplication in 15.799 seconds (process running for 16.387)
2026-05-26 23:12:57,259 [main] INFO  c.e.s.j.server.SystemApplicationListener           - org.springframework.boot.context.event.ApplicationReadyEvent[source=org.springframework.boot.SpringApplication@57586584]
2026-05-26 23:12:57,259 [main] INFO  c.e.s.j.server.SystemApplicationListener           - SystemInitStart
2026-05-26 23:12:57,436 [main] INFO  c.e.s.j.server.SystemApplicationListener           - systemInitEnd
2026-05-26 23:13:10,068 [http-nio-22222-exec-1] INFO  o.a.c.c.C.[Tomcat].[localhost].[/]                 - Initializing Spring DispatcherServlet 'dispatcherServlet'
2026-05-26 23:13:10,068 [http-nio-22222-exec-1] INFO  o.s.web.servlet.DispatcherServlet                  - Initializing Servlet 'dispatcherServlet'
2026-05-26 23:13:10,070 [http-nio-22222-exec-1] INFO  o.s.web.servlet.DispatcherServlet                  - Completed initialization in 2 ms
2026-05-26 23:13:10,756 [http-nio-22222-exec-3] INFO  c.e.s.j.s.c.JwtAuthenticationFilter                - /api/base/getDataBaseUserName,admin,2026-05-26 23:13:10,0.062
2026-05-26 23:13:11,005 [http-nio-22222-exec-2] INFO  c.e.s.j.s.c.JwtAuthenticationFilter                - /api/base/getMenuList,admin,2026-05-26 23:13:10,0.235
2026-05-26 23:13:13,967 [http-nio-22222-exec-4] INFO  c.e.s.j.s.c.JwtAuthenticationFilter                - /api/course/getCourseList,admin,2026-05-26 23:13:13,0.07
2026-05-26 23:13:14,046 [http-nio-22222-exec-5] INFO  c.e.s.j.s.c.JwtAuthenticationFilter                - /api/courseware/getCoursewareList,admin,2026-05-26 23:13:13,0.067
2026-05-26 23:13:14,126 [http-nio-22222-exec-6] INFO  c.e.s.j.s.c.JwtAuthenticationFilter                - /api/courseware/getCoursewareList,admin,2026-05-26 23:13:14,0.06
2026-05-26 23:13:21,002 [http-nio-22222-exec-3] INFO  c.e.s.j.s.c.JwtAuthenticationFilter                - /api/courseware/delete,admin,2026-05-26 23:13:20,0.243
2026-05-26 23:13:21,087 [http-nio-22222-exec-2] INFO  c.e.s.j.s.c.JwtAuthenticationFilter                - /api/courseware/getCoursewareList,admin,2026-05-26 23:13:21,0.052
2026-05-26 23:13:35,849 [http-nio-22222-exec-6] INFO  c.e.s.j.s.c.JwtAuthenticationFilter                - /api/courseware/upload,admin,2026-05-26 23:13:35,0.325
2026-05-26 23:13:35,940 [http-nio-22222-exec-7] INFO  c.e.s.j.s.c.JwtAuthenticationFilter                - /api/courseware/getCoursewareList,admin,2026-05-26 23:13:35,0.048
2026-05-26 23:13:38,543 [http-nio-22222-exec-10] INFO  c.e.s.j.s.c.JwtAuthenticationFilter                - /api/courseware/download/10,admin,2026-05-26 23:13:38,0.286
2026-05-26 23:13:41,917 [http-nio-22222-exec-8] INFO  c.e.s.j.s.c.JwtAuthenticationFilter                - /api/courseware/download/10,admin,2026-05-26 23:13:41,0.285
2026-05-26 23:14:05,376 [http-nio-22222-exec-1] INFO  c.e.s.j.s.c.JwtAuthenticationFilter                - /api/schoolbus/getCampusList,admin,2026-05-26 23:14:05,0.135
2026-05-26 23:14:05,450 [http-nio-22222-exec-3] INFO  c.e.s.j.s.c.JwtAuthenticationFilter                - /api/schoolbus/getAllSchedules,admin,2026-05-26 23:14:05,0.067
2026-05-26 23:14:05,505 [http-nio-22222-exec-2] INFO  c.e.s.j.s.c.JwtAuthenticationFilter                - /api/courseware/getCoursewareList,admin,2026-05-26 23:14:05,0.047
2026-05-26 23:14:05,571 [http-nio-22222-exec-5] INFO  c.e.s.j.s.c.JwtAuthenticationFilter                - /api/schoolbus/getAllSchedules,admin,2026-05-26 23:14:05,0.061
2026-05-26 23:14:35,866 [http-nio-22222-exec-3] INFO  c.e.s.j.s.c.JwtAuthenticationFilter                - /api/schoolbus/saveSchedule,admin,2026-05-26 23:14:35,0.217
2026-05-26 23:14:35,939 [http-nio-22222-exec-2] INFO  c.e.s.j.s.c.JwtAuthenticationFilter                - /api/schoolbus/getAllSchedules,admin,2026-05-26 23:14:35,0.045
2026-05-26 23:14:46,276 [http-nio-22222-exec-10] INFO  c.e.s.j.s.c.JwtAuthenticationFilter                - /api/base/getDataBaseUserName,2022030001,2026-05-26 23:14:46,0.053
2026-05-26 23:14:46,493 [http-nio-22222-exec-7] INFO  c.e.s.j.s.c.JwtAuthenticationFilter                - /api/base/getMenuList,2022030001,2026-05-26 23:14:46,0.206
2026-05-26 23:14:48,770 [http-nio-22222-exec-8] INFO  c.e.s.j.s.c.JwtAuthenticationFilter                - /api/schoolbus/getCampusList,2022030001,2026-05-26 23:14:48,0.065
2026-05-26 23:14:48,844 [http-nio-22222-exec-9] INFO  c.e.s.j.s.c.JwtAuthenticationFilter                - /api/schoolbus/getActiveSchedules,2022030001,2026-05-26 23:14:48,0.06
2026-05-26 23:14:48,916 [http-nio-22222-exec-1] INFO  c.e.s.j.s.c.JwtAuthenticationFilter                - /api/schoolbus/getActiveSchedules,2022030001,2026-05-26 23:14:48,0.06
2026-05-26 23:14:49,442 [http-nio-22222-exec-6] INFO  c.e.s.j.s.c.JwtAuthenticationFilter                - /api/schoolbus/getCampusList,2022030001,2026-05-26 23:14:49,0.049
2026-05-26 23:14:49,817 [http-nio-22222-exec-10] INFO  c.e.s.j.s.c.JwtAuthenticationFilter                - /api/schoolbus/getMyReservations,2022030001,2026-05-26 23:14:49,0.368
2026-05-26 23:14:49,896 [http-nio-22222-exec-7] INFO  c.e.s.j.s.c.JwtAuthenticationFilter                - /api/schoolbus/getActiveSchedules,2022030001,2026-05-26 23:14:49,0.065
2026-05-26 23:14:50,279 [http-nio-22222-exec-8] INFO  c.e.s.j.s.c.JwtAuthenticationFilter                - /api/schoolbus/getMyReservations,2022030001,2026-05-26 23:14:49,0.369
2026-05-26 23:14:52,617 [http-nio-22222-exec-9] INFO  c.e.s.j.s.c.JwtAuthenticationFilter                - /api/schoolbus/getMyReservations,2022030001,2026-05-26 23:14:52,0.343
2026-05-26 23:14:52,684 [http-nio-22222-exec-1] INFO  c.e.s.j.s.c.JwtAuthenticationFilter                - /api/schoolbus/getActiveSchedules,2022030001,2026-05-26 23:14:52,0.054
2026-05-26 23:15:03,010 [http-nio-22222-exec-8] INFO  c.e.s.j.s.c.JwtAuthenticationFilter                - /api/schoolbus/getSchedulesByRoute,2022030001,2026-05-26 23:15:02,0.071
2026-05-26 23:15:22,607 [http-nio-22222-exec-5] INFO  c.e.s.j.s.c.JwtAuthenticationFilter                - /api/base/getDataBaseUserName,admin,2026-05-26 23:15:22,0.038
2026-05-26 23:15:22,879 [http-nio-22222-exec-6] INFO  c.e.s.j.s.c.JwtAuthenticationFilter                - /api/base/getMenuList,admin,2026-05-26 23:15:22,0.265
2026-05-26 23:15:51,152 [http-nio-22222-exec-3] INFO  c.e.s.j.s.c.JwtAuthenticationFilter                - /api/practice/getReviewProjectList,admin,2026-05-26 23:15:51,0.109
2026-05-26 23:15:51,225 [http-nio-22222-exec-7] INFO  c.e.s.j.s.c.JwtAuthenticationFilter                - /api/practice/getKeyTopicList,admin,2026-05-26 23:15:51,0.058
2026-05-26 23:15:51,369 [http-nio-22222-exec-8] INFO  c.e.s.j.s.c.JwtAuthenticationFilter                - /api/practice/getReviewProjectList,admin,2026-05-26 23:15:51,0.132
2026-05-26 23:15:51,456 [http-nio-22222-exec-9] INFO  c.e.s.j.s.c.JwtAuthenticationFilter                - /api/practice/getKeyTopicList,admin,2026-05-26 23:15:51,0.069
2026-05-26 23:15:55,366 [http-nio-22222-exec-4] INFO  c.e.s.j.s.c.JwtAuthenticationFilter                - /api/practice/getReviewProjectList,admin,2026-05-26 23:15:55,0.09
2026-05-26 23:15:55,435 [http-nio-22222-exec-5] INFO  c.e.s.j.s.c.JwtAuthenticationFilter                - /api/practice/getKeyTopicList,admin,2026-05-26 23:15:55,0.058
2026-05-26 23:15:55,861 [http-nio-22222-exec-6] INFO  c.e.s.j.s.c.JwtAuthenticationFilter                - /api/practice/getReviewProjectList,admin,2026-05-26 23:15:55,0.116
2026-05-26 23:15:55,932 [http-nio-22222-exec-10] INFO  c.e.s.j.s.c.JwtAuthenticationFilter                - /api/practice/getKeyTopicList,admin,2026-05-26 23:15:55,0.059
2026-05-26 23:15:56,346 [http-nio-22222-exec-2] INFO  c.e.s.j.s.c.JwtAuthenticationFilter                - /api/practice/getReviewProjectList,admin,2026-05-26 23:15:56,0.311
2026-05-26 23:15:56,605 [http-nio-22222-exec-3] INFO  c.e.s.j.s.c.JwtAuthenticationFilter                - /api/practice/getKeyTopicList,admin,2026-05-26 23:15:56,0.249
2026-05-26 23:16:00,926 [http-nio-22222-exec-10] INFO  c.e.s.j.s.c.JwtAuthenticationFilter                - /api/base/getDataBaseUserName,2022030001,2026-05-26 23:16:00,0.052
2026-05-26 23:16:01,150 [http-nio-22222-exec-9] INFO  c.e.s.j.s.c.JwtAuthenticationFilter                - /api/base/getMenuList,2022030001,2026-05-26 23:16:00,0.214
2026-05-26 23:16:06,378 [http-nio-22222-exec-2] INFO  c.e.s.j.s.c.JwtAuthenticationFilter                - /api/practice/getMyProjectList,2022030001,2026-05-26 23:16:06,0.128
2026-05-26 23:16:06,471 [http-nio-22222-exec-3] INFO  c.e.s.j.s.c.JwtAuthenticationFilter                - /api/practice/getMyProjectList,2022030001,2026-05-26 23:16:06,0.083
2026-05-26 23:16:08,054 [http-nio-22222-exec-4] INFO  c.e.s.j.s.c.JwtAuthenticationFilter                - /api/student/getStudentList,2022030001,2026-05-26 23:16:07,0.079
2026-05-26 23:17:02,821 [http-nio-22222-exec-9] INFO  c.e.s.j.s.c.JwtAuthenticationFilter                - /api/practice/saveProject,2022030001,2026-05-26 23:17:02,0.368
2026-05-26 23:17:02,923 [http-nio-22222-exec-2] INFO  c.e.s.j.s.c.JwtAuthenticationFilter                - /api/practice/getMyProjectList,2022030001,2026-05-26 23:17:02,0.067
2026-05-26 23:17:07,577 [http-nio-22222-exec-6] INFO  c.e.s.j.s.c.JwtAuthenticationFilter                - /api/base/getDataBaseUserName,22,2026-05-26 23:17:07,0.04
2026-05-26 23:17:07,768 [http-nio-22222-exec-5] INFO  c.e.s.j.s.c.JwtAuthenticationFilter                - /api/base/getMenuList,22,2026-05-26 23:17:07,0.186
2026-05-26 23:17:09,746 [http-nio-22222-exec-4] INFO  c.e.s.j.s.c.JwtAuthenticationFilter                - /api/practice/getReviewProjectList,22,2026-05-26 23:17:09,0.067
2026-05-26 23:17:09,799 [http-nio-22222-exec-8] INFO  c.e.s.j.s.c.JwtAuthenticationFilter                - /api/practice/getKeyTopicList,22,2026-05-26 23:17:09,0.045
2026-05-26 23:17:09,864 [http-nio-22222-exec-10] INFO  c.e.s.j.s.c.JwtAuthenticationFilter                - /api/practice/getReviewProjectList,22,2026-05-26 23:17:09,0.056
2026-05-26 23:17:09,912 [http-nio-22222-exec-9] INFO  c.e.s.j.s.c.JwtAuthenticationFilter                - /api/practice/getKeyTopicList,22,2026-05-26 23:17:09,0.038
2026-05-26 23:17:12,706 [http-nio-22222-exec-4] INFO  c.e.s.j.s.c.JwtAuthenticationFilter                - /api/practice/getProjectDetail,22,2026-05-26 23:17:12,0.097
2026-05-26 23:17:14,685 [http-nio-22222-exec-8] INFO  c.e.s.j.s.c.JwtAuthenticationFilter                - /api/practice/reviewProject,22,2026-05-26 23:17:14,0.315
2026-05-26 23:17:14,806 [http-nio-22222-exec-10] INFO  c.e.s.j.s.c.JwtAuthenticationFilter                - /api/practice/getReviewProjectList,22,2026-05-26 23:17:14,0.089
2026-05-26 23:17:17,852 [http-nio-22222-exec-7] INFO  c.e.s.j.s.c.JwtAuthenticationFilter                - /api/practice/getReviewProjectList,22,2026-05-26 23:17:17,0.088
2026-05-26 23:17:17,919 [http-nio-22222-exec-6] INFO  c.e.s.j.s.c.JwtAuthenticationFilter                - /api/practice/getKeyTopicList,22,2026-05-26 23:17:17,0.056
2026-05-26 23:17:18,739 [http-nio-22222-exec-1] INFO  c.e.s.j.s.c.JwtAuthenticationFilter                - /api/practice/getReviewProjectList,22,2026-05-26 23:17:18,0.098
2026-05-26 23:17:18,807 [http-nio-22222-exec-2] INFO  c.e.s.j.s.c.JwtAuthenticationFilter                - /api/practice/getKeyTopicList,22,2026-05-26 23:17:18,0.058
2026-05-26 23:17:20,989 [http-nio-22222-exec-8] INFO  c.e.s.j.s.c.JwtAuthenticationFilter                - /api/base/getDataBaseUserName,admin,2026-05-26 23:17:20,0.04
2026-05-26 23:17:21,228 [http-nio-22222-exec-10] INFO  c.e.s.j.s.c.JwtAuthenticationFilter                - /api/base/getMenuList,admin,2026-05-26 23:17:20,0.231
2026-05-26 23:17:25,348 [http-nio-22222-exec-3] INFO  c.e.s.j.s.c.JwtAuthenticationFilter                - /api/practice/getReviewProjectList,admin,2026-05-26 23:17:25,0.077
2026-05-26 23:17:25,396 [http-nio-22222-exec-5] INFO  c.e.s.j.s.c.JwtAuthenticationFilter                - /api/practice/getKeyTopicList,admin,2026-05-26 23:17:25,0.038
2026-05-26 23:17:25,475 [http-nio-22222-exec-9] INFO  c.e.s.j.s.c.JwtAuthenticationFilter                - /api/practice/getReviewProjectList,admin,2026-05-26 23:17:25,0.074
2026-05-26 23:17:25,524 [http-nio-22222-exec-7] INFO  c.e.s.j.s.c.JwtAuthenticationFilter                - /api/practice/getKeyTopicList,admin,2026-05-26 23:17:25,0.044
2026-05-26 23:17:26,832 [http-nio-22222-exec-4] INFO  c.e.s.j.s.c.JwtAuthenticationFilter                - /api/practice/getProjectDetail,admin,2026-05-26 23:17:26,0.096
2026-05-26 23:17:28,496 [http-nio-22222-exec-10] INFO  c.e.s.j.s.c.JwtAuthenticationFilter                - /api/practice/updateProjectStatus,admin,2026-05-26 23:17:28,0.174
2026-05-26 23:17:28,604 [http-nio-22222-exec-5] INFO  c.e.s.j.s.c.JwtAuthenticationFilter                - /api/practice/getReviewProjectList,admin,2026-05-26 23:17:28,0.08
2026-05-26 23:17:28,692 [http-nio-22222-exec-8] INFO  c.e.s.j.s.c.JwtAuthenticationFilter                - /api/practice/getProjectDetail,admin,2026-05-26 23:17:28,0.083
2026-05-26 23:17:31,793 [http-nio-22222-exec-9] INFO  c.e.s.j.s.c.JwtAuthenticationFilter                - /api/practice/updateProjectStatus,admin,2026-05-26 23:17:31,0.219
2026-05-26 23:17:31,904 [http-nio-22222-exec-7] INFO  c.e.s.j.s.c.JwtAuthenticationFilter                - /api/practice/getReviewProjectList,admin,2026-05-26 23:17:31,0.085
2026-05-26 23:17:31,999 [http-nio-22222-exec-1] INFO  c.e.s.j.s.c.JwtAuthenticationFilter                - /api/practice/getProjectDetail,admin,2026-05-26 23:17:31,0.09
2026-05-26 23:17:38,626 [http-nio-22222-exec-9] INFO  c.e.s.j.s.c.JwtAuthenticationFilter                - /api/course/getCourseList,admin,2026-05-26 23:17:38,0.055
2026-05-26 23:17:38,698 [http-nio-22222-exec-7] INFO  c.e.s.j.s.c.JwtAuthenticationFilter                - /api/practice/getReviewProjectList,admin,2026-05-26 23:17:38,0.061
2026-05-26 23:17:38,726 [http-nio-22222-exec-1] INFO  c.e.s.j.s.c.JwtAuthenticationFilter                - /api/practice/getKeyTopicList,admin,2026-05-26 23:17:38,0.024
2026-05-26 23:17:43,655 [http-nio-22222-exec-3] INFO  c.e.s.j.s.c.JwtAuthenticationFilter                - /api/schoolbus/getCampusList,admin,2026-05-26 23:17:43,0.497
2026-05-26 23:17:43,963 [http-nio-22222-exec-8] INFO  c.e.s.j.s.c.JwtAuthenticationFilter                - /api/schoolbus/getAllSchedules,admin,2026-05-26 23:17:43,0.297
2026-05-26 23:17:44,365 [http-nio-22222-exec-2] INFO  c.e.s.j.s.c.JwtAuthenticationFilter                - /api/schoolbus/getAllSchedules,admin,2026-05-26 23:17:43,0.388
2026-05-26 23:17:58,962 [http-nio-22222-exec-3] INFO  c.e.s.j.s.c.JwtAuthenticationFilter                - /api/schoolbus/getScheduleReservations,admin,2026-05-26 23:17:58,0.048
2026-05-26 23:18:02,513 [http-nio-22222-exec-8] INFO  c.e.s.j.s.c.JwtAuthenticationFilter                - /api/schoolbus/getAllSchedules,admin,2026-05-26 23:18:02,0.08
